ts,epoch,cam_id,name,cls,box_w,box_h,area_px,aspect,frames,heading,px_per_frame,moving
2026-08-15T19:17,1786821429.3,c89b62d1-35be-4bb8-b22b-a77c2583733c,Eastern Pkwy @ Utica Ave,car,37,31,1147,1.194,1,0.0,0.0,False
2026-08-15T19:17,1786821429.3,c89b62d1-35be-4bb8-b22b-a77c2583733c,Eastern Pkwy @ Utica Ave,car,48,40,1920,1.2,1,0.0,0.0,False
2026-08-15T19:17,1786821433.3,c89b62d1-35be-4bb8-b22b-a77c2583733c,Eastern Pkwy @ Utica Ave,car,85,82,6970,1.037,1,0.0,0.0,False
2026-08-15T19:17,1786821435.3,c89b62d1-35be-4bb8-b22b-a77c2583733c,Eastern Pkwy @ Utica Ave,car,119,94,11186,1.266,1,0.0,0.0,False
2026-08-15T19:17,1786821435.3,c89b62d1-35be-4bb8-b22b-a77c2583733c,Eastern Pkwy @ Utica Ave,car,36,23,828,1.565,1,0.0,0.0,False
2026-08-15T19:17,1786821439.3,c89b62d1-35be-4bb8-b22b-a77c2583733c,Eastern Pkwy @ Utica Ave,car,40,37,1480,1.081,1,0.0,0.0,False
2026-08-15T19:17,1786821429.3,c89b62d1-35be-4bb8-b22b-a77c2583733c,Eastern Pkwy @ Utica Ave,car,85,74,6290,1.149,8,138.4,8.4,True
2026-08-15T19:17,1786821433.3,c89b62d1-35be-4bb8-b22b-a77c2583733c,Eastern Pkwy @ Utica Ave,car,59,46,2714,1.283,7,213.7,0.6,False
2026-08-15T19:17,1786821433.3,c89b62d1-35be-4bb8-b22b-a77c2583733c,Eastern Pkwy @ Utica Ave,car,151,126,19026,1.198,7,139.6,8.87,False
2026-08-15T19:17,1786821433.3,c89b62d1-35be-4bb8-b22b-a77c2583733c,Eastern Pkwy @ Utica Ave,car,54,48,2592,1.125,6,157.5,4.44,True
2026-08-15T19:17,1786821441.3,c89b62d1-35be-4bb8-b22b-a77c2583733c,Eastern Pkwy @ Utica Ave,car,29,24,696,1.208,1,0.0,0.0,False
2026-08-15T19:17,1786821443.3,c89b62d1-35be-4bb8-b22b-a77c2583733c,Eastern Pkwy @ Utica Ave,car,49,31,1519,1.581,1,0.0,0.0,False
2026-08-15T19:17,1786821445.3,c89b62d1-35be-4bb8-b22b-a77c2583733c,Eastern Pkwy @ Utica Ave,truck,58,63,3654,0.921,1,0.0,0.0,False
2026-08-15T19:17,1786821445.3,c89b62d1-35be-4bb8-b22b-a77c2583733c,Eastern Pkwy @ Utica Ave,bus,142,117,16614,1.214,1,0.0,0.0,False
2026-08-15T19:17,1786821425.3,f4c47f52-9c8d-494a-92da-4dcc09a19fab,Eastern Pkwy @ Bedford Ave,car,262,220,57640,1.191,1,0.0,0.0,False
2026-08-15T19:17,1786821427.3,f4c47f52-9c8d-494a-92da-4dcc09a19fab,Eastern Pkwy @ Bedford Ave,car,115,33,3795,3.485,1,0.0,0.0,False
2026-08-15T19:17,1786821429.3,f4c47f52-9c8d-494a-92da-4dcc09a19fab,Eastern Pkwy @ Bedford Ave,car,177,181,32037,0.978,2,60.8,85.96,True
2026-08-15T19:17,1786821429.3,f4c47f52-9c8d-494a-92da-4dcc09a19fab,Eastern Pkwy @ Bedford Ave,moto,118,123,14514,0.959,3,112.6,3.25,False
2026-08-15T19:17,1786821431.3,f4c47f52-9c8d-494a-92da-4dcc09a19fab,Eastern Pkwy @ Bedford Ave,car,224,232,51968,0.966,3,333.4,0.56,False
2026-08-15T19:17,1786821431.3,f4c47f52-9c8d-494a-92da-4dcc09a19fab,Eastern Pkwy @ Bedford Ave,truck,288,420,120960,0.686,3,189.5,1.52,False
2026-08-15T19:17,1786821431.3,f4c47f52-9c8d-494a-92da-4dcc09a19fab,Eastern Pkwy @ Bedford Ave,car,180,180,32400,1.0,3,0.0,1.0,False
2026-08-15T19:17,1786821433.3,f4c47f52-9c8d-494a-92da-4dcc09a19fab,Eastern Pkwy @ Bedford Ave,moto,57,100,5700,0.57,2,65.2,21.48,False
2026-08-15T19:17,1786821427.3,2fe54994-17f6-499d-a3ab-8c6dc9dbda9e,Atlantic Ave @ Bedford Ave,car,58,67,3886,0.866,1,0.0,0.0,False
2026-08-15T19:17,1786821425.3,2fe54994-17f6-499d-a3ab-8c6dc9dbda9e,Atlantic Ave @ Bedford Ave,bus,101,71,7171,1.423,3,284.0,1.03,False
2026-08-15T19:17,1786821427.3,2fe54994-17f6-499d-a3ab-8c6dc9dbda9e,Atlantic Ave @ Bedford Ave,truck,71,98,6958,0.724,3,135.0,0.35,False
2026-08-15T19:17,1786821433.3,2fe54994-17f6-499d-a3ab-8c6dc9dbda9e,Atlantic Ave @ Bedford Ave,car,59,67,3953,0.881,1,0.0,0.0,False
2026-08-15T19:17,1786821439.3,2fe54994-17f6-499d-a3ab-8c6dc9dbda9e,Atlantic Ave @ Bedford Ave,truck,75,87,6525,0.862,1,0.0,0.0,False
2026-08-15T19:17,1786821425.3,2fe54994-17f6-499d-a3ab-8c6dc9dbda9e,Atlantic Ave @ Bedford Ave,car,76,89,6764,0.854,11,104.0,0.62,False
2026-08-15T19:17,1786821425.3,2fe54994-17f6-499d-a3ab-8c6dc9dbda9e,Atlantic Ave @ Bedford Ave,truck,125,152,19000,0.822,11,315.0,0.07,False
2026-08-15T19:17,1786821425.3,2fe54994-17f6-499d-a3ab-8c6dc9dbda9e,Atlantic Ave @ Bedford Ave,bus,48,58,2784,0.828,10,83.7,0.5,False
2026-08-15T19:17,1786821425.3,2fe54994-17f6-499d-a3ab-8c6dc9dbda9e,Atlantic Ave @ Bedford Ave,car,65,71,4615,0.915,9,195.9,0.46,False
2026-08-15T19:17,1786821431.3,2fe54994-17f6-499d-a3ab-8c6dc9dbda9e,Atlantic Ave @ Bedford Ave,car,54,55,2970,0.982,7,230.2,0.65,False
2026-08-15T19:17,1786821439.3,2fe54994-17f6-499d-a3ab-8c6dc9dbda9e,Atlantic Ave @ Bedford Ave,truck,80,108,8640,0.741,3,118.8,5.71,False
2026-08-15T19:17,1786821441.3,2fe54994-17f6-499d-a3ab-8c6dc9dbda9e,Atlantic Ave @ Bedford Ave,bus,96,68,6528,1.412,2,238.8,38.59,True
2026-08-15T19:17,1786821445.3,2fe54994-17f6-499d-a3ab-8c6dc9dbda9e,Atlantic Ave @ Bedford Ave,car,51,39,1989,1.308,1,0.0,0.0,False
2026-08-15T19:17,1786821425.3,2e43a9d0-1df8-4a38-ae20-2e0f359bb55d,Flatbush Ave @ Empire Blvd,car,19,22,418,0.864,1,0.0,0.0,False
2026-08-15T19:17,1786821425.3,2e43a9d0-1df8-4a38-ae20-2e0f359bb55d,Flatbush Ave @ Empire Blvd,car,51,32,1632,1.594,1,0.0,0.0,False
2026-08-15T19:17,1786821425.3,2e43a9d0-1df8-4a38-ae20-2e0f359bb55d,Flatbush Ave @ Empire Blvd,truck,124,78,9672,1.59,2,63.4,2.24,False
2026-08-15T19:17,1786821425.3,2e43a9d0-1df8-4a38-ae20-2e0f359bb55d,Flatbush Ave @ Empire Blvd,truck,103,81,8343,1.272,2,78.7,2.55,False
2026-08-15T19:17,1786821425.3,2e43a9d0-1df8-4a38-ae20-2e0f359bb55d,Flatbush Ave @ Empire Blvd,truck,101,92,9292,1.098,2,14.0,2.06,False
2026-08-15T19:17,1786821425.3,2e43a9d0-1df8-4a38-ae20-2e0f359bb55d,Flatbush Ave @ Empire Blvd,car,20,16,320,1.25,2,180.0,1.0,False
2026-08-15T19:17,1786821427.3,2e43a9d0-1df8-4a38-ae20-2e0f359bb55d,Flatbush Ave @ Empire Blvd,car,125,77,9625,1.623,1,0.0,0.0,False
2026-08-15T19:17,1786821427.3,2e43a9d0-1df8-4a38-ae20-2e0f359bb55d,Flatbush Ave @ Empire Blvd,car,97,93,9021,1.043,1,0.0,0.0,False
2026-08-15T19:17,1786821427.3,2e43a9d0-1df8-4a38-ae20-2e0f359bb55d,Flatbush Ave @ Empire Blvd,truck,37,26,962,1.423,1,0.0,0.0,False
2026-08-15T19:17,1786821429.3,2e43a9d0-1df8-4a38-ae20-2e0f359bb55d,Flatbush Ave @ Empire Blvd,car,97,105,10185,0.924,1,0.0,0.0,False
2026-08-15T19:17,1786821425.3,2e43a9d0-1df8-4a38-ae20-2e0f359bb55d,Flatbush Ave @ Empire Blvd,truck,121,78,9438,1.551,3,206.3,24.82,True
2026-08-15T19:17,1786821429.3,2e43a9d0-1df8-4a38-ae20-2e0f359bb55d,Flatbush Ave @ Empire Blvd,car,50,40,2000,1.25,3,240.9,5.15,False
2026-08-15T19:17,1786821425.3,2e43a9d0-1df8-4a38-ae20-2e0f359bb55d,Flatbush Ave @ Empire Blvd,truck,72,50,3600,1.44,4,28.5,13.27,True
2026-08-15T19:17,1786821433.3,2e43a9d0-1df8-4a38-ae20-2e0f359bb55d,Flatbush Ave @ Empire Blvd,car,18,16,288,1.125,2,90.0,0.5,False
2026-08-15T19:17,1786821435.3,2e43a9d0-1df8-4a38-ae20-2e0f359bb55d,Flatbush Ave @ Empire Blvd,truck,131,99,12969,1.323,1,0.0,0.0,False
2026-08-15T19:17,1786821441.3,2e43a9d0-1df8-4a38-ae20-2e0f359bb55d,Flatbush Ave @ Empire Blvd,car,74,57,4218,1.298,3,32.9,5.06,False
2026-08-15T19:17,1786821441.3,2e43a9d0-1df8-4a38-ae20-2e0f359bb55d,Flatbush Ave @ Empire Blvd,truck,59,62,3658,0.952,2,54.5,12.9,False
2026-08-15T19:17,1786821441.3,2e43a9d0-1df8-4a38-ae20-2e0f359bb55d,Flatbush Ave @ Empire Blvd,car,21,25,525,0.84,2,57.7,11.24,True
2026-08-15T19:17,1786821443.3,2e43a9d0-1df8-4a38-ae20-2e0f359bb55d,Flatbush Ave @ Empire Blvd,truck,73,58,4234,1.259,2,0.0,0.0,False
2026-08-15T19:17,1786821443.3,2e43a9d0-1df8-4a38-ae20-2e0f359bb55d,Flatbush Ave @ Empire Blvd,car,22,25,550,0.88,2,71.6,1.58,False
2026-08-15T19:17,1786821445.3,2e43a9d0-1df8-4a38-ae20-2e0f359bb55d,Flatbush Ave @ Empire Blvd,car,97,57,5529,1.702,1,0.0,0.0,False
2026-08-15T19:17,1786821425.3,1c51b3ec-3d29-4025-928d-4e182e7c0bd5,Grand Army Plaza,truck,203,152,30856,1.336,1,0.0,0.0,False
2026-08-15T19:17,1786821427.3,1c51b3ec-3d29-4025-928d-4e182e7c0bd5,Grand Army Plaza,moto,38,44,1672,0.864,1,0.0,0.0,False
2026-08-15T19:17,1786821427.3,1c51b3ec-3d29-4025-928d-4e182e7c0bd5,Grand Army Plaza,moto,41,60,2460,0.683,1,0.0,0.0,False
2026-08-15T19:17,1786821429.3,1c51b3ec-3d29-4025-928d-4e182e7c0bd5,Grand Army Plaza,car,51,23,1173,2.217,1,0.0,0.0,False
2026-08-15T19:17,1786821431.3,1c51b3ec-3d29-4025-928d-4e182e7c0bd5,Grand Army Plaza,car,138,67,9246,2.06,1,0.0,0.0,False
2026-08-15T19:17,1786821431.3,1c51b3ec-3d29-4025-928d-4e182e7c0bd5,Grand Army Plaza,moto,38,43,1634,0.884,1,0.0,0.0,False
2026-08-15T19:17,1786821431.3,1c51b3ec-3d29-4025-928d-4e182e7c0bd5,Grand Army Plaza,moto,34,32,1088,1.062,1,0.0,0.0,False
2026-08-15T19:17,1786821433.3,1c51b3ec-3d29-4025-928d-4e182e7c0bd5,Grand Army Plaza,car,66,40,2640,1.65,1,0.0,0.0,False
2026-08-15T19:17,1786821431.3,1c51b3ec-3d29-4025-928d-4e182e7c0bd5,Grand Army Plaza,car,151,57,8607,2.649,2,161.6,20.55,False
2026-08-15T19:17,1786821435.3,1c51b3ec-3d29-4025-928d-4e182e7c0bd5,Grand Army Plaza,car,27,18,486,1.5,1,0.0,0.0,False
2026-08-15T19:17,1786821435.3,1c51b3ec-3d29-4025-928d-4e182e7c0bd5,Grand Army Plaza,car,30,21,630,1.429,1,0.0,0.0,False
2026-08-15T19:17,1786821435.3,1c51b3ec-3d29-4025-928d-4e182e7c0bd5,Grand Army Plaza,car,33,16,528,2.062,1,0.0,0.0,False
2026-08-15T19:17,1786821435.3,1c51b3ec-3d29-4025-928d-4e182e7c0bd5,Grand Army Plaza,car,18,19,342,0.947,1,0.0,0.0,False
2026-08-15T19:17,1786821437.3,1c51b3ec-3d29-4025-928d-4e182e7c0bd5,Grand Army Plaza,car,60,37,2220,1.622,1,0.0,0.0,False
2026-08-15T19:17,1786821437.3,1c51b3ec-3d29-4025-928d-4e182e7c0bd5,Grand Army Plaza,car,130,68,8840,1.912,1,0.0,0.0,False
2026-08-15T19:17,1786821431.3,1c51b3ec-3d29-4025-928d-4e182e7c0bd5,Grand Army Plaza,truck,206,154,31724,1.338,7,333.4,0.19,False
2026-08-15T19:17,1786821431.3,1c51b3ec-3d29-4025-928d-4e182e7c0bd5,Grand Army Plaza,car,74,35,2590,2.114,6,350.5,0.61,False
2026-08-15T19:17,1786821433.3,1c51b3ec-3d29-4025-928d-4e182e7c0bd5,Grand Army Plaza,car,72,72,5184,1.0,6,125.6,11.68,True
2026-08-15T19:17,1786821433.3,1c51b3ec-3d29-4025-928d-4e182e7c0bd5,Grand Army Plaza,car,43,31,1333,1.387,3,211.0,5.83,False
2026-08-15T19:17,1786821433.3,1c51b3ec-3d29-4025-928d-4e182e7c0bd5,Grand Army Plaza,car,47,30,1410,1.567,4,270.0,0.17,False
2026-08-15T19:17,1786821437.3,1c51b3ec-3d29-4025-928d-4e182e7c0bd5,Grand Army Plaza,car,32,20,640,1.6,2,45.0,12.02,False
2026-08-15T19:17,1786821439.3,1c51b3ec-3d29-4025-928d-4e182e7c0bd5,Grand Army Plaza,truck,121,77,9317,1.571,1,0.0,0.0,False
2026-08-15T19:17,1786821439.3,1c51b3ec-3d29-4025-928d-4e182e7c0bd5,Grand Army Plaza,car,121,76,9196,1.592,2,163.1,41.28,False
2026-08-15T19:17,1786821439.3,1c51b3ec-3d29-4025-928d-4e182e7c0bd5,Grand Army Plaza,car,28,17,476,1.647,1,0.0,0.0,False
2026-08-15T19:17,1786821441.3,1c51b3ec-3d29-4025-928d-4e182e7c0bd5,Grand Army Plaza,car,28,19,532,1.474,1,0.0,0.0,False
2026-08-15T19:17,1786821441.3,1c51b3ec-3d29-4025-928d-4e182e7c0bd5,Grand Army Plaza,car,25,28,700,0.893,2,105.9,3.64,False
2026-08-15T19:17,1786821441.3,1c51b3ec-3d29-4025-928d-4e182e7c0bd5,Grand Army Plaza,car,27,25,675,1.08,1,0.0,0.0,False
2026-08-15T19:17,1786821443.3,1c51b3ec-3d29-4025-928d-4e182e7c0bd5,Grand Army Plaza,car,167,46,7682,3.63,1,0.0,0.0,False
2026-08-15T19:17,1786821443.3,1c51b3ec-3d29-4025-928d-4e182e7c0bd5,Grand Army Plaza,car,35,26,910,1.346,1,0.0,0.0,False
2026-08-15T19:17,1786821443.3,1c51b3ec-3d29-4025-928d-4e182e7c0bd5,Grand Army Plaza,car,35,34,1190,1.029,1,0.0,0.0,False
2026-08-15T19:17,1786821443.3,1c51b3ec-3d29-4025-928d-4e182e7c0bd5,Grand Army Plaza,truck,74,47,3478,1.574,1,0.0,0.0,False
2026-08-15T19:17,1786821443.3,1c51b3ec-3d29-4025-928d-4e182e7c0bd5,Grand Army Plaza,car,22,15,330,1.467,1,0.0,0.0,False
2026-08-15T19:17,1786821443.3,1c51b3ec-3d29-4025-928d-4e182e7c0bd5,Grand Army Plaza,car,51,22,1122,2.318,1,0.0,0.0,False
2026-08-15T19:17,1786821425.3,cb68b8b1-9093-4f2e-acf2-8133b047e8df,Flatbush Ave @ Eastern Pkwy,car,35,24,840,1.458,1,0.0,0.0,False
2026-08-15T19:17,1786821425.3,cb68b8b1-9093-4f2e-acf2-8133b047e8df,Flatbush Ave @ Eastern Pkwy,truck,39,59,2301,0.661,2,270.0,0.5,False
2026-08-15T19:17,1786821427.3,cb68b8b1-9093-4f2e-acf2-8133b047e8df,Flatbush Ave @ Eastern Pkwy,car,33,21,693,1.571,2,45.0,0.71,False
2026-08-15T19:17,1786821425.3,cb68b8b1-9093-4f2e-acf2-8133b047e8df,Flatbush Ave @ Eastern Pkwy,car,56,31,1736,1.806,4,206.6,0.37,False
2026-08-15T19:17,1786821427.3,cb68b8b1-9093-4f2e-acf2-8133b047e8df,Flatbush Ave @ Eastern Pkwy,car,40,26,1040,1.538,3,333.4,0.56,False
2026-08-15T19:17,1786821433.3,cb68b8b1-9093-4f2e-acf2-8133b047e8df,Flatbush Ave @ Eastern Pkwy,car,32,25,800,1.28,1,0.0,0.0,False
2026-08-15T19:17,1786821435.3,cb68b8b1-9093-4f2e-acf2-8133b047e8df,Flatbush Ave @ Eastern Pkwy,truck,54,46,2484,1.174,1,0.0,0.0,False
2026-08-15T19:17,1786821435.3,cb68b8b1-9093-4f2e-acf2-8133b047e8df,Flatbush Ave @ Eastern Pkwy,car,55,28,1540,1.964,1,0.0,0.0,False
2026-08-15T19:17,1786821437.3,cb68b8b1-9093-4f2e-acf2-8133b047e8df,Flatbush Ave @ Eastern Pkwy,car,23,16,368,1.438,1,0.0,0.0,False
2026-08-15T19:17,1786821433.3,cb68b8b1-9093-4f2e-acf2-8133b047e8df,Flatbush Ave @ Eastern Pkwy,bus,55,45,2475,1.222,3,355.2,6.02,False
2026-08-15T19:17,1786821437.3,cb68b8b1-9093-4f2e-acf2-8133b047e8df,Flatbush Ave @ Eastern Pkwy,car,43,32,1376,1.344,2,75.1,15.52,False
2026-08-15T19:17,1786821429.3,cb68b8b1-9093-4f2e-acf2-8133b047e8df,Flatbush Ave @ Eastern Pkwy,car,53,39,2067,1.359,8,0.0,0.36,False
2026-08-15T19:17,1786821435.3,cb68b8b1-9093-4f2e-acf2-8133b047e8df,Flatbush Ave @ Eastern Pkwy,truck,96,69,6624,1.391,3,176.8,13.27,False
2026-08-15T19:17,1786821439.3,cb68b8b1-9093-4f2e-acf2-8133b047e8df,Flatbush Ave @ Eastern Pkwy,car,123,34,4182,3.618,4,189.5,3.04,False
2026-08-15T19:17,1786821439.3,cb68b8b1-9093-4f2e-acf2-8133b047e8df,Flatbush Ave @ Eastern Pkwy,car,33,23,759,1.435,2,162.9,6.8,False
2026-08-15T19:17,1786821441.3,cb68b8b1-9093-4f2e-acf2-8133b047e8df,Flatbush Ave @ Eastern Pkwy,car,42,31,1302,1.355,3,330.7,11.75,True
2026-08-15T19:17,1786821441.3,cb68b8b1-9093-4f2e-acf2-8133b047e8df,Flatbush Ave @ Eastern Pkwy,car,65,48,3120,1.354,3,231.0,6.75,False
2026-08-15T19:17,1786821443.3,cb68b8b1-9093-4f2e-acf2-8133b047e8df,Flatbush Ave @ Eastern Pkwy,car,22,18,396,1.222,1,0.0,0.0,False
2026-08-15T19:17,1786821445.3,cb68b8b1-9093-4f2e-acf2-8133b047e8df,Flatbush Ave @ Eastern Pkwy,car,22,14,308,1.571,1,0.0,0.0,False
2026-08-15T19:17,1786821425.3,2064d8ab-597a-45d8-a3c9-5ab95a4e69e6,7 Ave @ Union St,car,98,59,5782,1.661,4,180.0,0.67,False
2026-08-15T19:17,1786821435.3,2064d8ab-597a-45d8-a3c9-5ab95a4e69e6,7 Ave @ Union St,car,15,15,225,1.0,1,0.0,0.0,False
2026-08-15T19:17,1786821437.3,2064d8ab-597a-45d8-a3c9-5ab95a4e69e6,7 Ave @ Union St,car,25,19,475,1.316,1,0.0,0.0,False
2026-08-15T19:17,1786821437.3,2064d8ab-597a-45d8-a3c9-5ab95a4e69e6,7 Ave @ Union St,car,54,43,2322,1.256,1,0.0,0.0,False
2026-08-15T19:17,1786821425.3,2064d8ab-597a-45d8-a3c9-5ab95a4e69e6,7 Ave @ Union St,car,74,37,2738,2.0,9,0.0,0.06,False
2026-08-15T19:17,1786821425.3,2064d8ab-597a-45d8-a3c9-5ab95a4e69e6,7 Ave @ Union St,car,49,39,1911,1.256,11,45.0,0.07,False
2026-08-15T19:17,1786821425.3,fde1748c-7c0f-4df8-8acd-120df29a9305,Atlantic Ave @ Eastern Pkwy,car,85,64,5440,1.328,1,0.0,0.0,False
2026-08-15T19:17,1786821425.3,fde1748c-7c0f-4df8-8acd-120df29a9305,Atlantic Ave @ Eastern Pkwy,car,10,48,480,0.208,2,270.0,0.5,False
2026-08-15T19:17,1786821427.3,fde1748c-7c0f-4df8-8acd-120df29a9305,Atlantic Ave @ Eastern Pkwy,truck,35,38,1330,0.921,1,0.0,0.0,False
2026-08-15T19:17,1786821427.3,fde1748c-7c0f-4df8-8acd-120df29a9305,Atlantic Ave @ Eastern Pkwy,car,47,41,1927,1.146,1,0.0,0.0,False
2026-08-15T19:17,1786821425.3,fde1748c-7c0f-4df8-8acd-120df29a9305,Atlantic Ave @ Eastern Pkwy,car,28,21,588,1.333,3,90.0,0.25,False
2026-08-15T19:17,1786821429.3,fde1748c-7c0f-4df8-8acd-120df29a9305,Atlantic Ave @ Eastern Pkwy,car,33,69,2277,0.478,1,0.0,0.0,False
2026-08-15T19:17,1786821431.3,fde1748c-7c0f-4df8-8acd-120df29a9305,Atlantic Ave @ Eastern Pkwy,car,89,57,5073,1.561,1,0.0,0.0,False
2026-08-15T19:17,1786821433.3,fde1748c-7c0f-4df8-8acd-120df29a9305,Atlantic Ave @ Eastern Pkwy,truck,70,90,6300,0.778,1,0.0,0.0,False
2026-08-15T19:17,1786821433.3,fde1748c-7c0f-4df8-8acd-120df29a9305,Atlantic Ave @ Eastern Pkwy,car,47,40,1880,1.175,1,0.0,0.0,False
2026-08-15T19:17,1786821425.3,fde1748c-7c0f-4df8-8acd-120df29a9305,Atlantic Ave @ Eastern Pkwy,car,155,118,18290,1.314,6,305.2,6.24,False
2026-08-15T19:17,1786821427.3,fde1748c-7c0f-4df8-8acd-120df29a9305,Atlantic Ave @ Eastern Pkwy,car,103,70,7210,1.471,5,220.6,1.15,False
2026-08-15T19:17,1786821429.3,fde1748c-7c0f-4df8-8acd-120df29a9305,Atlantic Ave @ Eastern Pkwy,car,51,40,2040,1.275,3,251.6,0.79,False
2026-08-15T19:17,1786821435.3,fde1748c-7c0f-4df8-8acd-120df29a9305,Atlantic Ave @ Eastern Pkwy,car,73,83,6059,0.88,1,0.0,0.0,False
2026-08-15T19:17,1786821435.3,fde1748c-7c0f-4df8-8acd-120df29a9305,Atlantic Ave @ Eastern Pkwy,car,39,22,858,1.773,1,0.0,0.0,False
2026-08-15T19:17,1786821425.3,fde1748c-7c0f-4df8-8acd-120df29a9305,Atlantic Ave @ Eastern Pkwy,car,85,68,5780,1.25,7,135.0,0.12,False
2026-08-15T19:17,1786821433.3,fde1748c-7c0f-4df8-8acd-120df29a9305,Atlantic Ave @ Eastern Pkwy,car,11,50,550,0.22,2,225.0,0.71,False
2026-08-15T19:17,1786821433.3,fde1748c-7c0f-4df8-8acd-120df29a9305,Atlantic Ave @ Eastern Pkwy,truck,106,71,7526,1.493,2,206.6,2.24,False
2026-08-15T19:17,1786821425.3,fde1748c-7c0f-4df8-8acd-120df29a9305,Atlantic Ave @ Eastern Pkwy,car,73,64,4672,1.141,10,161.8,4.62,True
2026-08-15T19:17,1786821425.3,fde1748c-7c0f-4df8-8acd-120df29a9305,Atlantic Ave @ Eastern Pkwy,car,27,28,756,0.964,11,256.0,0.21,False
2026-08-15T19:17,1786821425.3,fde1748c-7c0f-4df8-8acd-120df29a9305,Atlantic Ave @ Eastern Pkwy,car,45,48,2160,0.938,11,236.3,0.54,False
2026-08-15T19:17,1786821425.3,fde1748c-7c0f-4df8-8acd-120df29a9305,Atlantic Ave @ Eastern Pkwy,car,31,37,1147,0.838,9,315.0,0.09,False
2026-08-15T19:17,1786821425.3,fde1748c-7c0f-4df8-8acd-120df29a9305,Atlantic Ave @ Eastern Pkwy,car,46,40,1840,1.15,8,319.9,1.77,False
2026-08-15T19:17,1786821435.3,fde1748c-7c0f-4df8-8acd-120df29a9305,Atlantic Ave @ Eastern Pkwy,truck,120,94,11280,1.277,5,346.7,15.8,True
2026-08-15T19:17,1786821435.3,fde1748c-7c0f-4df8-8acd-120df29a9305,Atlantic Ave @ Eastern Pkwy,car,41,30,1230,1.367,4,236.3,0.6,False
2026-08-15T19:17,1786821441.3,fde1748c-7c0f-4df8-8acd-120df29a9305,Atlantic Ave @ Eastern Pkwy,car,42,35,1470,1.2,2,137.8,21.59,True
2026-08-15T19:17,1786821441.3,fde1748c-7c0f-4df8-8acd-120df29a9305,Atlantic Ave @ Eastern Pkwy,car,43,67,2881,0.642,2,258.7,10.2,False
2026-08-15T19:17,1786821441.3,fde1748c-7c0f-4df8-8acd-120df29a9305,Atlantic Ave @ Eastern Pkwy,truck,62,72,4464,0.861,1,0.0,0.0,False
2026-08-15T19:17,1786821441.3,fde1748c-7c0f-4df8-8acd-120df29a9305,Atlantic Ave @ Eastern Pkwy,car,57,55,3135,1.036,1,0.0,0.0,False
2026-08-15T19:17,1786821441.3,fde1748c-7c0f-4df8-8acd-120df29a9305,Atlantic Ave @ Eastern Pkwy,truck,44,65,2860,0.677,3,225.0,0.71,False
2026-08-15T19:17,1786821441.3,fde1748c-7c0f-4df8-8acd-120df29a9305,Atlantic Ave @ Eastern Pkwy,truck,103,92,9476,1.12,2,31.0,5.83,False
2026-08-15T19:17,1786821441.3,fde1748c-7c0f-4df8-8acd-120df29a9305,Atlantic Ave @ Eastern Pkwy,car,143,101,14443,1.416,3,233.7,25.75,False
2026-08-15T19:17,1786821441.3,fde1748c-7c0f-4df8-8acd-120df29a9305,Atlantic Ave @ Eastern Pkwy,car,45,47,2115,0.957,1,0.0,0.0,False
2026-08-15T19:17,1786821441.3,fde1748c-7c0f-4df8-8acd-120df29a9305,Atlantic Ave @ Eastern Pkwy,car,38,19,722,2.0,2,63.4,1.12,False
2026-08-15T19:17,1786821441.3,fde1748c-7c0f-4df8-8acd-120df29a9305,Atlantic Ave @ Eastern Pkwy,car,50,45,2250,1.111,3,0.0,0.0,False
2026-08-15T19:17,1786821441.3,fde1748c-7c0f-4df8-8acd-120df29a9305,Atlantic Ave @ Eastern Pkwy,car,42,32,1344,1.312,3,95.2,5.52,False
2026-08-15T19:17,1786821443.3,fde1748c-7c0f-4df8-8acd-120df29a9305,Atlantic Ave @ Eastern Pkwy,car,65,74,4810,0.878,2,133.2,34.31,True
2026-08-15T19:17,1786821443.3,fde1748c-7c0f-4df8-8acd-120df29a9305,Atlantic Ave @ Eastern Pkwy,truck,91,96,8736,0.948,1,0.0,0.0,False
2026-08-15T19:17,1786821443.3,fde1748c-7c0f-4df8-8acd-120df29a9305,Atlantic Ave @ Eastern Pkwy,truck,91,67,6097,1.358,1,0.0,0.0,False
2026-08-15T19:17,1786821443.3,fde1748c-7c0f-4df8-8acd-120df29a9305,Atlantic Ave @ Eastern Pkwy,truck,72,63,4536,1.143,1,0.0,0.0,False
2026-08-15T19:17,1786821443.3,fde1748c-7c0f-4df8-8acd-120df29a9305,Atlantic Ave @ Eastern Pkwy,car,25,20,500,1.25,1,0.0,0.0,False
2026-08-15T19:17,1786821443.3,fde1748c-7c0f-4df8-8acd-120df29a9305,Atlantic Ave @ Eastern Pkwy,car,45,48,2160,0.938,2,154.1,18.34,False
2026-08-15T19:17,1786821443.3,fde1748c-7c0f-4df8-8acd-120df29a9305,Atlantic Ave @ Eastern Pkwy,truck,88,74,6512,1.189,1,0.0,0.0,False
2026-08-15T19:17,1786821443.3,fde1748c-7c0f-4df8-8acd-120df29a9305,Atlantic Ave @ Eastern Pkwy,car,91,67,6097,1.358,2,289.4,18.03,False
2026-08-15T19:17,1786821443.3,fde1748c-7c0f-4df8-8acd-120df29a9305,Atlantic Ave @ Eastern Pkwy,car,22,21,462,1.048,2,157.2,10.31,True
2026-08-15T19:17,1786821443.3,fde1748c-7c0f-4df8-8acd-120df29a9305,Atlantic Ave @ Eastern Pkwy,car,44,54,2376,0.815,1,0.0,0.0,False
2026-08-15T19:17,1786821443.3,fde1748c-7c0f-4df8-8acd-120df29a9305,Atlantic Ave @ Eastern Pkwy,car,25,25,625,1.0,2,321.3,3.2,False
2026-08-15T19:17,1786821443.3,fde1748c-7c0f-4df8-8acd-120df29a9305,Atlantic Ave @ Eastern Pkwy,car,22,16,352,1.375,1,0.0,0.0,False
2026-08-15T19:17,1786821445.3,fde1748c-7c0f-4df8-8acd-120df29a9305,Atlantic Ave @ Eastern Pkwy,truck,104,90,9360,1.156,1,0.0,0.0,False
2026-08-15T19:17,1786821445.3,fde1748c-7c0f-4df8-8acd-120df29a9305,Atlantic Ave @ Eastern Pkwy,car,62,61,3782,1.016,1,0.0,0.0,False
2026-08-15T19:17,1786821445.3,fde1748c-7c0f-4df8-8acd-120df29a9305,Atlantic Ave @ Eastern Pkwy,truck,62,61,3782,1.016,1,0.0,0.0,False
2026-08-15T19:17,1786821445.3,fde1748c-7c0f-4df8-8acd-120df29a9305,Atlantic Ave @ Eastern Pkwy,car,50,40,2000,1.25,1,0.0,0.0,False
2026-08-15T19:17,1786821445.3,fde1748c-7c0f-4df8-8acd-120df29a9305,Atlantic Ave @ Eastern Pkwy,car,105,90,9450,1.167,1,0.0,0.0,False
2026-08-15T19:17,1786821445.3,fde1748c-7c0f-4df8-8acd-120df29a9305,Atlantic Ave @ Eastern Pkwy,truck,98,72,7056,1.361,1,0.0,0.0,False
2026-08-15T19:17,1786821425.3,6851bbf7-e079-4379-b021-e5c7dafcb8c9,8 Ave @ 9 St,bus,145,205,29725,0.707,1,0.0,0.0,False
2026-08-15T19:17,1786821425.3,6851bbf7-e079-4379-b021-e5c7dafcb8c9,8 Ave @ 9 St,truck,145,206,29870,0.704,1,0.0,0.0,False
2026-08-15T19:17,1786821427.3,6851bbf7-e079-4379-b021-e5c7dafcb8c9,8 Ave @ 9 St,car,65,37,2405,1.757,1,0.0,0.0,False
2026-08-15T19:17,1786821425.3,6851bbf7-e079-4379-b021-e5c7dafcb8c9,8 Ave @ 9 St,car,71,75,5325,0.947,3,187.4,11.6,False
2026-08-15T19:17,1786821429.3,6851bbf7-e079-4379-b021-e5c7dafcb8c9,8 Ave @ 9 St,car,201,93,18693,2.161,1,0.0,0.0,False
2026-08-15T19:17,1786821429.3,6851bbf7-e079-4379-b021-e5c7dafcb8c9,8 Ave @ 9 St,car,33,24,792,1.375,1,0.0,0.0,False
2026-08-15T19:17,1786821425.3,6851bbf7-e079-4379-b021-e5c7dafcb8c9,8 Ave @ 9 St,car,50,49,2450,1.02,3,329.4,12.78,True
2026-08-15T19:17,1786821427.3,6851bbf7-e079-4379-b021-e5c7dafcb8c9,8 Ave @ 9 St,bus,396,273,108108,1.451,2,182.5,57.05,False
2026-08-15T19:17,1786821429.3,6851bbf7-e079-4379-b021-e5c7dafcb8c9,8 Ave @ 9 St,car,58,62,3596,0.935,2,45.0,4.24,False
2026-08-15T19:17,1786821431.3,6851bbf7-e079-4379-b021-e5c7dafcb8c9,8 Ave @ 9 St,truck,65,62,4030,1.048,1,0.0,0.0,False
2026-08-15T19:17,1786821431.3,6851bbf7-e079-4379-b021-e5c7dafcb8c9,8 Ave @ 9 St,truck,66,64,4224,1.031,1,0.0,0.0,False
2026-08-15T19:17,1786821431.3,6851bbf7-e079-4379-b021-e5c7dafcb8c9,8 Ave @ 9 St,car,53,43,2279,1.233,1,0.0,0.0,False
2026-08-15T19:17,1786821431.3,6851bbf7-e079-4379-b021-e5c7dafcb8c9,8 Ave @ 9 St,car,97,59,5723,1.644,1,0.0,0.0,False
2026-08-15T19:17,1786821425.3,6851bbf7-e079-4379-b021-e5c7dafcb8c9,8 Ave @ 9 St,car,180,199,35820,0.905,4,136.4,44.91,True
2026-08-15T19:17,1786821429.3,6851bbf7-e079-4379-b021-e5c7dafcb8c9,8 Ave @ 9 St,car,38,40,1520,0.95,2,299.1,15.44,False
2026-08-15T19:17,1786821433.3,6851bbf7-e079-4379-b021-e5c7dafcb8c9,8 Ave @ 9 St,moto,54,79,4266,0.684,1,0.0,0.0,False
2026-08-15T19:17,1786821431.3,6851bbf7-e079-4379-b021-e5c7dafcb8c9,8 Ave @ 9 St,car,115,116,13340,0.991,2,357.9,41.53,False
2026-08-15T19:17,1786821433.3,6851bbf7-e079-4379-b021-e5c7dafcb8c9,8 Ave @ 9 St,car,35,33,1155,1.061,2,150.9,5.15,False
2026-08-15T19:17,1786821435.3,6851bbf7-e079-4379-b021-e5c7dafcb8c9,8 Ave @ 9 St,car,99,109,10791,0.908,1,0.0,0.0,False
2026-08-15T19:17,1786821435.3,6851bbf7-e079-4379-b021-e5c7dafcb8c9,8 Ave @ 9 St,truck,173,133,23009,1.301,1,0.0,0.0,False
2026-08-15T19:17,1786821435.3,6851bbf7-e079-4379-b021-e5c7dafcb8c9,8 Ave @ 9 St,car,172,134,23048,1.284,1,0.0,0.0,False
2026-08-15T19:17,1786821437.3,6851bbf7-e079-4379-b021-e5c7dafcb8c9,8 Ave @ 9 St,car,47,36,1692,1.306,1,0.0,0.0,False
2026-08-15T19:17,1786821425.3,6851bbf7-e079-4379-b021-e5c7dafcb8c9,8 Ave @ 9 St,car,116,76,8816,1.526,9,270.0,0.06,False
2026-08-15T19:17,1786821425.3,6851bbf7-e079-4379-b021-e5c7dafcb8c9,8 Ave @ 9 St,car,79,48,3792,1.646,10,225.0,0.16,False
2026-08-15T19:17,1786821429.3,6851bbf7-e079-4379-b021-e5c7dafcb8c9,8 Ave @ 9 St,truck,116,77,8932,1.506,8,0.0,0.0,False
2026-08-15T19:17,1786821431.3,6851bbf7-e079-4379-b021-e5c7dafcb8c9,8 Ave @ 9 St,car,65,62,4030,1.048,7,334.8,6.08,True
2026-08-15T19:17,1786821431.3,6851bbf7-e079-4379-b021-e5c7dafcb8c9,8 Ave @ 9 St,car,43,32,1376,1.344,6,346.0,0.41,False
2026-08-15T19:17,1786821433.3,6851bbf7-e079-4379-b021-e5c7dafcb8c9,8 Ave @ 9 St,car,64,70,4480,0.914,4,285.4,5.01,False
2026-08-15T19:17,1786821435.3,6851bbf7-e079-4379-b021-e5c7dafcb8c9,8 Ave @ 9 St,car,29,33,957,0.879,4,236.3,0.6,False
2026-08-15T19:17,1786821437.3,6851bbf7-e079-4379-b021-e5c7dafcb8c9,8 Ave @ 9 St,car,72,64,4608,1.125,4,0.0,0.17,False
2026-08-15T19:17,1786821439.3,6851bbf7-e079-4379-b021-e5c7dafcb8c9,8 Ave @ 9 St,car,57,38,2166,1.5,1,0.0,0.0,False
2026-08-15T19:17,1786821441.3,6851bbf7-e079-4379-b021-e5c7dafcb8c9,8 Ave @ 9 St,car,42,46,1932,0.913,1,0.0,0.0,False
2026-08-15T19:17,1786821427.3,74707723-013b-4bf1-9a8b-c209dbf71984,Bushwick Ave @ Gates Ave,car,138,124,17112,1.113,1,0.0,0.0,False
2026-08-15T19:17,1786821429.3,74707723-013b-4bf1-9a8b-c209dbf71984,Bushwick Ave @ Gates Ave,car,26,26,676,1.0,1,0.0,0.0,False
2026-08-15T19:17,1786821425.3,74707723-013b-4bf1-9a8b-c209dbf71984,Bushwick Ave @ Gates Ave,car,101,136,13736,0.743,4,296.6,0.37,False
2026-08-15T19:17,1786821425.3,74707723-013b-4bf1-9a8b-c209dbf71984,Bushwick Ave @ Gates Ave,truck,52,45,2340,1.156,5,333.4,0.28,False
2026-08-15T19:17,1786821433.3,74707723-013b-4bf1-9a8b-c209dbf71984,Bushwick Ave @ Gates Ave,car,157,45,7065,3.489,1,0.0,0.0,False
2026-08-15T19:17,1786821435.3,74707723-013b-4bf1-9a8b-c209dbf71984,Bushwick Ave @ Gates Ave,car,119,109,12971,1.092,1,0.0,0.0,False
2026-08-15T19:17,1786821435.3,74707723-013b-4bf1-9a8b-c209dbf71984,Bushwick Ave @ Gates Ave,car,30,31,930,0.968,2,239.3,15.69,True
2026-08-15T19:17,1786821437.3,74707723-013b-4bf1-9a8b-c209dbf71984,Bushwick Ave @ Gates Ave,car,63,48,3024,1.312,1,0.0,0.0,False
2026-08-15T19:17,1786821437.3,74707723-013b-4bf1-9a8b-c209dbf71984,Bushwick Ave @ Gates Ave,car,19,21,399,0.905,2,330.3,4.03,False
2026-08-15T19:17,1786821439.3,74707723-013b-4bf1-9a8b-c209dbf71984,Bushwick Ave @ Gates Ave,car,16,15,240,1.067,1,0.0,0.0,False
2026-08-15T19:17,1786821439.3,74707723-013b-4bf1-9a8b-c209dbf71984,Bushwick Ave @ Gates Ave,truck,54,44,2376,1.227,1,0.0,0.0,False
2026-08-15T19:17,1786821425.3,74707723-013b-4bf1-9a8b-c209dbf71984,Bushwick Ave @ Gates Ave,truck,61,108,6588,0.565,11,333.4,0.22,False
2026-08-15T19:17,1786821429.3,74707723-013b-4bf1-9a8b-c209dbf71984,Bushwick Ave @ Gates Ave,car,54,44,2376,1.227,7,18.4,0.53,False
2026-08-15T19:17,1786821433.3,74707723-013b-4bf1-9a8b-c209dbf71984,Bushwick Ave @ Gates Ave,car,21,18,378,1.167,5,306.9,0.62,False
2026-08-15T19:17,1786821441.3,74707723-013b-4bf1-9a8b-c209dbf71984,Bushwick Ave @ Gates Ave,car,12,12,144,1.0,1,0.0,0.0,False
2026-08-15T19:17,1786821445.3,74707723-013b-4bf1-9a8b-c209dbf71984,Bushwick Ave @ Gates Ave,car,20,22,440,0.909,1,0.0,0.0,False
2026-08-15T19:17,1786821425.3,a8805cdb-e305-42d0-b011-cb825380cf8e,Bushwick Ave @ Cooper St,truck,109,115,12535,0.948,1,0.0,0.0,False
2026-08-15T19:17,1786821425.3,a8805cdb-e305-42d0-b011-cb825380cf8e,Bushwick Ave @ Cooper St,truck,16,100,1600,0.16,1,0.0,0.0,False
2026-08-15T19:17,1786821425.3,a8805cdb-e305-42d0-b011-cb825380cf8e,Bushwick Ave @ Cooper St,truck,102,118,12036,0.864,2,280.8,32.07,False
2026-08-15T19:17,1786821427.3,a8805cdb-e305-42d0-b011-cb825380cf8e,Bushwick Ave @ Cooper St,car,31,33,1023,0.939,1,0.0,0.0,False
2026-08-15T19:17,1786821427.3,a8805cdb-e305-42d0-b011-cb825380cf8e,Bushwick Ave @ Cooper St,truck,103,120,12360,0.858,1,0.0,0.0,False
2026-08-15T19:17,1786821425.3,a8805cdb-e305-42d0-b011-cb825380cf8e,Bushwick Ave @ Cooper St,car,24,16,384,1.5,2,45.0,0.71,False
2026-08-15T19:17,1786821429.3,a8805cdb-e305-42d0-b011-cb825380cf8e,Bushwick Ave @ Cooper St,car,72,77,5544,0.935,1,0.0,0.0,False
2026-08-15T19:17,1786821429.3,a8805cdb-e305-42d0-b011-cb825380cf8e,Bushwick Ave @ Cooper St,car,26,44,1144,0.591,1,0.0,0.0,False
2026-08-15T19:17,1786821425.3,a8805cdb-e305-42d0-b011-cb825380cf8e,Bushwick Ave @ Cooper St,truck,51,52,2652,0.981,4,153.4,0.37,False
2026-08-15T19:17,1786821425.3,a8805cdb-e305-42d0-b011-cb825380cf8e,Bushwick Ave @ Cooper St,car,56,63,3528,0.889,4,97.3,7.9,False
2026-08-15T19:17,1786821431.3,a8805cdb-e305-42d0-b011-cb825380cf8e,Bushwick Ave @ Cooper St,car,32,19,608,1.684,1,0.0,0.0,False
2026-08-15T19:17,1786821425.3,a8805cdb-e305-42d0-b011-cb825380cf8e,Bushwick Ave @ Cooper St,car,41,43,1763,0.953,4,339.0,4.64,False
2026-08-15T19:17,1786821435.3,a8805cdb-e305-42d0-b011-cb825380cf8e,Bushwick Ave @ Cooper St,truck,55,37,2035,1.486,1,0.0,0.0,False
2026-08-15T19:17,1786821425.3,a8805cdb-e305-42d0-b011-cb825380cf8e,Bushwick Ave @ Cooper St,car,34,33,1122,1.03,8,270.0,0.07,False
2026-08-15T19:17,1786821433.3,a8805cdb-e305-42d0-b011-cb825380cf8e,Bushwick Ave @ Cooper St,car,25,19,475,1.316,4,0.0,0.17,False
2026-08-15T19:17,1786821439.3,a8805cdb-e305-42d0-b011-cb825380cf8e,Bushwick Ave @ Cooper St,car,36,44,1584,0.818,1,0.0,0.0,False
2026-08-15T19:17,1786821425.3,a8805cdb-e305-42d0-b011-cb825380cf8e,Bushwick Ave @ Cooper St,truck,70,80,5600,0.875,11,206.6,0.45,False
2026-08-15T19:17,1786821425.3,a8805cdb-e305-42d0-b011-cb825380cf8e,Bushwick Ave @ Cooper St,car,56,76,4256,0.737,10,308.7,2.49,False
2026-08-15T19:17,1786821425.3,a8805cdb-e305-42d0-b011-cb825380cf8e,Bushwick Ave @ Cooper St,car,81,88,7128,0.92,10,255.1,0.86,False
2026-08-15T19:17,1786821425.3,a8805cdb-e305-42d0-b011-cb825380cf8e,Bushwick Ave @ Cooper St,car,87,92,8004,0.946,11,315.0,0.07,False
2026-08-15T19:17,1786821425.3,a8805cdb-e305-42d0-b011-cb825380cf8e,Bushwick Ave @ Cooper St,car,120,116,13920,1.034,11,281.6,3.47,False
2026-08-15T19:17,1786821425.3,a8805cdb-e305-42d0-b011-cb825380cf8e,Bushwick Ave @ Cooper St,car,123,29,3567,4.241,10,0.0,0.33,False
2026-08-15T19:17,1786821427.3,a8805cdb-e305-42d0-b011-cb825380cf8e,Bushwick Ave @ Cooper St,car,131,131,17161,1.0,9,288.4,0.2,False
2026-08-15T19:17,1786821437.3,a8805cdb-e305-42d0-b011-cb825380cf8e,Bushwick Ave @ Cooper St,car,28,17,476,1.647,4,243.4,0.37,False
2026-08-15T19:17,1786821439.3,a8805cdb-e305-42d0-b011-cb825380cf8e,Bushwick Ave @ Cooper St,truck,53,49,2597,1.082,2,341.6,1.58,False
2026-08-15T19:17,1786821443.3,a8805cdb-e305-42d0-b011-cb825380cf8e,Bushwick Ave @ Cooper St,bus,130,129,16770,1.008,2,117.8,20.35,False
2026-08-15T19:17,1786821445.3,a8805cdb-e305-42d0-b011-cb825380cf8e,Bushwick Ave @ Cooper St,car,19,18,342,1.056,1,0.0,0.0,False
2026-08-15T19:17,1786821445.3,a8805cdb-e305-42d0-b011-cb825380cf8e,Bushwick Ave @ Cooper St,truck,66,79,5214,0.835,1,0.0,0.0,False
2026-08-15T19:17,1786821445.3,a8805cdb-e305-42d0-b011-cb825380cf8e,Bushwick Ave @ Cooper St,car,19,23,437,0.826,1,0.0,0.0,False
2026-08-15T19:17,1786821425.3,068461e2-c62f-4ce4-adac-5f9efe92af1d,Bushwick Ave @ De Kalb Ave,car,153,100,15300,1.53,1,0.0,0.0,False
2026-08-15T19:17,1786821425.3,068461e2-c62f-4ce4-adac-5f9efe92af1d,Bushwick Ave @ De Kalb Ave,car,35,31,1085,1.129,1,0.0,0.0,False
2026-08-15T19:17,1786821425.3,068461e2-c62f-4ce4-adac-5f9efe92af1d,Bushwick Ave @ De Kalb Ave,car,61,50,3050,1.22,1,0.0,0.0,False
2026-08-15T19:17,1786821425.3,068461e2-c62f-4ce4-adac-5f9efe92af1d,Bushwick Ave @ De Kalb Ave,car,257,128,32896,2.008,2,179.6,64.0,False
2026-08-15T19:17,1786821425.3,068461e2-c62f-4ce4-adac-5f9efe92af1d,Bushwick Ave @ De Kalb Ave,car,37,36,1332,1.028,2,28.8,11.41,False
2026-08-15T19:17,1786821427.3,068461e2-c62f-4ce4-adac-5f9efe92af1d,Bushwick Ave @ De Kalb Ave,car,193,115,22195,1.678,1,0.0,0.0,False
2026-08-15T19:17,1786821427.3,068461e2-c62f-4ce4-adac-5f9efe92af1d,Bushwick Ave @ De Kalb Ave,car,70,53,3710,1.321,1,0.0,0.0,False
2026-08-15T19:17,1786821427.3,068461e2-c62f-4ce4-adac-5f9efe92af1d,Bushwick Ave @ De Kalb Ave,car,37,37,1369,1.0,2,49.6,13.12,False
2026-08-15T19:17,1786821429.3,068461e2-c62f-4ce4-adac-5f9efe92af1d,Bushwick Ave @ De Kalb Ave,car,25,23,575,1.087,1,0.0,0.0,False
2026-08-15T19:17,1786821425.3,068461e2-c62f-4ce4-adac-5f9efe92af1d,Bushwick Ave @ De Kalb Ave,truck,39,64,2496,0.609,4,206.6,0.37,False
2026-08-15T19:17,1786821431.3,068461e2-c62f-4ce4-adac-5f9efe92af1d,Bushwick Ave @ De Kalb Ave,car,43,51,2193,0.843,1,0.0,0.0,False
2026-08-15T19:17,1786821431.3,068461e2-c62f-4ce4-adac-5f9efe92af1d,Bushwick Ave @ De Kalb Ave,car,27,29,783,0.931,1,0.0,0.0,False
2026-08-15T19:17,1786821431.3,068461e2-c62f-4ce4-adac-5f9efe92af1d,Bushwick Ave @ De Kalb Ave,car,27,28,756,0.964,1,0.0,0.0,False
2026-08-15T19:17,1786821435.3,068461e2-c62f-4ce4-adac-5f9efe92af1d,Bushwick Ave @ De Kalb Ave,car,56,19,1064,2.947,1,0.0,0.0,False
2026-08-15T19:17,1786821437.3,068461e2-c62f-4ce4-adac-5f9efe92af1d,Bushwick Ave @ De Kalb Ave,car,207,93,19251,2.226,1,0.0,0.0,False
2026-08-15T19:17,1786821427.3,068461e2-c62f-4ce4-adac-5f9efe92af1d,Bushwick Ave @ De Kalb Ave,car,47,39,1833,1.205,7,135.0,0.12,False
2026-08-15T19:17,1786821435.3,068461e2-c62f-4ce4-adac-5f9efe92af1d,Bushwick Ave @ De Kalb Ave,car,51,30,1530,1.7,4,315.0,0.24,False
2026-08-15T19:17,1786821437.3,068461e2-c62f-4ce4-adac-5f9efe92af1d,Bushwick Ave @ De Kalb Ave,car,29,26,754,1.115,2,0.0,2.0,False
2026-08-15T19:17,1786821425.3,089d8066-4e5e-4549-9496-a5f4ffb56ef5,7 Ave @ 9 St,car,19,14,266,1.357,1,0.0,0.0,False
2026-08-15T19:17,1786821425.3,089d8066-4e5e-4549-9496-a5f4ffb56ef5,7 Ave @ 9 St,car,338,146,49348,2.315,2,202.7,95.92,False
2026-08-15T19:17,1786821431.3,089d8066-4e5e-4549-9496-a5f4ffb56ef5,7 Ave @ 9 St,bus,143,129,18447,1.109,1,0.0,0.0,False
2026-08-15T19:17,1786821431.3,089d8066-4e5e-4549-9496-a5f4ffb56ef5,7 Ave @ 9 St,car,32,31,992,1.032,1,0.0,0.0,False
2026-08-15T19:17,1786821433.3,089d8066-4e5e-4549-9496-a5f4ffb56ef5,7 Ave @ 9 St,car,98,65,6370,1.508,1,0.0,0.0,False
2026-08-15T19:17,1786821433.3,089d8066-4e5e-4549-9496-a5f4ffb56ef5,7 Ave @ 9 St,car,163,45,7335,3.622,1,0.0,0.0,False
2026-08-15T19:17,1786821433.3,089d8066-4e5e-4549-9496-a5f4ffb56ef5,7 Ave @ 9 St,car,36,31,1116,1.161,1,0.0,0.0,False
2026-08-15T19:17,1786821435.3,089d8066-4e5e-4549-9496-a5f4ffb56ef5,7 Ave @ 9 St,car,61,52,3172,1.173,1,0.0,0.0,False
2026-08-15T19:17,1786821435.3,089d8066-4e5e-4549-9496-a5f4ffb56ef5,7 Ave @ 9 St,car,39,34,1326,1.147,2,230.2,15.62,True
2026-08-15T19:17,1786821425.3,089d8066-4e5e-4549-9496-a5f4ffb56ef5,7 Ave @ 9 St,truck,65,97,6305,0.67,10,90.0,0.11,False
2026-08-15T19:17,1786821425.3,089d8066-4e5e-4549-9496-a5f4ffb56ef5,7 Ave @ 9 St,car,193,92,17756,2.098,9,199.3,1.32,False
2026-08-15T19:17,1786821431.3,089d8066-4e5e-4549-9496-a5f4ffb56ef5,7 Ave @ 9 St,bus,144,129,18576,1.116,6,199.6,31.31,True
2026-08-15T19:17,1786821433.3,089d8066-4e5e-4549-9496-a5f4ffb56ef5,7 Ave @ 9 St,car,83,85,7055,0.976,6,54.5,15.84,True
2026-08-15T19:17,1786821435.3,089d8066-4e5e-4549-9496-a5f4ffb56ef5,7 Ave @ 9 St,car,110,122,13420,0.902,4,46.5,4.36,False
2026-08-15T19:17,1786821441.3,089d8066-4e5e-4549-9496-a5f4ffb56ef5,7 Ave @ 9 St,car,121,108,13068,1.12,2,9.5,3.04,False
2026-08-15T19:17,1786821443.3,089d8066-4e5e-4549-9496-a5f4ffb56ef5,7 Ave @ 9 St,bus,121,75,9075,1.613,1,0.0,0.0,False
2026-08-15T19:17,1786821443.3,089d8066-4e5e-4549-9496-a5f4ffb56ef5,7 Ave @ 9 St,car,20,15,300,1.333,1,0.0,0.0,False
2026-08-15T19:17,1786821425.3,a8f2d065-c266-4378-ac63-50b81677da84,C2-PE-02-Ctr_at_Ft_Hamltn_Pkwy-Ex5,car,277,61,16897,4.541,1,0.0,0.0,False
2026-08-15T19:17,1786821425.3,053afe02-e1b3-4bea-9995-787e72c7fff4,Atlantic Ave @ Barclays Center,car,123,88,10824,1.398,1,0.0,0.0,False
2026-08-15T19:17,1786821425.3,053afe02-e1b3-4bea-9995-787e72c7fff4,Atlantic Ave @ Barclays Center,car,33,39,1287,0.846,1,0.0,0.0,False
2026-08-15T19:17,1786821425.3,053afe02-e1b3-4bea-9995-787e72c7fff4,Atlantic Ave @ Barclays Center,car,31,43,1333,0.721,1,0.0,0.0,False
2026-08-15T19:17,1786821427.3,053afe02-e1b3-4bea-9995-787e72c7fff4,Atlantic Ave @ Barclays Center,car,69,42,2898,1.643,1,0.0,0.0,False
2026-08-15T19:17,1786821427.3,053afe02-e1b3-4bea-9995-787e72c7fff4,Atlantic Ave @ Barclays Center,truck,84,39,3276,2.154,1,0.0,0.0,False
2026-08-15T19:17,1786821425.3,053afe02-e1b3-4bea-9995-787e72c7fff4,Atlantic Ave @ Barclays Center,car,61,53,3233,1.151,2,333.4,2.24,False
2026-08-15T19:17,1786821429.3,053afe02-e1b3-4bea-9995-787e72c7fff4,Atlantic Ave @ Barclays Center,car,63,31,1953,2.032,1,0.0,0.0,False
2026-08-15T19:17,1786821429.3,053afe02-e1b3-4bea-9995-787e72c7fff4,Atlantic Ave @ Barclays Center,car,40,31,1240,1.29,1,0.0,0.0,False
2026-08-15T19:17,1786821429.3,053afe02-e1b3-4bea-9995-787e72c7fff4,Atlantic Ave @ Barclays Center,car,41,22,902,1.864,1,0.0,0.0,False
2026-08-15T19:17,1786821425.3,053afe02-e1b3-4bea-9995-787e72c7fff4,Atlantic Ave @ Barclays Center,car,198,120,23760,1.65,4,192.0,20.79,False
2026-08-15T19:17,1786821429.3,053afe02-e1b3-4bea-9995-787e72c7fff4,Atlantic Ave @ Barclays Center,car,75,39,2925,1.923,2,170.8,21.78,False
2026-08-15T19:17,1786821431.3,053afe02-e1b3-4bea-9995-787e72c7fff4,Atlantic Ave @ Barclays Center,car,89,41,3649,2.171,1,0.0,0.0,False
2026-08-15T19:17,1786821431.3,053afe02-e1b3-4bea-9995-787e72c7fff4,Atlantic Ave @ Barclays Center,car,110,71,7810,1.549,1,0.0,0.0,False
2026-08-15T19:17,1786821431.3,053afe02-e1b3-4bea-9995-787e72c7fff4,Atlantic Ave @ Barclays Center,car,30,16,480,1.875,1,0.0,0.0,False
2026-08-15T19:17,1786821431.3,053afe02-e1b3-4bea-9995-787e72c7fff4,Atlantic Ave @ Barclays Center,car,31,38,1178,0.816,1,0.0,0.0,False
2026-08-15T19:17,1786821433.3,053afe02-e1b3-4bea-9995-787e72c7fff4,Atlantic Ave @ Barclays Center,car,37,28,1036,1.321,1,0.0,0.0,False
2026-08-15T19:17,1786821433.3,053afe02-e1b3-4bea-9995-787e72c7fff4,Atlantic Ave @ Barclays Center,car,129,58,7482,2.224,1,0.0,0.0,False
2026-08-15T19:17,1786821433.3,053afe02-e1b3-4bea-9995-787e72c7fff4,Atlantic Ave @ Barclays Center,car,25,18,450,1.389,1,0.0,0.0,False
2026-08-15T19:17,1786821433.3,053afe02-e1b3-4bea-9995-787e72c7fff4,Atlantic Ave @ Barclays Center,car,67,35,2345,1.914,1,0.0,0.0,False
2026-08-15T19:17,1786821425.3,053afe02-e1b3-4bea-9995-787e72c7fff4,Atlantic Ave @ Barclays Center,car,62,45,2790,1.378,5,215.1,14.98,True
2026-08-15T19:17,1786821425.3,053afe02-e1b3-4bea-9995-787e72c7fff4,Atlantic Ave @ Barclays Center,car,64,44,2816,1.455,4,47.7,2.48,False
2026-08-15T19:17,1786821435.3,053afe02-e1b3-4bea-9995-787e72c7fff4,Atlantic Ave @ Barclays Center,car,100,62,6200,1.613,1,0.0,0.0,False
2026-08-15T19:17,1786821431.3,053afe02-e1b3-4bea-9995-787e72c7fff4,Atlantic Ave @ Barclays Center,car,35,22,770,1.591,3,2.4,11.76,True
2026-08-15T19:17,1786821437.3,053afe02-e1b3-4bea-9995-787e72c7fff4,Atlantic Ave @ Barclays Center,car,69,44,3036,1.568,1,0.0,0.0,False
2026-08-15T19:17,1786821437.3,053afe02-e1b3-4bea-9995-787e72c7fff4,Atlantic Ave @ Barclays Center,car,35,16,560,2.188,1,0.0,0.0,False
2026-08-15T19:17,1786821437.3,053afe02-e1b3-4bea-9995-787e72c7fff4,Atlantic Ave @ Barclays Center,car,22,15,330,1.467,1,0.0,0.0,False
2026-08-15T19:17,1786821429.3,053afe02-e1b3-4bea-9995-787e72c7fff4,Atlantic Ave @ Barclays Center,car,115,91,10465,1.264,4,199.2,16.23,True
2026-08-15T19:17,1786821437.3,053afe02-e1b3-4bea-9995-787e72c7fff4,Atlantic Ave @ Barclays Center,car,34,23,782,1.478,2,20.3,14.4,True
2026-08-15T19:17,1786821439.3,053afe02-e1b3-4bea-9995-787e72c7fff4,Atlantic Ave @ Barclays Center,car,33,37,1221,0.892,1,0.0,0.0,False
2026-08-15T19:17,1786821439.3,053afe02-e1b3-4bea-9995-787e72c7fff4,Atlantic Ave @ Barclays Center,truck,74,56,4144,1.321,1,0.0,0.0,False
2026-08-15T19:17,1786821425.3,053afe02-e1b3-4bea-9995-787e72c7fff4,Atlantic Ave @ Barclays Center,car,134,90,12060,1.489,11,45.0,0.14,False
2026-08-15T19:17,1786821425.3,053afe02-e1b3-4bea-9995-787e72c7fff4,Atlantic Ave @ Barclays Center,car,87,90,7830,0.967,11,90.0,0.05,False
2026-08-15T19:17,1786821425.3,053afe02-e1b3-4bea-9995-787e72c7fff4,Atlantic Ave @ Barclays Center,car,98,100,9800,0.98,11,18.4,0.16,False
2026-08-15T19:17,1786821425.3,053afe02-e1b3-4bea-9995-787e72c7fff4,Atlantic Ave @ Barclays Center,car,82,58,4756,1.414,9,330.3,0.5,False
2026-08-15T19:17,1786821433.3,053afe02-e1b3-4bea-9995-787e72c7fff4,Atlantic Ave @ Barclays Center,car,42,25,1050,1.68,4,19.2,4.06,False
2026-08-15T19:17,1786821437.3,053afe02-e1b3-4bea-9995-787e72c7fff4,Atlantic Ave @ Barclays Center,car,77,60,4620,1.283,5,239.0,1.46,False
2026-08-15T19:17,1786821439.3,053afe02-e1b3-4bea-9995-787e72c7fff4,Atlantic Ave @ Barclays Center,car,56,32,1792,1.75,2,256.0,6.18,False
2026-08-15T19:17,1786821439.3,053afe02-e1b3-4bea-9995-787e72c7fff4,Atlantic Ave @ Barclays Center,car,44,54,2376,0.815,4,315.0,0.47,False
2026-08-15T19:17,1786821441.3,053afe02-e1b3-4bea-9995-787e72c7fff4,Atlantic Ave @ Barclays Center,car,107,80,8560,1.337,3,314.6,27.75,True
2026-08-15T19:17,1786821441.3,053afe02-e1b3-4bea-9995-787e72c7fff4,Atlantic Ave @ Barclays Center,car,51,23,1173,2.217,2,3.4,8.51,False
2026-08-15T19:17,1786821441.3,053afe02-e1b3-4bea-9995-787e72c7fff4,Atlantic Ave @ Barclays Center,car,169,67,11323,2.522,1,0.0,0.0,False
2026-08-15T19:17,1786821441.3,053afe02-e1b3-4bea-9995-787e72c7fff4,Atlantic Ave @ Barclays Center,car,86,30,2580,2.867,1,0.0,0.0,False
2026-08-15T19:17,1786821443.3,053afe02-e1b3-4bea-9995-787e72c7fff4,Atlantic Ave @ Barclays Center,car,46,41,1886,1.122,2,340.3,14.87,False
2026-08-15T19:17,1786821443.3,053afe02-e1b3-4bea-9995-787e72c7fff4,Atlantic Ave @ Barclays Center,car,32,20,640,1.6,1,0.0,0.0,False
2026-08-15T19:17,1786821443.3,053afe02-e1b3-4bea-9995-787e72c7fff4,Atlantic Ave @ Barclays Center,car,20,16,320,1.25,1,0.0,0.0,False
2026-08-15T19:17,1786821445.3,053afe02-e1b3-4bea-9995-787e72c7fff4,Atlantic Ave @ Barclays Center,car,128,91,11648,1.407,1,0.0,0.0,False
2026-08-15T19:17,1786821445.3,053afe02-e1b3-4bea-9995-787e72c7fff4,Atlantic Ave @ Barclays Center,car,73,37,2701,1.973,1,0.0,0.0,False
2026-08-15T19:17,1786821445.3,053afe02-e1b3-4bea-9995-787e72c7fff4,Atlantic Ave @ Barclays Center,car,36,25,900,1.44,1,0.0,0.0,False
2026-08-15T19:17,1786821445.3,053afe02-e1b3-4bea-9995-787e72c7fff4,Atlantic Ave @ Barclays Center,car,40,27,1080,1.481,1,0.0,0.0,False
2026-08-15T19:17,1786821427.3,fa287d30-44a9-48ef-90d6-5ab0a54eab15,Flatbush Ave and Atlantic Ave,car,33,40,1320,0.825,2,86.6,8.51,False
2026-08-15T19:17,1786821433.3,fa287d30-44a9-48ef-90d6-5ab0a54eab15,Flatbush Ave and Atlantic Ave,bus,61,111,6771,0.55,1,0.0,0.0,False
2026-08-15T19:17,1786821433.3,fa287d30-44a9-48ef-90d6-5ab0a54eab15,Flatbush Ave and Atlantic Ave,car,48,35,1680,1.371,1,0.0,0.0,False
2026-08-15T19:17,1786821433.3,fa287d30-44a9-48ef-90d6-5ab0a54eab15,Flatbush Ave and Atlantic Ave,truck,60,112,6720,0.536,1,0.0,0.0,False
2026-08-15T19:17,1786821429.3,fa287d30-44a9-48ef-90d6-5ab0a54eab15,Flatbush Ave and Atlantic Ave,truck,35,51,1785,0.686,4,33.7,0.6,False
2026-08-15T19:17,1786821433.3,fa287d30-44a9-48ef-90d6-5ab0a54eab15,Flatbush Ave and Atlantic Ave,car,46,56,2576,0.821,3,270.0,1.0,False
2026-08-15T19:17,1786821427.3,fa287d30-44a9-48ef-90d6-5ab0a54eab15,Flatbush Ave and Atlantic Ave,truck,91,101,9191,0.901,10,105.9,0.81,False
2026-08-15T19:17,1786821429.3,fa287d30-44a9-48ef-90d6-5ab0a54eab15,Flatbush Ave and Atlantic Ave,car,120,80,9600,1.5,8,228.7,7.04,True
2026-08-15T19:17,1786821431.3,fa287d30-44a9-48ef-90d6-5ab0a54eab15,Flatbush Ave and Atlantic Ave,car,36,38,1368,0.947,8,59.0,0.42,False
2026-08-15T19:17,1786821433.3,fa287d30-44a9-48ef-90d6-5ab0a54eab15,Flatbush Ave and Atlantic Ave,car,73,61,4453,1.197,7,237.5,2.17,False
2026-08-15T19:17,1786821433.3,fa287d30-44a9-48ef-90d6-5ab0a54eab15,Flatbush Ave and Atlantic Ave,truck,39,52,2028,0.75,6,0.0,0.2,False
2026-08-15T19:17,1786821435.3,fa287d30-44a9-48ef-90d6-5ab0a54eab15,Flatbush Ave and Atlantic Ave,car,127,43,5461,2.953,6,236.8,3.11,False
2026-08-15T19:17,1786821439.3,fa287d30-44a9-48ef-90d6-5ab0a54eab15,Flatbush Ave and Atlantic Ave,car,46,39,1794,1.179,4,180.0,1.83,False
2026-08-15T19:17,1786821439.3,fa287d30-44a9-48ef-90d6-5ab0a54eab15,Flatbush Ave and Atlantic Ave,car,46,57,2622,0.807,4,104.0,0.69,False
2026-08-15T19:17,1786821441.3,fa287d30-44a9-48ef-90d6-5ab0a54eab15,Flatbush Ave and Atlantic Ave,truck,37,49,1813,0.755,2,101.3,2.55,False
2026-08-15T19:17,1786821445.3,fa287d30-44a9-48ef-90d6-5ab0a54eab15,Flatbush Ave and Atlantic Ave,truck,64,112,7168,0.571,1,0.0,0.0,False
2026-08-15T19:17,1786821425.3,5f4bef40-ddee-41fa-a623-6388d561f416,C2-PE-01-Cntr_at_Caton_Ave-Ex6,car,501,314,157314,1.596,1,0.0,0.0,False
2026-08-15T19:17,1786821425.3,5f4bef40-ddee-41fa-a623-6388d561f416,C2-PE-01-Cntr_at_Caton_Ave-Ex6,car,98,70,6860,1.4,1,0.0,0.0,False
2026-08-15T19:17,1786821425.3,5f4bef40-ddee-41fa-a623-6388d561f416,C2-PE-01-Cntr_at_Caton_Ave-Ex6,car,163,112,18256,1.455,1,0.0,0.0,False
2026-08-15T19:17,1786821425.3,5f4bef40-ddee-41fa-a623-6388d561f416,C2-PE-01-Cntr_at_Caton_Ave-Ex6,car,294,205,60270,1.434,2,38.7,3.2,False
2026-08-15T19:17,1786821425.3,5f4bef40-ddee-41fa-a623-6388d561f416,C2-PE-01-Cntr_at_Caton_Ave-Ex6,car,846,527,445842,1.605,2,33.5,309.52,False
2026-08-15T19:17,1786821427.3,5f4bef40-ddee-41fa-a623-6388d561f416,C2-PE-01-Cntr_at_Caton_Ave-Ex6,car,452,376,169952,1.202,1,0.0,0.0,False
2026-08-15T19:17,1786821427.3,5f4bef40-ddee-41fa-a623-6388d561f416,C2-PE-01-Cntr_at_Caton_Ave-Ex6,car,697,550,383350,1.267,1,0.0,0.0,False
2026-08-15T19:17,1786821427.3,5f4bef40-ddee-41fa-a623-6388d561f416,C2-PE-01-Cntr_at_Caton_Ave-Ex6,car,147,128,18816,1.148,1,0.0,0.0,False
2026-08-15T19:17,1786821427.3,5f4bef40-ddee-41fa-a623-6388d561f416,C2-PE-01-Cntr_at_Caton_Ave-Ex6,car,113,78,8814,1.449,1,0.0,0.0,False
2026-08-15T19:17,1786821427.3,5f4bef40-ddee-41fa-a623-6388d561f416,C2-PE-01-Cntr_at_Caton_Ave-Ex6,car,842,526,442892,1.601,1,0.0,0.0,False
2026-08-15T19:17,1786821427.3,5f4bef40-ddee-41fa-a623-6388d561f416,C2-PE-01-Cntr_at_Caton_Ave-Ex6,truck,256,198,50688,1.293,1,0.0,0.0,False
2026-08-15T19:17,1786821429.3,5f4bef40-ddee-41fa-a623-6388d561f416,C2-PE-01-Cntr_at_Caton_Ave-Ex6,car,397,246,97662,1.614,1,0.0,0.0,False
2026-08-15T19:17,1786821429.3,5f4bef40-ddee-41fa-a623-6388d561f416,C2-PE-01-Cntr_at_Caton_Ave-Ex6,car,396,431,170676,0.919,1,0.0,0.0,False
2026-08-15T19:17,1786821429.3,5f4bef40-ddee-41fa-a623-6388d561f416,C2-PE-01-Cntr_at_Caton_Ave-Ex6,car,248,205,50840,1.21,1,0.0,0.0,False
2026-08-15T19:17,1786821429.3,5f4bef40-ddee-41fa-a623-6388d561f416,C2-PE-01-Cntr_at_Caton_Ave-Ex6,car,188,117,21996,1.607,1,0.0,0.0,False
2026-08-15T19:17,1786821429.3,5f4bef40-ddee-41fa-a623-6388d561f416,C2-PE-01-Cntr_at_Caton_Ave-Ex6,car,154,122,18788,1.262,1,0.0,0.0,False
2026-08-15T19:17,1786821429.3,5f4bef40-ddee-41fa-a623-6388d561f416,C2-PE-01-Cntr_at_Caton_Ave-Ex6,car,133,99,13167,1.343,1,0.0,0.0,False
2026-08-15T19:17,1786821435.3,5f4bef40-ddee-41fa-a623-6388d561f416,C2-PE-01-Cntr_at_Caton_Ave-Ex6,car,114,58,6612,1.966,1,0.0,0.0,False
2026-08-15T19:17,1786821435.3,5f4bef40-ddee-41fa-a623-6388d561f416,C2-PE-01-Cntr_at_Caton_Ave-Ex6,car,224,155,34720,1.445,2,38.7,22.41,False
2026-08-15T19:17,1786821437.3,5f4bef40-ddee-41fa-a623-6388d561f416,C2-PE-01-Cntr_at_Caton_Ave-Ex6,car,509,372,189348,1.368,1,0.0,0.0,False
2026-08-15T19:17,1786821437.3,5f4bef40-ddee-41fa-a623-6388d561f416,C2-PE-01-Cntr_at_Caton_Ave-Ex6,car,237,214,50718,1.107,1,0.0,0.0,False
2026-08-15T19:17,1786821437.3,5f4bef40-ddee-41fa-a623-6388d561f416,C2-PE-01-Cntr_at_Caton_Ave-Ex6,car,124,111,13764,1.117,1,0.0,0.0,False
2026-08-15T19:17,1786821437.3,5f4bef40-ddee-41fa-a623-6388d561f416,C2-PE-01-Cntr_at_Caton_Ave-Ex6,car,106,86,9116,1.233,1,0.0,0.0,False
2026-08-15T19:17,1786821439.3,5f4bef40-ddee-41fa-a623-6388d561f416,C2-PE-01-Cntr_at_Caton_Ave-Ex6,truck,443,415,183845,1.067,1,0.0,0.0,False
2026-08-15T19:17,1786821441.3,5f4bef40-ddee-41fa-a623-6388d561f416,C2-PE-01-Cntr_at_Caton_Ave-Ex6,car,119,66,7854,1.803,1,0.0,0.0,False
2026-08-15T19:17,1786821443.3,5f4bef40-ddee-41fa-a623-6388d561f416,C2-PE-01-Cntr_at_Caton_Ave-Ex6,car,291,206,59946,1.413,1,0.0,0.0,False
2026-08-15T19:17,1786821443.3,5f4bef40-ddee-41fa-a623-6388d561f416,C2-PE-01-Cntr_at_Caton_Ave-Ex6,car,232,217,50344,1.069,1,0.0,0.0,False
2026-08-15T19:17,1786821443.3,5f4bef40-ddee-41fa-a623-6388d561f416,C2-PE-01-Cntr_at_Caton_Ave-Ex6,car,129,137,17673,0.942,2,217.8,64.51,True
2026-08-15T19:17,1786821445.3,5f4bef40-ddee-41fa-a623-6388d561f416,C2-PE-01-Cntr_at_Caton_Ave-Ex6,car,773,341,263593,2.267,1,0.0,0.0,False
2026-08-15T19:17,1786821445.3,5f4bef40-ddee-41fa-a623-6388d561f416,C2-PE-01-Cntr_at_Caton_Ave-Ex6,car,248,150,37200,1.653,1,0.0,0.0,False
2026-08-15T19:17,1786821445.3,5f4bef40-ddee-41fa-a623-6388d561f416,C2-PE-01-Cntr_at_Caton_Ave-Ex6,car,637,554,352898,1.15,1,0.0,0.0,False
2026-08-15T19:17,1786821445.3,5f4bef40-ddee-41fa-a623-6388d561f416,C2-PE-01-Cntr_at_Caton_Ave-Ex6,car,115,99,11385,1.162,1,0.0,0.0,False
2026-08-15T19:17,1786821425.3,9955d671-39ad-4fb7-b63e-4e78cf6ac157,Flatbush Ave and 4 Ave,moto,33,50,1650,0.66,1,0.0,0.0,False
2026-08-15T19:17,1786821427.3,9955d671-39ad-4fb7-b63e-4e78cf6ac157,Flatbush Ave and 4 Ave,car,37,31,1147,1.194,1,0.0,0.0,False
2026-08-15T19:17,1786821427.3,9955d671-39ad-4fb7-b63e-4e78cf6ac157,Flatbush Ave and 4 Ave,truck,46,43,1978,1.07,1,0.0,0.0,False
2026-08-15T19:17,1786821427.3,9955d671-39ad-4fb7-b63e-4e78cf6ac157,Flatbush Ave and 4 Ave,car,49,29,1421,1.69,2,183.2,9.01,False
2026-08-15T19:17,1786821429.3,9955d671-39ad-4fb7-b63e-4e78cf6ac157,Flatbush Ave and 4 Ave,car,39,42,1638,0.929,1,0.0,0.0,False
2026-08-15T19:17,1786821433.3,9955d671-39ad-4fb7-b63e-4e78cf6ac157,Flatbush Ave and 4 Ave,car,15,15,225,1.0,1,0.0,0.0,False
2026-08-15T19:17,1786821427.3,9955d671-39ad-4fb7-b63e-4e78cf6ac157,Flatbush Ave and 4 Ave,truck,46,74,3404,0.622,7,67.5,3.7,False
2026-08-15T19:17,1786821425.3,9955d671-39ad-4fb7-b63e-4e78cf6ac157,Flatbush Ave and 4 Ave,car,33,28,924,1.179,11,63.4,0.11,False
2026-08-15T19:17,1786821425.3,9955d671-39ad-4fb7-b63e-4e78cf6ac157,Flatbush Ave and 4 Ave,car,106,169,17914,0.627,11,135.4,5.34,False
2026-08-15T19:17,1786821429.3,9955d671-39ad-4fb7-b63e-4e78cf6ac157,Flatbush Ave and 4 Ave,truck,46,72,3312,0.639,9,273.4,1.06,False
2026-08-15T19:17,1786821443.3,9955d671-39ad-4fb7-b63e-4e78cf6ac157,Flatbush Ave and 4 Ave,truck,30,100,3000,0.3,2,0.0,0.0,False
2026-08-15T19:17,1786821443.3,9955d671-39ad-4fb7-b63e-4e78cf6ac157,Flatbush Ave and 4 Ave,car,15,15,225,1.0,1,0.0,0.0,False
2026-08-15T19:17,1786821427.3,2293205b-2b15-44da-8220-6833a13c5a80,Ocean Pkwy @ Church Ave,car,55,49,2695,1.122,1,0.0,0.0,False
2026-08-15T19:17,1786821425.3,2293205b-2b15-44da-8220-6833a13c5a80,Ocean Pkwy @ Church Ave,car,76,81,6156,0.938,3,135.0,0.71,False
2026-08-15T19:17,1786821429.3,2293205b-2b15-44da-8220-6833a13c5a80,Ocean Pkwy @ Church Ave,truck,164,111,18204,1.477,1,0.0,0.0,False
2026-08-15T19:17,1786821433.3,2293205b-2b15-44da-8220-6833a13c5a80,Ocean Pkwy @ Church Ave,bus,476,233,110908,2.043,1,0.0,0.0,False
2026-08-15T19:17,1786821433.3,2293205b-2b15-44da-8220-6833a13c5a80,Ocean Pkwy @ Church Ave,car,146,139,20294,1.05,2,210.7,47.08,False
2026-08-15T19:17,1786821425.3,2293205b-2b15-44da-8220-6833a13c5a80,Ocean Pkwy @ Church Ave,truck,83,82,6806,1.012,7,143.1,0.42,False
2026-08-15T19:17,1786821435.3,2293205b-2b15-44da-8220-6833a13c5a80,Ocean Pkwy @ Church Ave,car,32,23,736,1.391,2,180.0,7.0,False
2026-08-15T19:17,1786821439.3,2293205b-2b15-44da-8220-6833a13c5a80,Ocean Pkwy @ Church Ave,car,84,82,6888,1.024,2,180.0,1.0,False
2026-08-15T19:17,1786821441.3,2293205b-2b15-44da-8220-6833a13c5a80,Ocean Pkwy @ Church Ave,truck,89,79,7031,1.127,1,0.0,0.0,False
2026-08-15T19:17,1786821425.3,3c079db6-117c-4e79-94ed-5178c1517091,Prospect Expwy @ Prospect Park W @ 19 St,truck,71,80,5680,0.887,1,0.0,0.0,False
2026-08-15T19:17,1786821425.3,3c079db6-117c-4e79-94ed-5178c1517091,Prospect Expwy @ Prospect Park W @ 19 St,car,41,33,1353,1.242,1,0.0,0.0,False
2026-08-15T19:17,1786821425.3,3c079db6-117c-4e79-94ed-5178c1517091,Prospect Expwy @ Prospect Park W @ 19 St,truck,70,64,4480,1.094,1,0.0,0.0,False
2026-08-15T19:17,1786821425.3,3c079db6-117c-4e79-94ed-5178c1517091,Prospect Expwy @ Prospect Park W @ 19 St,car,70,64,4480,1.094,1,0.0,0.0,False
2026-08-15T19:17,1786821425.3,3c079db6-117c-4e79-94ed-5178c1517091,Prospect Expwy @ Prospect Park W @ 19 St,truck,54,50,2700,1.08,2,313.7,15.21,False
2026-08-15T19:17,1786821425.3,3c079db6-117c-4e79-94ed-5178c1517091,Prospect Expwy @ Prospect Park W @ 19 St,car,55,51,2805,1.078,2,313.6,14.5,False
2026-08-15T19:17,1786821427.3,3c079db6-117c-4e79-94ed-5178c1517091,Prospect Expwy @ Prospect Park W @ 19 St,truck,45,39,1755,1.154,1,0.0,0.0,False
2026-08-15T19:17,1786821427.3,3c079db6-117c-4e79-94ed-5178c1517091,Prospect Expwy @ Prospect Park W @ 19 St,car,36,34,1224,1.059,1,0.0,0.0,False
2026-08-15T19:17,1786821427.3,3c079db6-117c-4e79-94ed-5178c1517091,Prospect Expwy @ Prospect Park W @ 19 St,car,42,37,1554,1.135,1,0.0,0.0,False
2026-08-15T19:17,1786821425.3,3c079db6-117c-4e79-94ed-5178c1517091,Prospect Expwy @ Prospect Park W @ 19 St,car,42,29,1218,1.448,3,306.9,3.75,False
2026-08-15T19:17,1786821427.3,3c079db6-117c-4e79-94ed-5178c1517091,Prospect Expwy @ Prospect Park W @ 19 St,truck,62,59,3658,1.051,2,212.5,34.4,True
2026-08-15T19:17,1786821427.3,3c079db6-117c-4e79-94ed-5178c1517091,Prospect Expwy @ Prospect Park W @ 19 St,truck,52,48,2496,1.083,2,75.7,26.32,True
2026-08-15T19:17,1786821429.3,3c079db6-117c-4e79-94ed-5178c1517091,Prospect Expwy @ Prospect Park W @ 19 St,car,25,15,375,1.667,1,0.0,0.0,False
2026-08-15T19:17,1786821429.3,3c079db6-117c-4e79-94ed-5178c1517091,Prospect Expwy @ Prospect Park W @ 19 St,car,26,22,572,1.182,1,0.0,0.0,False
2026-08-15T19:17,1786821429.3,3c079db6-117c-4e79-94ed-5178c1517091,Prospect Expwy @ Prospect Park W @ 19 St,car,58,21,1218,2.762,1,0.0,0.0,False
2026-08-15T19:17,1786821429.3,3c079db6-117c-4e79-94ed-5178c1517091,Prospect Expwy @ Prospect Park W @ 19 St,car,50,46,2300,1.087,1,0.0,0.0,False
2026-08-15T19:17,1786821427.3,3c079db6-117c-4e79-94ed-5178c1517091,Prospect Expwy @ Prospect Park W @ 19 St,truck,36,35,1260,1.029,2,236.3,10.82,False
2026-08-15T19:17,1786821431.3,3c079db6-117c-4e79-94ed-5178c1517091,Prospect Expwy @ Prospect Park W @ 19 St,car,39,31,1209,1.258,1,0.0,0.0,False
2026-08-15T19:17,1786821431.3,3c079db6-117c-4e79-94ed-5178c1517091,Prospect Expwy @ Prospect Park W @ 19 St,truck,62,59,3658,1.051,1,0.0,0.0,False
2026-08-15T19:17,1786821431.3,3c079db6-117c-4e79-94ed-5178c1517091,Prospect Expwy @ Prospect Park W @ 19 St,car,57,48,2736,1.188,1,0.0,0.0,False
2026-08-15T19:17,1786821431.3,3c079db6-117c-4e79-94ed-5178c1517091,Prospect Expwy @ Prospect Park W @ 19 St,truck,56,48,2688,1.167,1,0.0,0.0,False
2026-08-15T19:17,1786821427.3,3c079db6-117c-4e79-94ed-5178c1517091,Prospect Expwy @ Prospect Park W @ 19 St,truck,51,61,3111,0.836,4,327.8,10.64,True
2026-08-15T19:17,1786821429.3,3c079db6-117c-4e79-94ed-5178c1517091,Prospect Expwy @ Prospect Park W @ 19 St,truck,63,57,3591,1.105,5,318.0,5.05,False
2026-08-15T19:17,1786821429.3,3c079db6-117c-4e79-94ed-5178c1517091,Prospect Expwy @ Prospect Park W @ 19 St,truck,48,45,2160,1.067,3,317.5,4.07,False
2026-08-15T19:17,1786821429.3,3c079db6-117c-4e79-94ed-5178c1517091,Prospect Expwy @ Prospect Park W @ 19 St,car,37,32,1184,1.156,3,118.8,5.71,False
2026-08-15T19:17,1786821431.3,3c079db6-117c-4e79-94ed-5178c1517091,Prospect Expwy @ Prospect Park W @ 19 St,car,61,56,3416,1.089,2,301.0,5.83,False
2026-08-15T19:17,1786821431.3,3c079db6-117c-4e79-94ed-5178c1517091,Prospect Expwy @ Prospect Park W @ 19 St,car,37,42,1554,0.881,2,196.4,8.86,False
2026-08-15T19:17,1786821433.3,3c079db6-117c-4e79-94ed-5178c1517091,Prospect Expwy @ Prospect Park W @ 19 St,car,30,26,780,1.154,1,0.0,0.0,False
2026-08-15T19:17,1786821433.3,3c079db6-117c-4e79-94ed-5178c1517091,Prospect Expwy @ Prospect Park W @ 19 St,truck,65,57,3705,1.14,1,0.0,0.0,False
2026-08-15T19:17,1786821433.3,3c079db6-117c-4e79-94ed-5178c1517091,Prospect Expwy @ Prospect Park W @ 19 St,truck,73,43,3139,1.698,1,0.0,0.0,False
2026-08-15T19:17,1786821433.3,3c079db6-117c-4e79-94ed-5178c1517091,Prospect Expwy @ Prospect Park W @ 19 St,truck,74,53,3922,1.396,2,19.7,7.43,False
2026-08-15T19:17,1786821433.3,3c079db6-117c-4e79-94ed-5178c1517091,Prospect Expwy @ Prospect Park W @ 19 St,car,48,43,2064,1.116,1,0.0,0.0,False
2026-08-15T19:17,1786821433.3,3c079db6-117c-4e79-94ed-5178c1517091,Prospect Expwy @ Prospect Park W @ 19 St,car,74,52,3848,1.423,1,0.0,0.0,False
2026-08-15T19:17,1786821433.3,3c079db6-117c-4e79-94ed-5178c1517091,Prospect Expwy @ Prospect Park W @ 19 St,car,45,35,1575,1.286,2,99.8,14.71,False
2026-08-15T19:17,1786821433.3,3c079db6-117c-4e79-94ed-5178c1517091,Prospect Expwy @ Prospect Park W @ 19 St,truck,49,44,2156,1.114,2,346.9,22.07,True
2026-08-15T19:17,1786821433.3,3c079db6-117c-4e79-94ed-5178c1517091,Prospect Expwy @ Prospect Park W @ 19 St,car,37,32,1184,1.156,1,0.0,0.0,False
2026-08-15T19:17,1786821433.3,3c079db6-117c-4e79-94ed-5178c1517091,Prospect Expwy @ Prospect Park W @ 19 St,car,65,57,3705,1.14,1,0.0,0.0,False
2026-08-15T19:17,1786821435.3,3c079db6-117c-4e79-94ed-5178c1517091,Prospect Expwy @ Prospect Park W @ 19 St,truck,60,64,3840,0.938,2,268.9,25.5,False
2026-08-15T19:17,1786821435.3,3c079db6-117c-4e79-94ed-5178c1517091,Prospect Expwy @ Prospect Park W @ 19 St,car,35,34,1190,1.029,2,337.8,14.58,True
2026-08-15T19:17,1786821435.3,3c079db6-117c-4e79-94ed-5178c1517091,Prospect Expwy @ Prospect Park W @ 19 St,car,28,22,616,1.273,1,0.0,0.0,False
2026-08-15T19:17,1786821435.3,3c079db6-117c-4e79-94ed-5178c1517091,Prospect Expwy @ Prospect Park W @ 19 St,truck,41,39,1599,1.051,2,194.7,9.82,False
2026-08-15T19:17,1786821435.3,3c079db6-117c-4e79-94ed-5178c1517091,Prospect Expwy @ Prospect Park W @ 19 St,car,31,33,1023,0.939,1,0.0,0.0,False
2026-08-15T19:17,1786821435.3,3c079db6-117c-4e79-94ed-5178c1517091,Prospect Expwy @ Prospect Park W @ 19 St,truck,69,42,2898,1.643,2,166.0,4.12,False
2026-08-15T19:17,1786821435.3,3c079db6-117c-4e79-94ed-5178c1517091,Prospect Expwy @ Prospect Park W @ 19 St,truck,32,34,1088,0.941,1,0.0,0.0,False
2026-08-15T19:17,1786821435.3,3c079db6-117c-4e79-94ed-5178c1517091,Prospect Expwy @ Prospect Park W @ 19 St,car,59,57,3363,1.035,1,0.0,0.0,False
2026-08-15T19:17,1786821437.3,3c079db6-117c-4e79-94ed-5178c1517091,Prospect Expwy @ Prospect Park W @ 19 St,truck,100,131,13100,0.763,1,0.0,0.0,False
2026-08-15T19:17,1786821437.3,3c079db6-117c-4e79-94ed-5178c1517091,Prospect Expwy @ Prospect Park W @ 19 St,car,39,33,1287,1.182,1,0.0,0.0,False
2026-08-15T19:17,1786821437.3,3c079db6-117c-4e79-94ed-5178c1517091,Prospect Expwy @ Prospect Park W @ 19 St,truck,48,42,2016,1.143,1,0.0,0.0,False
2026-08-15T19:17,1786821437.3,3c079db6-117c-4e79-94ed-5178c1517091,Prospect Expwy @ Prospect Park W @ 19 St,car,37,31,1147,1.194,1,0.0,0.0,False
2026-08-15T19:17,1786821437.3,3c079db6-117c-4e79-94ed-5178c1517091,Prospect Expwy @ Prospect Park W @ 19 St,truck,51,46,2346,1.109,1,0.0,0.0,False
2026-08-15T19:17,1786821437.3,3c079db6-117c-4e79-94ed-5178c1517091,Prospect Expwy @ Prospect Park W @ 19 St,car,24,22,528,1.091,1,0.0,0.0,False
2026-08-15T19:17,1786821437.3,3c079db6-117c-4e79-94ed-5178c1517091,Prospect Expwy @ Prospect Park W @ 19 St,car,41,30,1230,1.367,1,0.0,0.0,False
2026-08-15T19:17,1786821425.3,5a9ebe48-fb36-4de7-8666-f50de83c7941,Flatbush Ave @ Nostrand Ave,car,43,37,1591,1.162,3,133.5,6.54,False
2026-08-15T19:17,1786821429.3,5a9ebe48-fb36-4de7-8666-f50de83c7941,Flatbush Ave @ Nostrand Ave,car,63,32,2016,1.969,1,0.0,0.0,False
2026-08-15T19:17,1786821435.3,5a9ebe48-fb36-4de7-8666-f50de83c7941,Flatbush Ave @ Nostrand Ave,car,22,29,638,0.759,1,0.0,0.0,False
2026-08-15T19:17,1786821439.3,5a9ebe48-fb36-4de7-8666-f50de83c7941,Flatbush Ave @ Nostrand Ave,car,50,24,1200,2.083,1,0.0,0.0,False
2026-08-15T19:17,1786821439.3,5a9ebe48-fb36-4de7-8666-f50de83c7941,Flatbush Ave @ Nostrand Ave,car,25,14,350,1.786,1,0.0,0.0,False
2026-08-15T19:17,1786821439.3,5a9ebe48-fb36-4de7-8666-f50de83c7941,Flatbush Ave @ Nostrand Ave,car,29,21,609,1.381,1,0.0,0.0,False
2026-08-15T19:17,1786821439.3,5a9ebe48-fb36-4de7-8666-f50de83c7941,Flatbush Ave @ Nostrand Ave,car,21,11,231,1.909,1,0.0,0.0,False
2026-08-15T19:17,1786821425.3,5a9ebe48-fb36-4de7-8666-f50de83c7941,Flatbush Ave @ Nostrand Ave,car,44,36,1584,1.222,9,39.8,0.98,False
2026-08-15T19:17,1786821425.3,5a9ebe48-fb36-4de7-8666-f50de83c7941,Flatbush Ave @ Nostrand Ave,car,52,35,1820,1.486,10,0.0,0.17,False
2026-08-15T19:17,1786821431.3,5a9ebe48-fb36-4de7-8666-f50de83c7941,Flatbush Ave @ Nostrand Ave,car,79,40,3160,1.975,8,117.6,1.69,False
2026-08-15T19:17,1786821439.3,5a9ebe48-fb36-4de7-8666-f50de83c7941,Flatbush Ave @ Nostrand Ave,car,90,101,9090,0.891,3,128.4,24.56,True
2026-08-15T19:17,1786821441.3,5a9ebe48-fb36-4de7-8666-f50de83c7941,Flatbush Ave @ Nostrand Ave,car,35,21,735,1.667,1,0.0,0.0,False
2026-08-15T19:17,1786821443.3,5a9ebe48-fb36-4de7-8666-f50de83c7941,Flatbush Ave @ Nostrand Ave,car,53,40,2120,1.325,1,0.0,0.0,False
2026-08-15T19:17,1786821443.3,5a9ebe48-fb36-4de7-8666-f50de83c7941,Flatbush Ave @ Nostrand Ave,car,29,46,1334,0.63,1,0.0,0.0,False
2026-08-15T19:17,1786821443.3,5a9ebe48-fb36-4de7-8666-f50de83c7941,Flatbush Ave @ Nostrand Ave,car,54,40,2160,1.35,2,90.0,11.5,False
2026-08-15T19:17,1786821443.3,5a9ebe48-fb36-4de7-8666-f50de83c7941,Flatbush Ave @ Nostrand Ave,car,39,39,1521,1.0,2,97.9,14.64,False
2026-08-15T19:17,1786821445.3,5a9ebe48-fb36-4de7-8666-f50de83c7941,Flatbush Ave @ Nostrand Ave,car,22,14,308,1.571,1,0.0,0.0,False
2026-08-15T19:17,1786821445.3,5a9ebe48-fb36-4de7-8666-f50de83c7941,Flatbush Ave @ Nostrand Ave,car,38,24,912,1.583,1,0.0,0.0,False
2026-08-15T19:17,1786821445.3,5a9ebe48-fb36-4de7-8666-f50de83c7941,Flatbush Ave @ Nostrand Ave,car,23,19,437,1.211,1,0.0,0.0,False
2026-08-15T19:17,1786821425.3,88895623-f6fa-4509-a927-8eae076725da,Ft. Hamilton Pkwy @ McDonald Ave,car,64,51,3264,1.255,1,0.0,0.0,False
2026-08-15T19:17,1786821425.3,88895623-f6fa-4509-a927-8eae076725da,Ft. Hamilton Pkwy @ McDonald Ave,truck,112,88,9856,1.273,1,0.0,0.0,False
2026-08-15T19:17,1786821425.3,88895623-f6fa-4509-a927-8eae076725da,Ft. Hamilton Pkwy @ McDonald Ave,car,114,89,10146,1.281,1,0.0,0.0,False
2026-08-15T19:17,1786821427.3,88895623-f6fa-4509-a927-8eae076725da,Ft. Hamilton Pkwy @ McDonald Ave,car,79,71,5609,1.113,1,0.0,0.0,False
2026-08-15T19:17,1786821427.3,88895623-f6fa-4509-a927-8eae076725da,Ft. Hamilton Pkwy @ McDonald Ave,car,23,23,529,1.0,1,0.0,0.0,False
2026-08-15T19:17,1786821429.3,88895623-f6fa-4509-a927-8eae076725da,Ft. Hamilton Pkwy @ McDonald Ave,truck,41,36,1476,1.139,1,0.0,0.0,False
2026-08-15T19:17,1786821429.3,88895623-f6fa-4509-a927-8eae076725da,Ft. Hamilton Pkwy @ McDonald Ave,car,22,19,418,1.158,1,0.0,0.0,False
2026-08-15T19:17,1786821425.3,88895623-f6fa-4509-a927-8eae076725da,Ft. Hamilton Pkwy @ McDonald Ave,car,37,27,999,1.37,3,0.0,0.0,False
2026-08-15T19:17,1786821431.3,88895623-f6fa-4509-a927-8eae076725da,Ft. Hamilton Pkwy @ McDonald Ave,car,70,52,3640,1.346,1,0.0,0.0,False
2026-08-15T19:17,1786821431.3,88895623-f6fa-4509-a927-8eae076725da,Ft. Hamilton Pkwy @ McDonald Ave,car,35,26,910,1.346,1,0.0,0.0,False
2026-08-15T19:17,1786821433.3,88895623-f6fa-4509-a927-8eae076725da,Ft. Hamilton Pkwy @ McDonald Ave,car,27,17,459,1.588,1,0.0,0.0,False
2026-08-15T19:17,1786821433.3,88895623-f6fa-4509-a927-8eae076725da,Ft. Hamilton Pkwy @ McDonald Ave,truck,26,29,754,0.897,1,0.0,0.0,False
2026-08-15T19:17,1786821433.3,88895623-f6fa-4509-a927-8eae076725da,Ft. Hamilton Pkwy @ McDonald Ave,truck,57,35,1995,1.629,1,0.0,0.0,False
2026-08-15T19:17,1786821433.3,88895623-f6fa-4509-a927-8eae076725da,Ft. Hamilton Pkwy @ McDonald Ave,car,24,30,720,0.8,1,0.0,0.0,False
2026-08-15T19:17,1786821431.3,88895623-f6fa-4509-a927-8eae076725da,Ft. Hamilton Pkwy @ McDonald Ave,car,93,79,7347,1.177,2,102.1,14.32,False
2026-08-15T19:17,1786821435.3,88895623-f6fa-4509-a927-8eae076725da,Ft. Hamilton Pkwy @ McDonald Ave,bus,60,67,4020,0.896,1,0.0,0.0,False
2026-08-15T19:17,1786821435.3,88895623-f6fa-4509-a927-8eae076725da,Ft. Hamilton Pkwy @ McDonald Ave,car,58,49,2842,1.184,1,0.0,0.0,False
2026-08-15T19:17,1786821433.3,88895623-f6fa-4509-a927-8eae076725da,Ft. Hamilton Pkwy @ McDonald Ave,car,29,27,783,1.074,2,270.0,9.0,False
2026-08-15T19:17,1786821439.3,88895623-f6fa-4509-a927-8eae076725da,Ft. Hamilton Pkwy @ McDonald Ave,car,37,25,925,1.48,1,0.0,0.0,False
2026-08-15T19:17,1786821425.3,88895623-f6fa-4509-a927-8eae076725da,Ft. Hamilton Pkwy @ McDonald Ave,car,70,61,4270,1.148,11,0.0,0.0,False
2026-08-15T19:17,1786821433.3,88895623-f6fa-4509-a927-8eae076725da,Ft. Hamilton Pkwy @ McDonald Ave,car,162,129,20898,1.256,7,222.2,3.6,False
2026-08-15T19:17,1786821437.3,88895623-f6fa-4509-a927-8eae076725da,Ft. Hamilton Pkwy @ McDonald Ave,bus,129,128,16512,1.008,5,135.0,2.47,False
2026-08-15T19:17,1786821437.3,88895623-f6fa-4509-a927-8eae076725da,Ft. Hamilton Pkwy @ McDonald Ave,car,123,107,13161,1.15,5,71.6,0.4,False
2026-08-15T19:17,1786821439.3,88895623-f6fa-4509-a927-8eae076725da,Ft. Hamilton Pkwy @ McDonald Ave,car,74,60,4440,1.233,3,270.0,0.25,False
2026-08-15T19:17,1786821439.3,88895623-f6fa-4509-a927-8eae076725da,Ft. Hamilton Pkwy @ McDonald Ave,truck,74,61,4514,1.213,4,90.0,0.17,False
2026-08-15T19:17,1786821441.3,88895623-f6fa-4509-a927-8eae076725da,Ft. Hamilton Pkwy @ McDonald Ave,truck,123,107,13161,1.15,3,135.0,0.71,False
2026-08-15T19:17,1786821425.3,0bbea8bd-10f1-4126-b3c5-9e9432eab749,Atlantic Ave @ Pennsylvania Ave,car,155,130,20150,1.192,1,0.0,0.0,False
2026-08-15T19:17,1786821425.3,0bbea8bd-10f1-4126-b3c5-9e9432eab749,Atlantic Ave @ Pennsylvania Ave,car,87,46,4002,1.891,1,0.0,0.0,False
2026-08-15T19:17,1786821425.3,0bbea8bd-10f1-4126-b3c5-9e9432eab749,Atlantic Ave @ Pennsylvania Ave,car,29,26,754,1.115,1,0.0,0.0,False
2026-08-15T19:17,1786821425.3,0bbea8bd-10f1-4126-b3c5-9e9432eab749,Atlantic Ave @ Pennsylvania Ave,car,132,72,9504,1.833,2,341.4,50.12,False
2026-08-15T19:17,1786821425.3,0bbea8bd-10f1-4126-b3c5-9e9432eab749,Atlantic Ave @ Pennsylvania Ave,car,26,23,598,1.13,2,333.4,13.42,True
2026-08-15T19:17,1786821427.3,0bbea8bd-10f1-4126-b3c5-9e9432eab749,Atlantic Ave @ Pennsylvania Ave,car,36,47,1692,0.766,1,0.0,0.0,False
2026-08-15T19:17,1786821427.3,0bbea8bd-10f1-4126-b3c5-9e9432eab749,Atlantic Ave @ Pennsylvania Ave,car,30,22,660,1.364,1,0.0,0.0,False
2026-08-15T19:17,1786821425.3,0bbea8bd-10f1-4126-b3c5-9e9432eab749,Atlantic Ave @ Pennsylvania Ave,car,55,38,2090,1.447,2,341.6,6.32,False
2026-08-15T19:17,1786821427.3,0bbea8bd-10f1-4126-b3c5-9e9432eab749,Atlantic Ave @ Pennsylvania Ave,car,115,104,11960,1.106,2,326.3,3.61,False
2026-08-15T19:17,1786821427.3,0bbea8bd-10f1-4126-b3c5-9e9432eab749,Atlantic Ave @ Pennsylvania Ave,truck,146,99,14454,1.475,2,171.5,74.81,True
2026-08-15T19:17,1786821429.3,0bbea8bd-10f1-4126-b3c5-9e9432eab749,Atlantic Ave @ Pennsylvania Ave,car,89,97,8633,0.918,1,0.0,0.0,False
2026-08-15T19:17,1786821429.3,0bbea8bd-10f1-4126-b3c5-9e9432eab749,Atlantic Ave @ Pennsylvania Ave,car,31,19,589,1.632,1,0.0,0.0,False
2026-08-15T19:17,1786821425.3,0bbea8bd-10f1-4126-b3c5-9e9432eab749,Atlantic Ave @ Pennsylvania Ave,car,66,50,3300,1.32,4,73.0,8.54,False
2026-08-15T19:17,1786821427.3,0bbea8bd-10f1-4126-b3c5-9e9432eab749,Atlantic Ave @ Pennsylvania Ave,car,73,80,5840,0.912,3,7.6,18.92,True
2026-08-15T19:17,1786821427.3,0bbea8bd-10f1-4126-b3c5-9e9432eab749,Atlantic Ave @ Pennsylvania Ave,car,35,22,770,1.591,3,339.9,7.99,True
2026-08-15T19:17,1786821427.3,0bbea8bd-10f1-4126-b3c5-9e9432eab749,Atlantic Ave @ Pennsylvania Ave,car,36,26,936,1.385,2,290.0,11.7,False
2026-08-15T19:17,1786821429.3,0bbea8bd-10f1-4126-b3c5-9e9432eab749,Atlantic Ave @ Pennsylvania Ave,car,40,36,1440,1.111,2,247.2,16.81,True
2026-08-15T19:17,1786821429.3,0bbea8bd-10f1-4126-b3c5-9e9432eab749,Atlantic Ave @ Pennsylvania Ave,car,50,45,2250,1.111,2,133.3,11.67,False
2026-08-15T19:17,1786821431.3,0bbea8bd-10f1-4126-b3c5-9e9432eab749,Atlantic Ave @ Pennsylvania Ave,car,43,32,1376,1.344,1,0.0,0.0,False
2026-08-15T19:17,1786821431.3,0bbea8bd-10f1-4126-b3c5-9e9432eab749,Atlantic Ave @ Pennsylvania Ave,car,78,46,3588,1.696,1,0.0,0.0,False
2026-08-15T19:17,1786821431.3,0bbea8bd-10f1-4126-b3c5-9e9432eab749,Atlantic Ave @ Pennsylvania Ave,car,105,61,6405,1.721,1,0.0,0.0,False
2026-08-15T19:17,1786821431.3,0bbea8bd-10f1-4126-b3c5-9e9432eab749,Atlantic Ave @ Pennsylvania Ave,car,17,23,391,0.739,1,0.0,0.0,False
2026-08-15T19:17,1786821429.3,0bbea8bd-10f1-4126-b3c5-9e9432eab749,Atlantic Ave @ Pennsylvania Ave,truck,259,158,40922,1.639,2,139.4,79.07,False
2026-08-15T19:17,1786821431.3,0bbea8bd-10f1-4126-b3c5-9e9432eab749,Atlantic Ave @ Pennsylvania Ave,car,73,44,3212,1.659,2,355.2,35.63,True
2026-08-15T19:17,1786821433.3,0bbea8bd-10f1-4126-b3c5-9e9432eab749,Atlantic Ave @ Pennsylvania Ave,bus,210,87,18270,2.414,1,0.0,0.0,False
2026-08-15T19:17,1786821435.3,0bbea8bd-10f1-4126-b3c5-9e9432eab749,Atlantic Ave @ Pennsylvania Ave,car,96,87,8352,1.103,1,0.0,0.0,False
2026-08-15T19:17,1786821435.3,0bbea8bd-10f1-4126-b3c5-9e9432eab749,Atlantic Ave @ Pennsylvania Ave,car,107,85,9095,1.259,1,0.0,0.0,False
2026-08-15T19:17,1786821435.3,0bbea8bd-10f1-4126-b3c5-9e9432eab749,Atlantic Ave @ Pennsylvania Ave,car,29,42,1218,0.69,1,0.0,0.0,False
2026-08-15T19:17,1786821427.3,0bbea8bd-10f1-4126-b3c5-9e9432eab749,Atlantic Ave @ Pennsylvania Ave,car,123,164,20172,0.75,5,263.5,17.74,True
2026-08-15T19:17,1786821429.3,0bbea8bd-10f1-4126-b3c5-9e9432eab749,Atlantic Ave @ Pennsylvania Ave,car,87,101,8787,0.861,5,126.1,9.13,False
2026-08-15T19:17,1786821429.3,0bbea8bd-10f1-4126-b3c5-9e9432eab749,Atlantic Ave @ Pennsylvania Ave,truck,94,135,12690,0.696,3,278.6,31.86,True
2026-08-15T19:17,1786821431.3,0bbea8bd-10f1-4126-b3c5-9e9432eab749,Atlantic Ave @ Pennsylvania Ave,car,208,109,22672,1.908,3,353.9,16.59,False
2026-08-15T19:17,1786821435.3,0bbea8bd-10f1-4126-b3c5-9e9432eab749,Atlantic Ave @ Pennsylvania Ave,car,57,41,2337,1.39,2,315.0,1.41,False
2026-08-15T19:17,1786821435.3,0bbea8bd-10f1-4126-b3c5-9e9432eab749,Atlantic Ave @ Pennsylvania Ave,car,111,42,4662,2.643,2,123.7,3.61,False
2026-08-15T19:17,1786821435.3,0bbea8bd-10f1-4126-b3c5-9e9432eab749,Atlantic Ave @ Pennsylvania Ave,car,46,31,1426,1.484,2,79.4,8.14,False
2026-08-15T19:17,1786821437.3,0bbea8bd-10f1-4126-b3c5-9e9432eab749,Atlantic Ave @ Pennsylvania Ave,car,69,71,4899,0.972,1,0.0,0.0,False
2026-08-15T19:17,1786821437.3,0bbea8bd-10f1-4126-b3c5-9e9432eab749,Atlantic Ave @ Pennsylvania Ave,car,29,18,522,1.611,1,0.0,0.0,False
2026-08-15T19:17,1786821437.3,0bbea8bd-10f1-4126-b3c5-9e9432eab749,Atlantic Ave @ Pennsylvania Ave,car,68,39,2652,1.744,1,0.0,0.0,False
2026-08-15T19:17,1786821437.3,0bbea8bd-10f1-4126-b3c5-9e9432eab749,Atlantic Ave @ Pennsylvania Ave,car,54,33,1782,1.636,1,0.0,0.0,False
2026-08-15T19:17,1786821437.3,0bbea8bd-10f1-4126-b3c5-9e9432eab749,Atlantic Ave @ Pennsylvania Ave,car,23,13,299,1.769,1,0.0,0.0,False
2026-08-15T19:17,1786821425.3,0bbea8bd-10f1-4126-b3c5-9e9432eab749,Atlantic Ave @ Pennsylvania Ave,car,170,139,23630,1.223,8,148.2,26.46,True
2026-08-15T19:17,1786821431.3,0bbea8bd-10f1-4126-b3c5-9e9432eab749,Atlantic Ave @ Pennsylvania Ave,car,68,75,5100,0.907,4,90.9,11.0,True
2026-08-15T19:17,1786821433.3,0bbea8bd-10f1-4126-b3c5-9e9432eab749,Atlantic Ave @ Pennsylvania Ave,car,115,86,9890,1.337,4,207.6,4.32,False
2026-08-15T19:17,1786821439.3,0bbea8bd-10f1-4126-b3c5-9e9432eab749,Atlantic Ave @ Pennsylvania Ave,car,32,26,832,1.231,1,0.0,0.0,False
2026-08-15T19:17,1786821439.3,0bbea8bd-10f1-4126-b3c5-9e9432eab749,Atlantic Ave @ Pennsylvania Ave,car,22,16,352,1.375,1,0.0,0.0,False
2026-08-15T19:17,1786821427.3,0bbea8bd-10f1-4126-b3c5-9e9432eab749,Atlantic Ave @ Pennsylvania Ave,car,107,74,7918,1.446,8,86.4,1.15,False
2026-08-15T19:17,1786821427.3,0bbea8bd-10f1-4126-b3c5-9e9432eab749,Atlantic Ave @ Pennsylvania Ave,car,31,21,651,1.476,8,333.4,0.16,False
2026-08-15T19:17,1786821429.3,0bbea8bd-10f1-4126-b3c5-9e9432eab749,Atlantic Ave @ Pennsylvania Ave,car,99,86,8514,1.151,7,131.6,4.9,False
2026-08-15T19:17,1786821433.3,0bbea8bd-10f1-4126-b3c5-9e9432eab749,Atlantic Ave @ Pennsylvania Ave,car,46,44,2024,1.045,4,209.1,3.43,False
2026-08-15T19:17,1786821433.3,0bbea8bd-10f1-4126-b3c5-9e9432eab749,Atlantic Ave @ Pennsylvania Ave,car,145,88,12760,1.648,5,339.7,27.45,True
2026-08-15T19:17,1786821439.3,0bbea8bd-10f1-4126-b3c5-9e9432eab749,Atlantic Ave @ Pennsylvania Ave,car,65,42,2730,1.548,2,281.3,2.55,False
2026-08-15T19:17,1786821441.3,0bbea8bd-10f1-4126-b3c5-9e9432eab749,Atlantic Ave @ Pennsylvania Ave,car,125,82,10250,1.524,2,142.1,34.21,False
2026-08-15T19:17,1786821441.3,0bbea8bd-10f1-4126-b3c5-9e9432eab749,Atlantic Ave @ Pennsylvania Ave,car,18,14,252,1.286,1,0.0,0.0,False
2026-08-15T19:17,1786821441.3,0bbea8bd-10f1-4126-b3c5-9e9432eab749,Atlantic Ave @ Pennsylvania Ave,car,27,16,432,1.688,1,0.0,0.0,False
2026-08-15T19:17,1786821441.3,0bbea8bd-10f1-4126-b3c5-9e9432eab749,Atlantic Ave @ Pennsylvania Ave,car,32,26,832,1.231,1,0.0,0.0,False
2026-08-15T19:17,1786821441.3,0bbea8bd-10f1-4126-b3c5-9e9432eab749,Atlantic Ave @ Pennsylvania Ave,car,29,20,580,1.45,2,340.6,9.01,False
2026-08-15T19:17,1786821441.3,0bbea8bd-10f1-4126-b3c5-9e9432eab749,Atlantic Ave @ Pennsylvania Ave,car,31,23,713,1.348,1,0.0,0.0,False
2026-08-15T19:17,1786821443.3,0bbea8bd-10f1-4126-b3c5-9e9432eab749,Atlantic Ave @ Pennsylvania Ave,car,84,70,5880,1.2,1,0.0,0.0,False
2026-08-15T19:17,1786821443.3,0bbea8bd-10f1-4126-b3c5-9e9432eab749,Atlantic Ave @ Pennsylvania Ave,car,166,104,17264,1.596,2,348.7,12.75,False
2026-08-15T19:17,1786821443.3,0bbea8bd-10f1-4126-b3c5-9e9432eab749,Atlantic Ave @ Pennsylvania Ave,car,68,78,5304,0.872,1,0.0,0.0,False
2026-08-15T19:17,1786821443.3,0bbea8bd-10f1-4126-b3c5-9e9432eab749,Atlantic Ave @ Pennsylvania Ave,car,43,20,860,2.15,1,0.0,0.0,False
2026-08-15T19:17,1786821443.3,0bbea8bd-10f1-4126-b3c5-9e9432eab749,Atlantic Ave @ Pennsylvania Ave,car,81,52,4212,1.558,1,0.0,0.0,False
2026-08-15T19:17,1786821443.3,0bbea8bd-10f1-4126-b3c5-9e9432eab749,Atlantic Ave @ Pennsylvania Ave,car,32,19,608,1.684,1,0.0,0.0,False
2026-08-15T19:17,1786821425.3,d401c83b-2f78-49dd-8974-14c819a992b2,C2-PE-05-Ctr_at_7th_Ave-Ex4,car,179,100,17900,1.79,2,178.6,60.02,False
2026-08-15T19:17,1786821431.3,d401c83b-2f78-49dd-8974-14c819a992b2,C2-PE-05-Ctr_at_7th_Ave-Ex4,car,61,42,2562,1.452,1,0.0,0.0,False
2026-08-15T19:17,1786821433.3,d401c83b-2f78-49dd-8974-14c819a992b2,C2-PE-05-Ctr_at_7th_Ave-Ex4,car,79,72,5688,1.097,1,0.0,0.0,False
2026-08-15T19:17,1786821433.3,d401c83b-2f78-49dd-8974-14c819a992b2,C2-PE-05-Ctr_at_7th_Ave-Ex4,car,137,131,17947,1.046,1,0.0,0.0,False
2026-08-15T19:17,1786821433.3,d401c83b-2f78-49dd-8974-14c819a992b2,C2-PE-05-Ctr_at_7th_Ave-Ex4,truck,137,130,17810,1.054,1,0.0,0.0,False
2026-08-15T19:17,1786821435.3,d401c83b-2f78-49dd-8974-14c819a992b2,C2-PE-05-Ctr_at_7th_Ave-Ex4,car,169,48,8112,3.521,1,0.0,0.0,False
2026-08-15T19:17,1786821435.3,d401c83b-2f78-49dd-8974-14c819a992b2,C2-PE-05-Ctr_at_7th_Ave-Ex4,car,127,103,13081,1.233,1,0.0,0.0,False
2026-08-15T19:17,1786821437.3,d401c83b-2f78-49dd-8974-14c819a992b2,C2-PE-05-Ctr_at_7th_Ave-Ex4,car,173,86,14878,2.012,1,0.0,0.0,False
2026-08-15T19:17,1786821439.3,d401c83b-2f78-49dd-8974-14c819a992b2,C2-PE-05-Ctr_at_7th_Ave-Ex4,car,137,116,15892,1.181,1,0.0,0.0,False
2026-08-15T19:17,1786821441.3,d401c83b-2f78-49dd-8974-14c819a992b2,C2-PE-05-Ctr_at_7th_Ave-Ex4,car,70,58,4060,1.207,1,0.0,0.0,False
2026-08-15T19:17,1786821443.3,d401c83b-2f78-49dd-8974-14c819a992b2,C2-PE-05-Ctr_at_7th_Ave-Ex4,car,107,96,10272,1.115,1,0.0,0.0,False
2026-08-15T19:17,1786821443.3,d401c83b-2f78-49dd-8974-14c819a992b2,C2-PE-05-Ctr_at_7th_Ave-Ex4,truck,144,98,14112,1.469,1,0.0,0.0,False
2026-08-15T19:17,1786821443.3,d401c83b-2f78-49dd-8974-14c819a992b2,C2-PE-05-Ctr_at_7th_Ave-Ex4,car,143,99,14157,1.444,1,0.0,0.0,False
2026-08-15T19:17,1786821425.3,40961631-fb83-4f48-8ffb-3385448d4e5f,7 Ave @ 18 St,truck,91,47,4277,1.936,2,210.7,15.69,False
2026-08-15T19:17,1786821427.3,40961631-fb83-4f48-8ffb-3385448d4e5f,7 Ave @ 18 St,truck,52,45,2340,1.156,1,0.0,0.0,False
2026-08-15T19:17,1786821427.3,40961631-fb83-4f48-8ffb-3385448d4e5f,7 Ave @ 18 St,car,56,46,2576,1.217,1,0.0,0.0,False
2026-08-15T19:17,1786821427.3,40961631-fb83-4f48-8ffb-3385448d4e5f,7 Ave @ 18 St,car,66,35,2310,1.886,1,0.0,0.0,False
2026-08-15T19:17,1786821427.3,40961631-fb83-4f48-8ffb-3385448d4e5f,7 Ave @ 18 St,truck,56,45,2520,1.244,1,0.0,0.0,False
2026-08-15T19:17,1786821433.3,40961631-fb83-4f48-8ffb-3385448d4e5f,7 Ave @ 18 St,car,34,17,578,2.0,1,0.0,0.0,False
2026-08-15T19:17,1786821433.3,40961631-fb83-4f48-8ffb-3385448d4e5f,7 Ave @ 18 St,car,28,17,476,1.647,1,0.0,0.0,False
2026-08-15T19:17,1786821433.3,40961631-fb83-4f48-8ffb-3385448d4e5f,7 Ave @ 18 St,car,28,21,588,1.333,1,0.0,0.0,False
2026-08-15T19:17,1786821433.3,40961631-fb83-4f48-8ffb-3385448d4e5f,7 Ave @ 18 St,car,22,17,374,1.294,1,0.0,0.0,False
2026-08-15T19:17,1786821435.3,40961631-fb83-4f48-8ffb-3385448d4e5f,7 Ave @ 18 St,bus,111,91,10101,1.22,1,0.0,0.0,False
2026-08-15T19:17,1786821435.3,40961631-fb83-4f48-8ffb-3385448d4e5f,7 Ave @ 18 St,truck,112,89,9968,1.258,1,0.0,0.0,False
2026-08-15T19:17,1786821431.3,40961631-fb83-4f48-8ffb-3385448d4e5f,7 Ave @ 18 St,car,24,17,408,1.412,3,155.1,7.72,True
2026-08-15T19:17,1786821441.3,40961631-fb83-4f48-8ffb-3385448d4e5f,7 Ave @ 18 St,car,41,27,1107,1.519,1,0.0,0.0,False
2026-08-15T19:17,1786821441.3,40961631-fb83-4f48-8ffb-3385448d4e5f,7 Ave @ 18 St,truck,74,58,4292,1.276,1,0.0,0.0,False
2026-08-15T19:17,1786821443.3,40961631-fb83-4f48-8ffb-3385448d4e5f,7 Ave @ 18 St,car,23,14,322,1.643,1,0.0,0.0,False
2026-08-15T19:17,1786821443.3,40961631-fb83-4f48-8ffb-3385448d4e5f,7 Ave @ 18 St,car,23,14,322,1.643,1,0.0,0.0,False
2026-08-15T19:17,1786821425.3,f801cf2f-cd02-4077-aa53-99ee8a00e1ab,3 Ave @ Atlantic Ave,car,23,21,483,1.095,1,0.0,0.0,False
2026-08-15T19:17,1786821427.3,f801cf2f-cd02-4077-aa53-99ee8a00e1ab,3 Ave @ Atlantic Ave,car,41,29,1189,1.414,1,0.0,0.0,False
2026-08-15T19:17,1786821427.3,f801cf2f-cd02-4077-aa53-99ee8a00e1ab,3 Ave @ Atlantic Ave,car,54,37,1998,1.459,1,0.0,0.0,False
2026-08-15T19:17,1786821427.3,f801cf2f-cd02-4077-aa53-99ee8a00e1ab,3 Ave @ Atlantic Ave,truck,88,115,10120,0.765,1,0.0,0.0,False
2026-08-15T19:17,1786821425.3,f801cf2f-cd02-4077-aa53-99ee8a00e1ab,3 Ave @ Atlantic Ave,car,110,63,6930,1.746,2,211.8,24.7,False
2026-08-15T19:17,1786821425.3,f801cf2f-cd02-4077-aa53-99ee8a00e1ab,3 Ave @ Atlantic Ave,car,37,27,999,1.37,3,226.5,6.54,False
2026-08-15T19:17,1786821425.3,f801cf2f-cd02-4077-aa53-99ee8a00e1ab,3 Ave @ Atlantic Ave,car,73,66,4818,1.106,2,167.7,35.31,True
2026-08-15T19:17,1786821425.3,f801cf2f-cd02-4077-aa53-99ee8a00e1ab,3 Ave @ Atlantic Ave,car,148,105,15540,1.41,2,104.0,6.18,False
2026-08-15T19:17,1786821427.3,f801cf2f-cd02-4077-aa53-99ee8a00e1ab,3 Ave @ Atlantic Ave,car,43,33,1419,1.303,2,23.6,17.46,True
2026-08-15T19:17,1786821425.3,f801cf2f-cd02-4077-aa53-99ee8a00e1ab,3 Ave @ Atlantic Ave,truck,124,116,14384,1.069,3,59.0,18.95,False
2026-08-15T19:17,1786821427.3,f801cf2f-cd02-4077-aa53-99ee8a00e1ab,3 Ave @ Atlantic Ave,car,78,54,4212,1.444,3,328.2,6.17,False
2026-08-15T19:17,1786821427.3,f801cf2f-cd02-4077-aa53-99ee8a00e1ab,3 Ave @ Atlantic Ave,car,37,36,1332,1.028,3,78.7,5.1,False
2026-08-15T19:17,1786821429.3,f801cf2f-cd02-4077-aa53-99ee8a00e1ab,3 Ave @ Atlantic Ave,car,73,68,4964,1.074,2,10.1,22.85,False
2026-08-15T19:17,1786821431.3,f801cf2f-cd02-4077-aa53-99ee8a00e1ab,3 Ave @ Atlantic Ave,car,58,46,2668,1.261,1,0.0,0.0,False
2026-08-15T19:17,1786821431.3,f801cf2f-cd02-4077-aa53-99ee8a00e1ab,3 Ave @ Atlantic Ave,car,63,53,3339,1.189,1,0.0,0.0,False
2026-08-15T19:17,1786821431.3,f801cf2f-cd02-4077-aa53-99ee8a00e1ab,3 Ave @ Atlantic Ave,truck,28,34,952,0.824,1,0.0,0.0,False
2026-08-15T19:17,1786821425.3,f801cf2f-cd02-4077-aa53-99ee8a00e1ab,3 Ave @ Atlantic Ave,car,136,100,13600,1.36,3,231.6,46.27,True
2026-08-15T19:17,1786821431.3,f801cf2f-cd02-4077-aa53-99ee8a00e1ab,3 Ave @ Atlantic Ave,truck,69,60,4140,1.15,2,111.4,12.35,False
2026-08-15T19:17,1786821425.3,f801cf2f-cd02-4077-aa53-99ee8a00e1ab,3 Ave @ Atlantic Ave,car,39,37,1443,1.054,4,91.9,5.0,False
2026-08-15T19:17,1786821435.3,f801cf2f-cd02-4077-aa53-99ee8a00e1ab,3 Ave @ Atlantic Ave,car,144,101,14544,1.426,1,0.0,0.0,False
2026-08-15T19:17,1786821435.3,f801cf2f-cd02-4077-aa53-99ee8a00e1ab,3 Ave @ Atlantic Ave,car,63,43,2709,1.465,1,0.0,0.0,False
2026-08-15T19:17,1786821435.3,f801cf2f-cd02-4077-aa53-99ee8a00e1ab,3 Ave @ Atlantic Ave,car,41,48,1968,0.854,1,0.0,0.0,False
2026-08-15T19:17,1786821433.3,f801cf2f-cd02-4077-aa53-99ee8a00e1ab,3 Ave @ Atlantic Ave,car,46,39,1794,1.179,2,210.4,16.81,False
2026-08-15T19:17,1786821435.3,f801cf2f-cd02-4077-aa53-99ee8a00e1ab,3 Ave @ Atlantic Ave,car,59,40,2360,1.475,2,34.8,14.01,False
2026-08-15T19:17,1786821437.3,f801cf2f-cd02-4077-aa53-99ee8a00e1ab,3 Ave @ Atlantic Ave,car,27,23,621,1.174,1,0.0,0.0,False
2026-08-15T19:17,1786821437.3,f801cf2f-cd02-4077-aa53-99ee8a00e1ab,3 Ave @ Atlantic Ave,bus,35,35,1225,1.0,1,0.0,0.0,False
2026-08-15T19:17,1786821433.3,f801cf2f-cd02-4077-aa53-99ee8a00e1ab,3 Ave @ Atlantic Ave,car,29,28,812,1.036,3,92.2,6.5,True
2026-08-15T19:17,1786821435.3,f801cf2f-cd02-4077-aa53-99ee8a00e1ab,3 Ave @ Atlantic Ave,car,39,37,1443,1.054,3,315.0,8.49,True
2026-08-15T19:17,1786821439.3,f801cf2f-cd02-4077-aa53-99ee8a00e1ab,3 Ave @ Atlantic Ave,car,84,70,5880,1.2,1,0.0,0.0,False
2026-08-15T19:17,1786821441.3,f801cf2f-cd02-4077-aa53-99ee8a00e1ab,3 Ave @ Atlantic Ave,car,32,26,832,1.231,1,0.0,0.0,False
2026-08-15T19:17,1786821443.3,f801cf2f-cd02-4077-aa53-99ee8a00e1ab,3 Ave @ Atlantic Ave,car,44,34,1496,1.294,1,0.0,0.0,False
2026-08-15T19:17,1786821443.3,f801cf2f-cd02-4077-aa53-99ee8a00e1ab,3 Ave @ Atlantic Ave,car,29,28,812,1.036,1,0.0,0.0,False
2026-08-15T19:17,1786821443.3,f801cf2f-cd02-4077-aa53-99ee8a00e1ab,3 Ave @ Atlantic Ave,car,22,17,374,1.294,1,0.0,0.0,False
2026-08-15T19:17,1786821443.3,f801cf2f-cd02-4077-aa53-99ee8a00e1ab,3 Ave @ Atlantic Ave,car,25,26,650,0.962,1,0.0,0.0,False
2026-08-15T19:17,1786821427.3,ed0f8bd4-fe44-4f86-98a9-91f45b446200,3 Ave @ Union St,truck,80,71,5680,1.127,1,0.0,0.0,False
2026-08-15T19:17,1786821429.3,ed0f8bd4-fe44-4f86-98a9-91f45b446200,3 Ave @ Union St,car,87,84,7308,1.036,1,0.0,0.0,False
2026-08-15T19:17,1786821427.3,ed0f8bd4-fe44-4f86-98a9-91f45b446200,3 Ave @ Union St,truck,77,74,5698,1.041,2,93.9,22.05,False
2026-08-15T19:17,1786821425.3,ed0f8bd4-fe44-4f86-98a9-91f45b446200,3 Ave @ Union St,bus,221,72,15912,3.069,4,171.9,1.18,False
2026-08-15T19:17,1786821427.3,ed0f8bd4-fe44-4f86-98a9-91f45b446200,3 Ave @ Union St,car,75,75,5625,1.0,3,105.5,14.01,False
2026-08-15T19:17,1786821427.3,ed0f8bd4-fe44-4f86-98a9-91f45b446200,3 Ave @ Union St,truck,81,159,12879,0.509,3,95.2,38.66,True
2026-08-15T19:17,1786821429.3,ed0f8bd4-fe44-4f86-98a9-91f45b446200,3 Ave @ Union St,car,62,39,2418,1.59,2,24.7,20.36,False
2026-08-15T19:17,1786821429.3,ed0f8bd4-fe44-4f86-98a9-91f45b446200,3 Ave @ Union St,car,220,71,15620,3.099,5,356.8,6.76,False
2026-08-15T19:17,1786821435.3,ed0f8bd4-fe44-4f86-98a9-91f45b446200,3 Ave @ Union St,truck,82,162,13284,0.506,4,100.1,10.49,False
2026-08-15T19:17,1786821439.3,ed0f8bd4-fe44-4f86-98a9-91f45b446200,3 Ave @ Union St,truck,117,105,12285,1.114,2,14.0,37.11,False
2026-08-15T19:17,1786821439.3,ed0f8bd4-fe44-4f86-98a9-91f45b446200,3 Ave @ Union St,truck,82,72,5904,1.139,2,296.6,1.12,False
2026-08-15T19:17,1786821439.3,ed0f8bd4-fe44-4f86-98a9-91f45b446200,3 Ave @ Union St,truck,62,48,2976,1.292,1,0.0,0.0,False
2026-08-15T19:17,1786821439.3,ed0f8bd4-fe44-4f86-98a9-91f45b446200,3 Ave @ Union St,car,61,44,2684,1.386,1,0.0,0.0,False
2026-08-15T19:17,1786821439.3,ed0f8bd4-fe44-4f86-98a9-91f45b446200,3 Ave @ Union St,truck,66,95,6270,0.695,1,0.0,0.0,False
2026-08-15T19:17,1786821439.3,ed0f8bd4-fe44-4f86-98a9-91f45b446200,3 Ave @ Union St,truck,86,53,4558,1.623,1,0.0,0.0,False
2026-08-15T19:17,1786821441.3,ed0f8bd4-fe44-4f86-98a9-91f45b446200,3 Ave @ Union St,truck,78,63,4914,1.238,1,0.0,0.0,False
2026-08-15T19:17,1786821443.3,ed0f8bd4-fe44-4f86-98a9-91f45b446200,3 Ave @ Union St,truck,124,103,12772,1.204,1,0.0,0.0,False
2026-08-15T19:17,1786821425.3,2e0d5197-6073-411f-9d1a-326b30841679,Flushing Ave @ Williamsburg W St,truck,75,65,4875,1.154,1,0.0,0.0,False
2026-08-15T19:17,1786821425.3,2e0d5197-6073-411f-9d1a-326b30841679,Flushing Ave @ Williamsburg W St,truck,86,83,7138,1.036,1,0.0,0.0,False
2026-08-15T19:17,1786821427.3,2e0d5197-6073-411f-9d1a-326b30841679,Flushing Ave @ Williamsburg W St,car,172,144,24768,1.194,1,0.0,0.0,False
2026-08-15T19:17,1786821427.3,2e0d5197-6073-411f-9d1a-326b30841679,Flushing Ave @ Williamsburg W St,truck,176,142,24992,1.239,2,36.9,2.5,False
2026-08-15T19:17,1786821427.3,2e0d5197-6073-411f-9d1a-326b30841679,Flushing Ave @ Williamsburg W St,car,184,123,22632,1.496,2,164.9,61.61,False
2026-08-15T19:17,1786821431.3,2e0d5197-6073-411f-9d1a-326b30841679,Flushing Ave @ Williamsburg W St,car,31,21,651,1.476,1,0.0,0.0,False
2026-08-15T19:17,1786821431.3,2e0d5197-6073-411f-9d1a-326b30841679,Flushing Ave @ Williamsburg W St,car,101,77,7777,1.312,1,0.0,0.0,False
2026-08-15T19:17,1786821431.3,2e0d5197-6073-411f-9d1a-326b30841679,Flushing Ave @ Williamsburg W St,car,48,44,2112,1.091,1,0.0,0.0,False
2026-08-15T19:17,1786821431.3,2e0d5197-6073-411f-9d1a-326b30841679,Flushing Ave @ Williamsburg W St,car,29,24,696,1.208,1,0.0,0.0,False
2026-08-15T19:17,1786821431.3,2e0d5197-6073-411f-9d1a-326b30841679,Flushing Ave @ Williamsburg W St,car,30,22,660,1.364,1,0.0,0.0,False
2026-08-15T19:17,1786821431.3,2e0d5197-6073-411f-9d1a-326b30841679,Flushing Ave @ Williamsburg W St,truck,101,77,7777,1.312,1,0.0,0.0,False
2026-08-15T19:17,1786821431.3,2e0d5197-6073-411f-9d1a-326b30841679,Flushing Ave @ Williamsburg W St,car,53,40,2120,1.325,2,135.0,0.71,False
2026-08-15T19:17,1786821437.3,2e0d5197-6073-411f-9d1a-326b30841679,Flushing Ave @ Williamsburg W St,bus,322,149,47978,2.161,1,0.0,0.0,False
2026-08-15T19:17,1786821437.3,2e0d5197-6073-411f-9d1a-326b30841679,Flushing Ave @ Williamsburg W St,car,33,23,759,1.435,1,0.0,0.0,False
2026-08-15T19:17,1786821437.3,2e0d5197-6073-411f-9d1a-326b30841679,Flushing Ave @ Williamsburg W St,car,56,55,3080,1.018,1,0.0,0.0,False
2026-08-15T19:17,1786821437.3,2e0d5197-6073-411f-9d1a-326b30841679,Flushing Ave @ Williamsburg W St,car,36,15,540,2.4,1,0.0,0.0,False
2026-08-15T19:17,1786821433.3,2e0d5197-6073-411f-9d1a-326b30841679,Flushing Ave @ Williamsburg W St,car,76,63,4788,1.206,3,56.7,9.57,False
2026-08-15T19:17,1786821439.3,2e0d5197-6073-411f-9d1a-326b30841679,Flushing Ave @ Williamsburg W St,car,125,132,16500,0.947,1,0.0,0.0,False
2026-08-15T19:17,1786821439.3,2e0d5197-6073-411f-9d1a-326b30841679,Flushing Ave @ Williamsburg W St,truck,121,131,15851,0.924,1,0.0,0.0,False
2026-08-15T19:17,1786821443.3,2e0d5197-6073-411f-9d1a-326b30841679,Flushing Ave @ Williamsburg W St,car,119,26,3094,4.577,1,0.0,0.0,False
2026-08-15T19:17,1786821443.3,2e0d5197-6073-411f-9d1a-326b30841679,Flushing Ave @ Williamsburg W St,car,33,14,462,2.357,1,0.0,0.0,False
2026-08-15T19:17,1786821425.3,9a01683c-321a-421b-b9c3-056bbf851f25,C2-PE-06-WB_at_6th_Ave-Ex2,car,59,74,4366,0.797,1,0.0,0.0,False
2026-08-15T19:17,1786821425.3,9a01683c-321a-421b-b9c3-056bbf851f25,C2-PE-06-WB_at_6th_Ave-Ex2,car,64,37,2368,1.73,1,0.0,0.0,False
2026-08-15T19:17,1786821427.3,9a01683c-321a-421b-b9c3-056bbf851f25,C2-PE-06-WB_at_6th_Ave-Ex2,car,94,61,5734,1.541,2,144.6,31.91,False
2026-08-15T19:17,1786821429.3,9a01683c-321a-421b-b9c3-056bbf851f25,C2-PE-06-WB_at_6th_Ave-Ex2,car,114,85,9690,1.341,1,0.0,0.0,False
2026-08-15T19:17,1786821429.3,9a01683c-321a-421b-b9c3-056bbf851f25,C2-PE-06-WB_at_6th_Ave-Ex2,car,78,57,4446,1.368,1,0.0,0.0,False
2026-08-15T19:17,1786821427.3,9a01683c-321a-421b-b9c3-056bbf851f25,C2-PE-06-WB_at_6th_Ave-Ex2,truck,81,79,6399,1.025,2,354.5,26.12,False
2026-08-15T19:17,1786821431.3,9a01683c-321a-421b-b9c3-056bbf851f25,C2-PE-06-WB_at_6th_Ave-Ex2,car,74,51,3774,1.451,1,0.0,0.0,False
2026-08-15T19:17,1786821431.3,9a01683c-321a-421b-b9c3-056bbf851f25,C2-PE-06-WB_at_6th_Ave-Ex2,car,77,55,4235,1.4,1,0.0,0.0,False
2026-08-15T19:17,1786821431.3,9a01683c-321a-421b-b9c3-056bbf851f25,C2-PE-06-WB_at_6th_Ave-Ex2,car,99,93,9207,1.065,1,0.0,0.0,False
2026-08-15T19:17,1786821431.3,9a01683c-321a-421b-b9c3-056bbf851f25,C2-PE-06-WB_at_6th_Ave-Ex2,car,99,70,6930,1.414,1,0.0,0.0,False
2026-08-15T19:17,1786821435.3,9a01683c-321a-421b-b9c3-056bbf851f25,C2-PE-06-WB_at_6th_Ave-Ex2,car,69,55,3795,1.255,1,0.0,0.0,False
2026-08-15T19:17,1786821435.3,9a01683c-321a-421b-b9c3-056bbf851f25,C2-PE-06-WB_at_6th_Ave-Ex2,car,28,21,588,1.333,1,0.0,0.0,False
2026-08-15T19:17,1786821437.3,9a01683c-321a-421b-b9c3-056bbf851f25,C2-PE-06-WB_at_6th_Ave-Ex2,car,95,72,6840,1.319,1,0.0,0.0,False
2026-08-15T19:17,1786821437.3,9a01683c-321a-421b-b9c3-056bbf851f25,C2-PE-06-WB_at_6th_Ave-Ex2,car,84,55,4620,1.527,1,0.0,0.0,False
2026-08-15T19:17,1786821439.3,9a01683c-321a-421b-b9c3-056bbf851f25,C2-PE-06-WB_at_6th_Ave-Ex2,car,82,60,4920,1.367,3,175.2,29.61,True
2026-08-15T19:17,1786821439.3,9a01683c-321a-421b-b9c3-056bbf851f25,C2-PE-06-WB_at_6th_Ave-Ex2,car,80,60,4800,1.333,2,124.9,20.11,False
2026-08-15T19:17,1786821441.3,9a01683c-321a-421b-b9c3-056bbf851f25,C2-PE-06-WB_at_6th_Ave-Ex2,car,36,29,1044,1.241,1,0.0,0.0,False
2026-08-15T19:17,1786821443.3,9a01683c-321a-421b-b9c3-056bbf851f25,C2-PE-06-WB_at_6th_Ave-Ex2,car,27,21,567,1.286,1,0.0,0.0,False
2026-08-15T19:17,1786821445.3,9a01683c-321a-421b-b9c3-056bbf851f25,C2-PE-06-WB_at_6th_Ave-Ex2,car,95,75,7125,1.267,1,0.0,0.0,False
2026-08-15T19:17,1786821445.3,9a01683c-321a-421b-b9c3-056bbf851f25,C2-PE-06-WB_at_6th_Ave-Ex2,car,71,67,4757,1.06,1,0.0,0.0,False
2026-08-15T19:17,1786821445.3,9a01683c-321a-421b-b9c3-056bbf851f25,C2-PE-06-WB_at_6th_Ave-Ex2,car,74,40,2960,1.85,1,0.0,0.0,False
2026-08-15T19:19,1786821504.5,c89b62d1-35be-4bb8-b22b-a77c2583733c,Eastern Pkwy @ Utica Ave,car,97,65,6305,1.492,1,0.0,0.0,False
2026-08-15T19:19,1786821504.5,c89b62d1-35be-4bb8-b22b-a77c2583733c,Eastern Pkwy @ Utica Ave,car,18,28,504,0.643,1,0.0,0.0,False
2026-08-15T19:19,1786821504.5,c89b62d1-35be-4bb8-b22b-a77c2583733c,Eastern Pkwy @ Utica Ave,car,57,38,2166,1.5,1,0.0,0.0,False
2026-08-15T19:19,1786821504.5,c89b62d1-35be-4bb8-b22b-a77c2583733c,Eastern Pkwy @ Utica Ave,car,48,35,1680,1.371,2,84.8,5.52,False
2026-08-15T19:19,1786821504.5,c89b62d1-35be-4bb8-b22b-a77c2583733c,Eastern Pkwy @ Utica Ave,truck,89,91,8099,0.978,2,300.3,20.84,False
2026-08-15T19:19,1786821504.5,c89b62d1-35be-4bb8-b22b-a77c2583733c,Eastern Pkwy @ Utica Ave,car,76,61,4636,1.246,2,162.1,17.87,False
2026-08-15T19:19,1786821504.5,c89b62d1-35be-4bb8-b22b-a77c2583733c,Eastern Pkwy @ Utica Ave,car,88,89,7832,0.989,2,301.2,22.21,False
2026-08-15T19:19,1786821506.5,c89b62d1-35be-4bb8-b22b-a77c2583733c,Eastern Pkwy @ Utica Ave,car,57,33,1881,1.727,1,0.0,0.0,False
2026-08-15T19:19,1786821506.5,c89b62d1-35be-4bb8-b22b-a77c2583733c,Eastern Pkwy @ Utica Ave,car,28,27,756,1.037,2,128.7,3.2,False
2026-08-15T19:19,1786821508.5,c89b62d1-35be-4bb8-b22b-a77c2583733c,Eastern Pkwy @ Utica Ave,car,80,57,4560,1.404,2,172.5,38.33,True
2026-08-15T19:19,1786821510.5,c89b62d1-35be-4bb8-b22b-a77c2583733c,Eastern Pkwy @ Utica Ave,car,111,97,10767,1.144,1,0.0,0.0,False
2026-08-15T19:19,1786821510.5,c89b62d1-35be-4bb8-b22b-a77c2583733c,Eastern Pkwy @ Utica Ave,car,29,18,522,1.611,1,0.0,0.0,False
2026-08-15T19:19,1786821510.5,c89b62d1-35be-4bb8-b22b-a77c2583733c,Eastern Pkwy @ Utica Ave,truck,111,98,10878,1.133,1,0.0,0.0,False
2026-08-15T19:19,1786821512.5,c89b62d1-35be-4bb8-b22b-a77c2583733c,Eastern Pkwy @ Utica Ave,car,27,18,486,1.5,1,0.0,0.0,False
2026-08-15T19:19,1786821512.5,c89b62d1-35be-4bb8-b22b-a77c2583733c,Eastern Pkwy @ Utica Ave,car,154,135,20790,1.141,1,0.0,0.0,False
2026-08-15T19:19,1786821510.5,c89b62d1-35be-4bb8-b22b-a77c2583733c,Eastern Pkwy @ Utica Ave,car,39,29,1131,1.345,3,81.9,1.77,False
2026-08-15T19:19,1786821504.5,c89b62d1-35be-4bb8-b22b-a77c2583733c,Eastern Pkwy @ Utica Ave,car,36,44,1584,0.818,5,303.7,0.45,False
2026-08-15T19:19,1786821514.5,c89b62d1-35be-4bb8-b22b-a77c2583733c,Eastern Pkwy @ Utica Ave,car,26,23,598,1.13,2,71.6,1.58,False
2026-08-15T19:19,1786821516.5,c89b62d1-35be-4bb8-b22b-a77c2583733c,Eastern Pkwy @ Utica Ave,car,35,31,1085,1.129,1,0.0,0.0,False
2026-08-15T19:19,1786821516.5,c89b62d1-35be-4bb8-b22b-a77c2583733c,Eastern Pkwy @ Utica Ave,car,37,23,851,1.609,1,0.0,0.0,False
2026-08-15T19:19,1786821516.5,c89b62d1-35be-4bb8-b22b-a77c2583733c,Eastern Pkwy @ Utica Ave,car,41,31,1271,1.323,1,0.0,0.0,False
2026-08-15T19:19,1786821518.5,c89b62d1-35be-4bb8-b22b-a77c2583733c,Eastern Pkwy @ Utica Ave,car,78,53,4134,1.472,1,0.0,0.0,False
2026-08-15T19:19,1786821504.5,c89b62d1-35be-4bb8-b22b-a77c2583733c,Eastern Pkwy @ Utica Ave,truck,87,74,6438,1.176,9,146.8,7.77,True
2026-08-15T19:19,1786821512.5,c89b62d1-35be-4bb8-b22b-a77c2583733c,Eastern Pkwy @ Utica Ave,car,83,65,5395,1.277,7,130.8,3.19,False
2026-08-15T19:19,1786821512.5,c89b62d1-35be-4bb8-b22b-a77c2583733c,Eastern Pkwy @ Utica Ave,car,145,148,21460,0.98,5,227.5,2.03,False
2026-08-15T19:19,1786821514.5,c89b62d1-35be-4bb8-b22b-a77c2583733c,Eastern Pkwy @ Utica Ave,car,63,42,2646,1.5,6,270.0,0.4,False
2026-08-15T19:19,1786821516.5,c89b62d1-35be-4bb8-b22b-a77c2583733c,Eastern Pkwy @ Utica Ave,car,37,29,1073,1.276,3,225.0,0.35,False
2026-08-15T19:19,1786821518.5,c89b62d1-35be-4bb8-b22b-a77c2583733c,Eastern Pkwy @ Utica Ave,truck,144,147,21168,0.98,4,157.4,2.17,False
2026-08-15T19:19,1786821520.5,c89b62d1-35be-4bb8-b22b-a77c2583733c,Eastern Pkwy @ Utica Ave,car,106,78,8268,1.359,1,0.0,0.0,False
2026-08-15T19:19,1786821520.5,c89b62d1-35be-4bb8-b22b-a77c2583733c,Eastern Pkwy @ Utica Ave,car,26,22,572,1.182,1,0.0,0.0,False
2026-08-15T19:19,1786821520.5,c89b62d1-35be-4bb8-b22b-a77c2583733c,Eastern Pkwy @ Utica Ave,car,19,22,418,0.864,2,159.4,4.27,False
2026-08-15T19:19,1786821520.5,c89b62d1-35be-4bb8-b22b-a77c2583733c,Eastern Pkwy @ Utica Ave,car,30,21,630,1.429,3,243.4,0.56,False
2026-08-15T19:19,1786821522.5,c89b62d1-35be-4bb8-b22b-a77c2583733c,Eastern Pkwy @ Utica Ave,car,35,22,770,1.591,1,0.0,0.0,False
2026-08-15T19:19,1786821506.5,f4c47f52-9c8d-494a-92da-4dcc09a19fab,Eastern Pkwy @ Bedford Ave,truck,298,367,109366,0.812,1,0.0,0.0,False
2026-08-15T19:19,1786821504.5,f4c47f52-9c8d-494a-92da-4dcc09a19fab,Eastern Pkwy @ Bedford Ave,car,223,123,27429,1.813,7,67.2,7.96,False
2026-08-15T19:19,1786821504.5,f4c47f52-9c8d-494a-92da-4dcc09a19fab,Eastern Pkwy @ Bedford Ave,car,182,181,32942,1.006,6,233.7,5.58,False
2026-08-15T19:19,1786821508.5,f4c47f52-9c8d-494a-92da-4dcc09a19fab,Eastern Pkwy @ Bedford Ave,car,140,133,18620,1.053,4,43.1,17.81,False
2026-08-15T19:19,1786821508.5,f4c47f52-9c8d-494a-92da-4dcc09a19fab,Eastern Pkwy @ Bedford Ave,truck,257,452,116164,0.569,5,194.0,0.52,False
2026-08-15T19:19,1786821514.5,f4c47f52-9c8d-494a-92da-4dcc09a19fab,Eastern Pkwy @ Bedford Ave,car,239,201,48039,1.189,2,23.2,7.62,False
2026-08-15T19:19,1786821504.5,2fe54994-17f6-499d-a3ab-8c6dc9dbda9e,Atlantic Ave @ Bedford Ave,car,40,36,1440,1.111,1,0.0,0.0,False
2026-08-15T19:19,1786821504.5,2fe54994-17f6-499d-a3ab-8c6dc9dbda9e,Atlantic Ave @ Bedford Ave,car,33,31,1023,1.065,1,0.0,0.0,False
2026-08-15T19:19,1786821504.5,2fe54994-17f6-499d-a3ab-8c6dc9dbda9e,Atlantic Ave @ Bedford Ave,car,37,46,1702,0.804,2,251.6,1.58,False
2026-08-15T19:19,1786821506.5,2fe54994-17f6-499d-a3ab-8c6dc9dbda9e,Atlantic Ave @ Bedford Ave,truck,72,73,5256,0.986,1,0.0,0.0,False
2026-08-15T19:19,1786821506.5,2fe54994-17f6-499d-a3ab-8c6dc9dbda9e,Atlantic Ave @ Bedford Ave,car,74,73,5402,1.014,1,0.0,0.0,False
2026-08-15T19:19,1786821504.5,2fe54994-17f6-499d-a3ab-8c6dc9dbda9e,Atlantic Ave @ Bedford Ave,car,55,57,3135,0.965,2,62.0,18.12,False
2026-08-15T19:19,1786821504.5,2fe54994-17f6-499d-a3ab-8c6dc9dbda9e,Atlantic Ave @ Bedford Ave,car,91,93,8463,0.978,3,14.7,10.85,False
2026-08-15T19:19,1786821506.5,2fe54994-17f6-499d-a3ab-8c6dc9dbda9e,Atlantic Ave @ Bedford Ave,car,35,33,1155,1.061,2,97.4,15.63,True
2026-08-15T19:19,1786821508.5,2fe54994-17f6-499d-a3ab-8c6dc9dbda9e,Atlantic Ave @ Bedford Ave,car,134,92,12328,1.457,1,0.0,0.0,False
2026-08-15T19:19,1786821508.5,2fe54994-17f6-499d-a3ab-8c6dc9dbda9e,Atlantic Ave @ Bedford Ave,car,32,26,832,1.231,1,0.0,0.0,False
2026-08-15T19:19,1786821508.5,2fe54994-17f6-499d-a3ab-8c6dc9dbda9e,Atlantic Ave @ Bedford Ave,car,27,25,675,1.08,2,228.4,6.02,False
2026-08-15T19:19,1786821510.5,2fe54994-17f6-499d-a3ab-8c6dc9dbda9e,Atlantic Ave @ Bedford Ave,car,35,29,1015,1.207,1,0.0,0.0,False
2026-08-15T19:19,1786821510.5,2fe54994-17f6-499d-a3ab-8c6dc9dbda9e,Atlantic Ave @ Bedford Ave,car,26,27,702,0.963,1,0.0,0.0,False
2026-08-15T19:19,1786821506.5,2fe54994-17f6-499d-a3ab-8c6dc9dbda9e,Atlantic Ave @ Bedford Ave,car,76,79,6004,0.962,3,104.5,8.0,False
2026-08-15T19:19,1786821512.5,2fe54994-17f6-499d-a3ab-8c6dc9dbda9e,Atlantic Ave @ Bedford Ave,truck,79,107,8453,0.738,2,101.3,5.1,False
2026-08-15T19:19,1786821514.5,2fe54994-17f6-499d-a3ab-8c6dc9dbda9e,Atlantic Ave @ Bedford Ave,truck,84,93,7812,0.903,1,0.0,0.0,False
2026-08-15T19:19,1786821510.5,2fe54994-17f6-499d-a3ab-8c6dc9dbda9e,Atlantic Ave @ Bedford Ave,car,49,48,2352,1.021,4,309.0,10.07,True
2026-08-15T19:19,1786821516.5,2fe54994-17f6-499d-a3ab-8c6dc9dbda9e,Atlantic Ave @ Bedford Ave,bus,66,84,5544,0.786,1,0.0,0.0,False
2026-08-15T19:19,1786821516.5,2fe54994-17f6-499d-a3ab-8c6dc9dbda9e,Atlantic Ave @ Bedford Ave,bus,124,156,19344,0.795,2,124.7,49.24,False
2026-08-15T19:19,1786821504.5,2fe54994-17f6-499d-a3ab-8c6dc9dbda9e,Atlantic Ave @ Bedford Ave,car,112,133,14896,0.842,10,326.3,2.6,False
2026-08-15T19:19,1786821508.5,2fe54994-17f6-499d-a3ab-8c6dc9dbda9e,Atlantic Ave @ Bedford Ave,car,94,95,8930,0.989,8,225.0,0.2,False
2026-08-15T19:19,1786821510.5,2fe54994-17f6-499d-a3ab-8c6dc9dbda9e,Atlantic Ave @ Bedford Ave,truck,142,101,14342,1.406,7,185.2,0.92,False
2026-08-15T19:19,1786821512.5,2fe54994-17f6-499d-a3ab-8c6dc9dbda9e,Atlantic Ave @ Bedford Ave,car,79,107,8453,0.738,4,101.3,1.7,False
2026-08-15T19:19,1786821514.5,2fe54994-17f6-499d-a3ab-8c6dc9dbda9e,Atlantic Ave @ Bedford Ave,car,108,98,10584,1.102,5,158.2,2.69,False
2026-08-15T19:19,1786821514.5,2fe54994-17f6-499d-a3ab-8c6dc9dbda9e,Atlantic Ave @ Bedford Ave,car,65,73,4745,0.89,6,180.0,0.1,False
2026-08-15T19:19,1786821518.5,2fe54994-17f6-499d-a3ab-8c6dc9dbda9e,Atlantic Ave @ Bedford Ave,truck,124,152,18848,0.816,4,128.7,1.07,False
2026-08-15T19:19,1786821520.5,2fe54994-17f6-499d-a3ab-8c6dc9dbda9e,Atlantic Ave @ Bedford Ave,car,91,96,8736,0.948,3,198.4,0.79,False
2026-08-15T19:19,1786821520.5,2fe54994-17f6-499d-a3ab-8c6dc9dbda9e,Atlantic Ave @ Bedford Ave,car,78,107,8346,0.729,3,90.0,0.5,False
2026-08-15T19:19,1786821520.5,2fe54994-17f6-499d-a3ab-8c6dc9dbda9e,Atlantic Ave @ Bedford Ave,car,60,54,3240,1.111,1,0.0,0.0,False
2026-08-15T19:19,1786821522.5,2fe54994-17f6-499d-a3ab-8c6dc9dbda9e,Atlantic Ave @ Bedford Ave,car,47,47,2209,1.0,1,0.0,0.0,False
2026-08-15T19:19,1786821524.5,2fe54994-17f6-499d-a3ab-8c6dc9dbda9e,Atlantic Ave @ Bedford Ave,car,42,39,1638,1.077,1,0.0,0.0,False
2026-08-15T19:19,1786821506.5,2e43a9d0-1df8-4a38-ae20-2e0f359bb55d,Flatbush Ave @ Empire Blvd,car,28,21,588,1.333,2,0.0,1.0,False
2026-08-15T19:19,1786821508.5,2e43a9d0-1df8-4a38-ae20-2e0f359bb55d,Flatbush Ave @ Empire Blvd,car,44,39,1716,1.128,1,0.0,0.0,False
2026-08-15T19:19,1786821512.5,2e43a9d0-1df8-4a38-ae20-2e0f359bb55d,Flatbush Ave @ Empire Blvd,car,28,23,644,1.217,1,0.0,0.0,False
2026-08-15T19:19,1786821514.5,2e43a9d0-1df8-4a38-ae20-2e0f359bb55d,Flatbush Ave @ Empire Blvd,moto,35,35,1225,1.0,1,0.0,0.0,False
2026-08-15T19:19,1786821506.5,2e43a9d0-1df8-4a38-ae20-2e0f359bb55d,Flatbush Ave @ Empire Blvd,car,32,36,1152,0.889,5,54.0,1.7,False
2026-08-15T19:19,1786821518.5,2e43a9d0-1df8-4a38-ae20-2e0f359bb55d,Flatbush Ave @ Empire Blvd,truck,88,61,5368,1.443,1,0.0,0.0,False
2026-08-15T19:19,1786821504.5,2e43a9d0-1df8-4a38-ae20-2e0f359bb55d,Flatbush Ave @ Empire Blvd,car,90,68,6120,1.324,11,21.3,1.93,False
2026-08-15T19:19,1786821504.5,2e43a9d0-1df8-4a38-ae20-2e0f359bb55d,Flatbush Ave @ Empire Blvd,car,52,44,2288,1.182,11,27.2,2.08,False
2026-08-15T19:19,1786821512.5,2e43a9d0-1df8-4a38-ae20-2e0f359bb55d,Flatbush Ave @ Empire Blvd,car,40,38,1520,1.053,6,31.0,0.58,False
2026-08-15T19:19,1786821514.5,2e43a9d0-1df8-4a38-ae20-2e0f359bb55d,Flatbush Ave @ Empire Blvd,car,20,17,340,1.176,6,56.3,0.36,False
2026-08-15T19:19,1786821516.5,2e43a9d0-1df8-4a38-ae20-2e0f359bb55d,Flatbush Ave @ Empire Blvd,car,69,65,4485,1.062,5,32.5,1.63,False
2026-08-15T19:19,1786821518.5,2e43a9d0-1df8-4a38-ae20-2e0f359bb55d,Flatbush Ave @ Empire Blvd,car,89,68,6052,1.309,4,270.0,0.5,False
2026-08-15T19:19,1786821520.5,2e43a9d0-1df8-4a38-ae20-2e0f359bb55d,Flatbush Ave @ Empire Blvd,car,70,42,2940,1.667,2,10.6,16.28,False
2026-08-15T19:19,1786821520.5,2e43a9d0-1df8-4a38-ae20-2e0f359bb55d,Flatbush Ave @ Empire Blvd,car,34,19,646,1.789,2,24.6,13.2,False
2026-08-15T19:19,1786821522.5,2e43a9d0-1df8-4a38-ae20-2e0f359bb55d,Flatbush Ave @ Empire Blvd,car,44,31,1364,1.419,1,0.0,0.0,False
2026-08-15T19:19,1786821524.5,2e43a9d0-1df8-4a38-ae20-2e0f359bb55d,Flatbush Ave @ Empire Blvd,car,90,60,5400,1.5,1,0.0,0.0,False
2026-08-15T19:19,1786821504.5,1c51b3ec-3d29-4025-928d-4e182e7c0bd5,Grand Army Plaza,car,78,32,2496,2.438,1,0.0,0.0,False
2026-08-15T19:19,1786821504.5,1c51b3ec-3d29-4025-928d-4e182e7c0bd5,Grand Army Plaza,car,59,27,1593,2.185,1,0.0,0.0,False
2026-08-15T19:19,1786821504.5,1c51b3ec-3d29-4025-928d-4e182e7c0bd5,Grand Army Plaza,truck,133,152,20216,0.875,1,0.0,0.0,False
2026-08-15T19:19,1786821504.5,1c51b3ec-3d29-4025-928d-4e182e7c0bd5,Grand Army Plaza,car,14,11,154,1.273,1,0.0,0.0,False
2026-08-15T19:19,1786821510.5,1c51b3ec-3d29-4025-928d-4e182e7c0bd5,Grand Army Plaza,moto,29,37,1073,0.784,1,0.0,0.0,False
2026-08-15T19:19,1786821510.5,1c51b3ec-3d29-4025-928d-4e182e7c0bd5,Grand Army Plaza,car,53,31,1643,1.71,2,171.9,3.54,False
2026-08-15T19:19,1786821512.5,1c51b3ec-3d29-4025-928d-4e182e7c0bd5,Grand Army Plaza,car,23,20,460,1.15,1,0.0,0.0,False
2026-08-15T19:19,1786821512.5,1c51b3ec-3d29-4025-928d-4e182e7c0bd5,Grand Army Plaza,truck,203,155,31465,1.31,4,311.8,4.25,False
2026-08-15T19:19,1786821518.5,1c51b3ec-3d29-4025-928d-4e182e7c0bd5,Grand Army Plaza,bus,203,159,32277,1.277,2,251.6,1.58,False
2026-08-15T19:19,1786821518.5,1c51b3ec-3d29-4025-928d-4e182e7c0bd5,Grand Army Plaza,moto,30,47,1410,0.638,1,0.0,0.0,False
2026-08-15T19:19,1786821518.5,1c51b3ec-3d29-4025-928d-4e182e7c0bd5,Grand Army Plaza,car,79,36,2844,2.194,1,0.0,0.0,False
2026-08-15T19:19,1786821520.5,1c51b3ec-3d29-4025-928d-4e182e7c0bd5,Grand Army Plaza,truck,73,39,2847,1.872,1,0.0,0.0,False
2026-08-15T19:19,1786821522.5,1c51b3ec-3d29-4025-928d-4e182e7c0bd5,Grand Army Plaza,car,15,15,225,1.0,1,0.0,0.0,False
2026-08-15T19:19,1786821504.5,cb68b8b1-9093-4f2e-acf2-8133b047e8df,Flatbush Ave @ Eastern Pkwy,car,68,39,2652,1.744,1,0.0,0.0,False
2026-08-15T19:19,1786821504.5,cb68b8b1-9093-4f2e-acf2-8133b047e8df,Flatbush Ave @ Eastern Pkwy,truck,87,49,4263,1.776,1,0.0,0.0,False
2026-08-15T19:19,1786821506.5,cb68b8b1-9093-4f2e-acf2-8133b047e8df,Flatbush Ave @ Eastern Pkwy,car,21,15,315,1.4,1,0.0,0.0,False
2026-08-15T19:19,1786821506.5,cb68b8b1-9093-4f2e-acf2-8133b047e8df,Flatbush Ave @ Eastern Pkwy,truck,41,41,1681,1.0,1,0.0,0.0,False
2026-08-15T19:19,1786821506.5,cb68b8b1-9093-4f2e-acf2-8133b047e8df,Flatbush Ave @ Eastern Pkwy,car,23,17,391,1.353,1,0.0,0.0,False
2026-08-15T19:19,1786821504.5,cb68b8b1-9093-4f2e-acf2-8133b047e8df,Flatbush Ave @ Eastern Pkwy,car,122,34,4148,3.588,3,206.6,0.56,False
2026-08-15T19:19,1786821508.5,cb68b8b1-9093-4f2e-acf2-8133b047e8df,Flatbush Ave @ Eastern Pkwy,car,27,21,567,1.286,1,0.0,0.0,False
2026-08-15T19:19,1786821508.5,cb68b8b1-9093-4f2e-acf2-8133b047e8df,Flatbush Ave @ Eastern Pkwy,car,59,41,2419,1.439,1,0.0,0.0,False
2026-08-15T19:19,1786821508.5,cb68b8b1-9093-4f2e-acf2-8133b047e8df,Flatbush Ave @ Eastern Pkwy,car,36,23,828,1.565,1,0.0,0.0,False
2026-08-15T19:19,1786821508.5,cb68b8b1-9093-4f2e-acf2-8133b047e8df,Flatbush Ave @ Eastern Pkwy,car,21,15,315,1.4,1,0.0,0.0,False
2026-08-15T19:19,1786821508.5,cb68b8b1-9093-4f2e-acf2-8133b047e8df,Flatbush Ave @ Eastern Pkwy,car,25,20,500,1.25,1,0.0,0.0,False
2026-08-15T19:19,1786821508.5,cb68b8b1-9093-4f2e-acf2-8133b047e8df,Flatbush Ave @ Eastern Pkwy,truck,40,58,2320,0.69,1,0.0,0.0,False
2026-08-15T19:19,1786821508.5,cb68b8b1-9093-4f2e-acf2-8133b047e8df,Flatbush Ave @ Eastern Pkwy,car,15,24,360,0.625,1,0.0,0.0,False
2026-08-15T19:19,1786821508.5,cb68b8b1-9093-4f2e-acf2-8133b047e8df,Flatbush Ave @ Eastern Pkwy,car,44,37,1628,1.189,1,0.0,0.0,False
2026-08-15T19:19,1786821504.5,cb68b8b1-9093-4f2e-acf2-8133b047e8df,Flatbush Ave @ Eastern Pkwy,car,108,47,5076,2.298,3,136.2,17.33,False
2026-08-15T19:19,1786821510.5,cb68b8b1-9093-4f2e-acf2-8133b047e8df,Flatbush Ave @ Eastern Pkwy,car,75,46,3450,1.63,1,0.0,0.0,False
2026-08-15T19:19,1786821510.5,cb68b8b1-9093-4f2e-acf2-8133b047e8df,Flatbush Ave @ Eastern Pkwy,car,28,19,532,1.474,1,0.0,0.0,False
2026-08-15T19:19,1786821514.5,cb68b8b1-9093-4f2e-acf2-8133b047e8df,Flatbush Ave @ Eastern Pkwy,car,53,39,2067,1.359,1,0.0,0.0,False
2026-08-15T19:19,1786821514.5,cb68b8b1-9093-4f2e-acf2-8133b047e8df,Flatbush Ave @ Eastern Pkwy,truck,36,45,1620,0.8,1,0.0,0.0,False
2026-08-15T19:19,1786821514.5,cb68b8b1-9093-4f2e-acf2-8133b047e8df,Flatbush Ave @ Eastern Pkwy,car,12,31,372,0.387,1,0.0,0.0,False
2026-08-15T19:19,1786821514.5,cb68b8b1-9093-4f2e-acf2-8133b047e8df,Flatbush Ave @ Eastern Pkwy,truck,51,58,2958,0.879,1,0.0,0.0,False
2026-08-15T19:19,1786821510.5,cb68b8b1-9093-4f2e-acf2-8133b047e8df,Flatbush Ave @ Eastern Pkwy,car,41,24,984,1.708,3,155.6,3.02,False
2026-08-15T19:19,1786821520.5,cb68b8b1-9093-4f2e-acf2-8133b047e8df,Flatbush Ave @ Eastern Pkwy,car,61,37,2257,1.649,2,45.0,0.71,False
2026-08-15T19:19,1786821520.5,cb68b8b1-9093-4f2e-acf2-8133b047e8df,Flatbush Ave @ Eastern Pkwy,car,24,17,408,1.412,2,90.0,0.5,False
2026-08-15T19:19,1786821520.5,cb68b8b1-9093-4f2e-acf2-8133b047e8df,Flatbush Ave @ Eastern Pkwy,truck,38,57,2166,0.667,1,0.0,0.0,False
2026-08-15T19:19,1786821522.5,cb68b8b1-9093-4f2e-acf2-8133b047e8df,Flatbush Ave @ Eastern Pkwy,car,40,25,1000,1.6,2,0.0,0.0,False
2026-08-15T19:19,1786821524.5,cb68b8b1-9093-4f2e-acf2-8133b047e8df,Flatbush Ave @ Eastern Pkwy,car,47,33,1551,1.424,1,0.0,0.0,False
2026-08-15T19:19,1786821504.5,2064d8ab-597a-45d8-a3c9-5ab95a4e69e6,7 Ave @ Union St,car,46,40,1840,1.15,1,0.0,0.0,False
2026-08-15T19:19,1786821508.5,2064d8ab-597a-45d8-a3c9-5ab95a4e69e6,7 Ave @ Union St,car,48,38,1824,1.263,1,0.0,0.0,False
2026-08-15T19:19,1786821512.5,2064d8ab-597a-45d8-a3c9-5ab95a4e69e6,7 Ave @ Union St,truck,37,44,1628,0.841,1,0.0,0.0,False
2026-08-15T19:19,1786821512.5,2064d8ab-597a-45d8-a3c9-5ab95a4e69e6,7 Ave @ Union St,car,50,43,2150,1.163,1,0.0,0.0,False
2026-08-15T19:19,1786821504.5,2064d8ab-597a-45d8-a3c9-5ab95a4e69e6,7 Ave @ Union St,car,71,36,2556,1.972,5,90.0,0.25,False
2026-08-15T19:19,1786821514.5,2064d8ab-597a-45d8-a3c9-5ab95a4e69e6,7 Ave @ Union St,car,28,23,644,1.217,1,0.0,0.0,False
2026-08-15T19:19,1786821516.5,2064d8ab-597a-45d8-a3c9-5ab95a4e69e6,7 Ave @ Union St,car,57,45,2565,1.267,1,0.0,0.0,False
2026-08-15T19:19,1786821504.5,2064d8ab-597a-45d8-a3c9-5ab95a4e69e6,7 Ave @ Union St,car,48,40,1920,1.2,10,90.0,0.06,False
2026-08-15T19:19,1786821520.5,2064d8ab-597a-45d8-a3c9-5ab95a4e69e6,7 Ave @ Union St,car,71,37,2627,1.919,3,180.0,1.75,False
2026-08-15T19:19,1786821524.5,2064d8ab-597a-45d8-a3c9-5ab95a4e69e6,7 Ave @ Union St,car,35,24,840,1.458,1,0.0,0.0,False
2026-08-15T19:19,1786821504.5,fde1748c-7c0f-4df8-8acd-120df29a9305,Atlantic Ave @ Eastern Pkwy,truck,119,94,11186,1.266,2,45.0,0.71,False
2026-08-15T19:19,1786821506.5,fde1748c-7c0f-4df8-8acd-120df29a9305,Atlantic Ave @ Eastern Pkwy,truck,91,108,9828,0.843,1,0.0,0.0,False
2026-08-15T19:19,1786821506.5,fde1748c-7c0f-4df8-8acd-120df29a9305,Atlantic Ave @ Eastern Pkwy,car,26,26,676,1.0,1,0.0,0.0,False
2026-08-15T19:19,1786821508.5,fde1748c-7c0f-4df8-8acd-120df29a9305,Atlantic Ave @ Eastern Pkwy,truck,40,36,1440,1.111,1,0.0,0.0,False
2026-08-15T19:19,1786821504.5,fde1748c-7c0f-4df8-8acd-120df29a9305,Atlantic Ave @ Eastern Pkwy,truck,43,66,2838,0.652,4,333.4,0.37,False
2026-08-15T19:19,1786821512.5,fde1748c-7c0f-4df8-8acd-120df29a9305,Atlantic Ave @ Eastern Pkwy,truck,12,47,564,0.255,1,0.0,0.0,False
2026-08-15T19:19,1786821504.5,fde1748c-7c0f-4df8-8acd-120df29a9305,Atlantic Ave @ Eastern Pkwy,car,82,56,4592,1.464,6,303.7,0.36,False
2026-08-15T19:19,1786821504.5,fde1748c-7c0f-4df8-8acd-120df29a9305,Atlantic Ave @ Eastern Pkwy,car,114,74,8436,1.541,8,162.3,1.65,False
2026-08-15T19:19,1786821514.5,fde1748c-7c0f-4df8-8acd-120df29a9305,Atlantic Ave @ Eastern Pkwy,bus,68,90,6120,0.756,3,276.3,2.26,False
2026-08-15T19:19,1786821504.5,fde1748c-7c0f-4df8-8acd-120df29a9305,Atlantic Ave @ Eastern Pkwy,car,63,42,2646,1.5,11,313.8,1.73,False
2026-08-15T19:19,1786821504.5,fde1748c-7c0f-4df8-8acd-120df29a9305,Atlantic Ave @ Eastern Pkwy,car,43,40,1720,1.075,11,45.0,0.21,False
2026-08-15T19:19,1786821504.5,fde1748c-7c0f-4df8-8acd-120df29a9305,Atlantic Ave @ Eastern Pkwy,truck,68,88,5984,0.773,7,90.0,0.67,False
2026-08-15T19:19,1786821504.5,fde1748c-7c0f-4df8-8acd-120df29a9305,Atlantic Ave @ Eastern Pkwy,car,32,34,1088,0.941,10,98.1,0.39,False
2026-08-15T19:19,1786821506.5,fde1748c-7c0f-4df8-8acd-120df29a9305,Atlantic Ave @ Eastern Pkwy,bus,68,89,6052,0.764,8,90.0,0.29,False
2026-08-15T19:19,1786821506.5,fde1748c-7c0f-4df8-8acd-120df29a9305,Atlantic Ave @ Eastern Pkwy,truck,119,95,11305,1.253,7,18.4,0.26,False
2026-08-15T19:19,1786821512.5,fde1748c-7c0f-4df8-8acd-120df29a9305,Atlantic Ave @ Eastern Pkwy,truck,82,58,4756,1.414,4,90.0,0.17,False
2026-08-15T19:19,1786821512.5,fde1748c-7c0f-4df8-8acd-120df29a9305,Atlantic Ave @ Eastern Pkwy,car,26,26,676,1.0,6,0.0,0.0,False
2026-08-15T19:19,1786821516.5,fde1748c-7c0f-4df8-8acd-120df29a9305,Atlantic Ave @ Eastern Pkwy,car,117,94,10998,1.245,3,0.0,0.25,False
2026-08-15T19:19,1786821516.5,fde1748c-7c0f-4df8-8acd-120df29a9305,Atlantic Ave @ Eastern Pkwy,car,45,63,2835,0.714,3,26.6,0.56,False
2026-08-15T19:19,1786821518.5,fde1748c-7c0f-4df8-8acd-120df29a9305,Atlantic Ave @ Eastern Pkwy,car,39,26,1014,1.5,3,76.0,1.03,False
2026-08-15T19:19,1786821520.5,fde1748c-7c0f-4df8-8acd-120df29a9305,Atlantic Ave @ Eastern Pkwy,car,92,61,5612,1.508,3,155.2,7.16,False
2026-08-15T19:19,1786821520.5,fde1748c-7c0f-4df8-8acd-120df29a9305,Atlantic Ave @ Eastern Pkwy,car,51,41,2091,1.244,1,0.0,0.0,False
2026-08-15T19:19,1786821522.5,fde1748c-7c0f-4df8-8acd-120df29a9305,Atlantic Ave @ Eastern Pkwy,car,69,55,3795,1.255,2,194.4,20.13,False
2026-08-15T19:19,1786821522.5,fde1748c-7c0f-4df8-8acd-120df29a9305,Atlantic Ave @ Eastern Pkwy,car,43,36,1548,1.194,1,0.0,0.0,False
2026-08-15T19:19,1786821522.5,fde1748c-7c0f-4df8-8acd-120df29a9305,Atlantic Ave @ Eastern Pkwy,bus,140,114,15960,1.228,1,0.0,0.0,False
2026-08-15T19:19,1786821522.5,fde1748c-7c0f-4df8-8acd-120df29a9305,Atlantic Ave @ Eastern Pkwy,truck,142,113,16046,1.257,2,217.9,48.81,False
2026-08-15T19:19,1786821522.5,fde1748c-7c0f-4df8-8acd-120df29a9305,Atlantic Ave @ Eastern Pkwy,car,47,35,1645,1.343,2,180.0,1.0,False
2026-08-15T19:19,1786821524.5,fde1748c-7c0f-4df8-8acd-120df29a9305,Atlantic Ave @ Eastern Pkwy,car,33,38,1254,0.868,1,0.0,0.0,False
2026-08-15T19:19,1786821524.5,fde1748c-7c0f-4df8-8acd-120df29a9305,Atlantic Ave @ Eastern Pkwy,car,50,39,1950,1.282,1,0.0,0.0,False
2026-08-15T19:19,1786821504.5,6851bbf7-e079-4379-b021-e5c7dafcb8c9,8 Ave @ 9 St,car,38,29,1102,1.31,1,0.0,0.0,False
2026-08-15T19:19,1786821504.5,6851bbf7-e079-4379-b021-e5c7dafcb8c9,8 Ave @ 9 St,car,44,30,1320,1.467,1,0.0,0.0,False
2026-08-15T19:19,1786821504.5,6851bbf7-e079-4379-b021-e5c7dafcb8c9,8 Ave @ 9 St,car,30,34,1020,0.882,1,0.0,0.0,False
2026-08-15T19:19,1786821504.5,6851bbf7-e079-4379-b021-e5c7dafcb8c9,8 Ave @ 9 St,car,142,140,19880,1.014,1,0.0,0.0,False
2026-08-15T19:19,1786821504.5,6851bbf7-e079-4379-b021-e5c7dafcb8c9,8 Ave @ 9 St,car,57,49,2793,1.163,2,300.3,23.75,True
2026-08-15T19:19,1786821506.5,6851bbf7-e079-4379-b021-e5c7dafcb8c9,8 Ave @ 9 St,car,41,36,1476,1.139,1,0.0,0.0,False
2026-08-15T19:19,1786821506.5,6851bbf7-e079-4379-b021-e5c7dafcb8c9,8 Ave @ 9 St,car,174,175,30450,0.994,1,0.0,0.0,False
2026-08-15T19:19,1786821506.5,6851bbf7-e079-4379-b021-e5c7dafcb8c9,8 Ave @ 9 St,car,54,39,2106,1.385,1,0.0,0.0,False
2026-08-15T19:19,1786821506.5,6851bbf7-e079-4379-b021-e5c7dafcb8c9,8 Ave @ 9 St,moto,100,64,6400,1.562,2,187.6,15.13,False
2026-08-15T19:19,1786821510.5,6851bbf7-e079-4379-b021-e5c7dafcb8c9,8 Ave @ 9 St,moto,86,56,4816,1.536,1,0.0,0.0,False
2026-08-15T19:19,1786821512.5,6851bbf7-e079-4379-b021-e5c7dafcb8c9,8 Ave @ 9 St,car,52,35,1820,1.486,1,0.0,0.0,False
2026-08-15T19:19,1786821504.5,6851bbf7-e079-4379-b021-e5c7dafcb8c9,8 Ave @ 9 St,car,82,48,3936,1.708,10,180.0,0.44,False
2026-08-15T19:19,1786821504.5,6851bbf7-e079-4379-b021-e5c7dafcb8c9,8 Ave @ 9 St,truck,78,81,6318,0.963,7,82.9,4.7,False
2026-08-15T19:19,1786821504.5,6851bbf7-e079-4379-b021-e5c7dafcb8c9,8 Ave @ 9 St,truck,99,78,7722,1.269,8,225.0,0.1,False
2026-08-15T19:19,1786821504.5,6851bbf7-e079-4379-b021-e5c7dafcb8c9,8 Ave @ 9 St,car,98,77,7546,1.273,9,0.0,0.0,False
2026-08-15T19:19,1786821504.5,6851bbf7-e079-4379-b021-e5c7dafcb8c9,8 Ave @ 9 St,car,52,38,1976,1.368,7,45.0,0.12,False
2026-08-15T19:19,1786821506.5,6851bbf7-e079-4379-b021-e5c7dafcb8c9,8 Ave @ 9 St,car,83,80,6640,1.038,8,264.9,4.02,False
2026-08-15T19:19,1786821506.5,6851bbf7-e079-4379-b021-e5c7dafcb8c9,8 Ave @ 9 St,bus,83,84,6972,0.988,7,136.0,10.08,True
2026-08-15T19:19,1786821508.5,6851bbf7-e079-4379-b021-e5c7dafcb8c9,8 Ave @ 9 St,car,66,58,3828,1.138,5,116.6,0.56,False
2026-08-15T19:19,1786821520.5,6851bbf7-e079-4379-b021-e5c7dafcb8c9,8 Ave @ 9 St,car,223,183,40809,1.219,1,0.0,0.0,False
2026-08-15T19:19,1786821520.5,6851bbf7-e079-4379-b021-e5c7dafcb8c9,8 Ave @ 9 St,car,42,37,1554,1.135,2,290.9,11.24,False
2026-08-15T19:19,1786821522.5,6851bbf7-e079-4379-b021-e5c7dafcb8c9,8 Ave @ 9 St,car,56,49,2744,1.143,1,0.0,0.0,False
2026-08-15T19:19,1786821522.5,6851bbf7-e079-4379-b021-e5c7dafcb8c9,8 Ave @ 9 St,car,37,30,1110,1.233,1,0.0,0.0,False
2026-08-15T19:19,1786821522.5,6851bbf7-e079-4379-b021-e5c7dafcb8c9,8 Ave @ 9 St,truck,58,50,2900,1.16,1,0.0,0.0,False
2026-08-15T19:19,1786821522.5,6851bbf7-e079-4379-b021-e5c7dafcb8c9,8 Ave @ 9 St,car,27,30,810,0.9,1,0.0,0.0,False
2026-08-15T19:19,1786821504.5,74707723-013b-4bf1-9a8b-c209dbf71984,Bushwick Ave @ Gates Ave,car,19,24,456,0.792,1,0.0,0.0,False
2026-08-15T19:19,1786821506.5,74707723-013b-4bf1-9a8b-c209dbf71984,Bushwick Ave @ Gates Ave,car,28,33,924,0.848,1,0.0,0.0,False
2026-08-15T19:19,1786821504.5,74707723-013b-4bf1-9a8b-c209dbf71984,Bushwick Ave @ Gates Ave,car,123,135,16605,0.911,3,90.0,0.25,False
2026-08-15T19:19,1786821504.5,74707723-013b-4bf1-9a8b-c209dbf71984,Bushwick Ave @ Gates Ave,bus,54,42,2268,1.286,2,12.5,4.61,False
2026-08-15T19:19,1786821506.5,74707723-013b-4bf1-9a8b-c209dbf71984,Bushwick Ave @ Gates Ave,car,19,16,304,1.188,2,116.6,1.12,False
2026-08-15T19:19,1786821508.5,74707723-013b-4bf1-9a8b-c209dbf71984,Bushwick Ave @ Gates Ave,car,92,46,4232,2.0,1,0.0,0.0,False
2026-08-15T19:19,1786821506.5,74707723-013b-4bf1-9a8b-c209dbf71984,Bushwick Ave @ Gates Ave,car,39,45,1755,0.867,3,279.0,9.62,True
2026-08-15T19:19,1786821510.5,74707723-013b-4bf1-9a8b-c209dbf71984,Bushwick Ave @ Gates Ave,truck,41,44,1804,0.932,1,0.0,0.0,False
2026-08-15T19:19,1786821508.5,74707723-013b-4bf1-9a8b-c209dbf71984,Bushwick Ave @ Gates Ave,car,48,52,2496,0.923,3,135.0,0.35,False
2026-08-15T19:19,1786821512.5,74707723-013b-4bf1-9a8b-c209dbf71984,Bushwick Ave @ Gates Ave,car,125,101,12625,1.238,1,0.0,0.0,False
2026-08-15T19:19,1786821512.5,74707723-013b-4bf1-9a8b-c209dbf71984,Bushwick Ave @ Gates Ave,truck,27,28,756,0.964,1,0.0,0.0,False
2026-08-15T19:19,1786821512.5,74707723-013b-4bf1-9a8b-c209dbf71984,Bushwick Ave @ Gates Ave,bus,26,28,728,0.929,1,0.0,0.0,False
2026-08-15T19:19,1786821506.5,74707723-013b-4bf1-9a8b-c209dbf71984,Bushwick Ave @ Gates Ave,car,153,113,17289,1.354,3,20.2,15.19,False
2026-08-15T19:19,1786821510.5,74707723-013b-4bf1-9a8b-c209dbf71984,Bushwick Ave @ Gates Ave,car,50,55,2750,0.909,2,313.2,10.97,False
2026-08-15T19:19,1786821514.5,74707723-013b-4bf1-9a8b-c209dbf71984,Bushwick Ave @ Gates Ave,car,18,16,288,1.125,1,0.0,0.0,False
2026-08-15T19:19,1786821514.5,74707723-013b-4bf1-9a8b-c209dbf71984,Bushwick Ave @ Gates Ave,car,25,22,550,1.136,1,0.0,0.0,False
2026-08-15T19:19,1786821514.5,74707723-013b-4bf1-9a8b-c209dbf71984,Bushwick Ave @ Gates Ave,car,15,14,210,1.071,1,0.0,0.0,False
2026-08-15T19:19,1786821504.5,74707723-013b-4bf1-9a8b-c209dbf71984,Bushwick Ave @ Gates Ave,car,78,98,7644,0.796,7,14.9,2.59,False
2026-08-15T19:19,1786821516.5,74707723-013b-4bf1-9a8b-c209dbf71984,Bushwick Ave @ Gates Ave,car,30,32,960,0.938,1,0.0,0.0,False
2026-08-15T19:19,1786821516.5,74707723-013b-4bf1-9a8b-c209dbf71984,Bushwick Ave @ Gates Ave,car,15,12,180,1.25,1,0.0,0.0,False
2026-08-15T19:19,1786821516.5,74707723-013b-4bf1-9a8b-c209dbf71984,Bushwick Ave @ Gates Ave,truck,78,97,7566,0.804,2,171.0,28.85,False
2026-08-15T19:19,1786821504.5,74707723-013b-4bf1-9a8b-c209dbf71984,Bushwick Ave @ Gates Ave,truck,66,113,7458,0.584,11,76.0,0.21,False
2026-08-15T19:19,1786821504.5,74707723-013b-4bf1-9a8b-c209dbf71984,Bushwick Ave @ Gates Ave,bus,56,43,2408,1.302,10,270.0,0.06,False
2026-08-15T19:19,1786821518.5,74707723-013b-4bf1-9a8b-c209dbf71984,Bushwick Ave @ Gates Ave,car,131,107,14017,1.224,2,196.6,34.96,False
2026-08-15T19:19,1786821520.5,74707723-013b-4bf1-9a8b-c209dbf71984,Bushwick Ave @ Gates Ave,car,65,50,3250,1.3,1,0.0,0.0,False
2026-08-15T19:19,1786821520.5,74707723-013b-4bf1-9a8b-c209dbf71984,Bushwick Ave @ Gates Ave,car,192,120,23040,1.6,1,0.0,0.0,False
2026-08-15T19:19,1786821520.5,74707723-013b-4bf1-9a8b-c209dbf71984,Bushwick Ave @ Gates Ave,car,34,34,1156,1.0,3,234.0,3.4,False
2026-08-15T19:19,1786821524.5,74707723-013b-4bf1-9a8b-c209dbf71984,Bushwick Ave @ Gates Ave,car,17,14,238,1.214,1,0.0,0.0,False
2026-08-15T19:19,1786821504.5,a8805cdb-e305-42d0-b011-cb825380cf8e,Bushwick Ave @ Cooper St,car,122,30,3660,4.067,2,153.4,1.12,False
2026-08-15T19:19,1786821504.5,a8805cdb-e305-42d0-b011-cb825380cf8e,Bushwick Ave @ Cooper St,truck,51,48,2448,1.062,2,0.0,0.0,False
2026-08-15T19:19,1786821506.5,a8805cdb-e305-42d0-b011-cb825380cf8e,Bushwick Ave @ Cooper St,car,86,104,8944,0.827,1,0.0,0.0,False
2026-08-15T19:19,1786821506.5,a8805cdb-e305-42d0-b011-cb825380cf8e,Bushwick Ave @ Cooper St,truck,87,103,8961,0.845,1,0.0,0.0,False
2026-08-15T19:19,1786821508.5,a8805cdb-e305-42d0-b011-cb825380cf8e,Bushwick Ave @ Cooper St,truck,18,103,1854,0.175,1,0.0,0.0,False
2026-08-15T19:19,1786821506.5,a8805cdb-e305-42d0-b011-cb825380cf8e,Bushwick Ave @ Cooper St,car,77,80,6160,0.963,2,98.7,19.73,False
2026-08-15T19:19,1786821508.5,a8805cdb-e305-42d0-b011-cb825380cf8e,Bushwick Ave @ Cooper St,truck,57,90,5130,0.633,2,260.3,23.84,False
2026-08-15T19:19,1786821508.5,a8805cdb-e305-42d0-b011-cb825380cf8e,Bushwick Ave @ Cooper St,car,56,90,5040,0.622,2,261.3,23.26,False
2026-08-15T19:19,1786821510.5,a8805cdb-e305-42d0-b011-cb825380cf8e,Bushwick Ave @ Cooper St,truck,103,97,9991,1.062,1,0.0,0.0,False
2026-08-15T19:19,1786821512.5,a8805cdb-e305-42d0-b011-cb825380cf8e,Bushwick Ave @ Cooper St,car,79,83,6557,0.952,1,0.0,0.0,False
2026-08-15T19:19,1786821512.5,a8805cdb-e305-42d0-b011-cb825380cf8e,Bushwick Ave @ Cooper St,car,72,78,5616,0.923,1,0.0,0.0,False
2026-08-15T19:19,1786821504.5,a8805cdb-e305-42d0-b011-cb825380cf8e,Bushwick Ave @ Cooper St,car,86,89,7654,0.966,6,108.4,0.32,False
2026-08-15T19:19,1786821504.5,a8805cdb-e305-42d0-b011-cb825380cf8e,Bushwick Ave @ Cooper St,truck,80,93,7440,0.86,6,270.0,0.5,False
2026-08-15T19:19,1786821514.5,a8805cdb-e305-42d0-b011-cb825380cf8e,Bushwick Ave @ Cooper St,car,34,33,1122,1.03,1,0.0,0.0,False
2026-08-15T19:19,1786821514.5,a8805cdb-e305-42d0-b011-cb825380cf8e,Bushwick Ave @ Cooper St,truck,41,45,1845,0.911,1,0.0,0.0,False
2026-08-15T19:19,1786821514.5,a8805cdb-e305-42d0-b011-cb825380cf8e,Bushwick Ave @ Cooper St,car,35,33,1155,1.061,1,0.0,0.0,False
2026-08-15T19:19,1786821512.5,a8805cdb-e305-42d0-b011-cb825380cf8e,Bushwick Ave @ Cooper St,car,125,29,3625,4.31,7,90.0,0.08,False
2026-08-15T19:19,1786821512.5,a8805cdb-e305-42d0-b011-cb825380cf8e,Bushwick Ave @ Cooper St,car,81,89,7209,0.91,7,256.0,0.34,False
2026-08-15T19:19,1786821512.5,a8805cdb-e305-42d0-b011-cb825380cf8e,Bushwick Ave @ Cooper St,car,87,92,8004,0.946,7,90.0,0.08,False
2026-08-15T19:19,1786821512.5,a8805cdb-e305-42d0-b011-cb825380cf8e,Bushwick Ave @ Cooper St,truck,71,80,5680,0.887,7,317.7,1.24,False
2026-08-15T19:19,1786821514.5,a8805cdb-e305-42d0-b011-cb825380cf8e,Bushwick Ave @ Cooper St,car,141,133,18753,1.06,6,136.0,4.17,False
2026-08-15T19:19,1786821514.5,a8805cdb-e305-42d0-b011-cb825380cf8e,Bushwick Ave @ Cooper St,car,34,30,1020,1.133,5,225.0,0.35,False
2026-08-15T19:19,1786821516.5,a8805cdb-e305-42d0-b011-cb825380cf8e,Bushwick Ave @ Cooper St,car,100,117,11700,0.855,5,129.3,3.55,False
2026-08-15T19:19,1786821516.5,a8805cdb-e305-42d0-b011-cb825380cf8e,Bushwick Ave @ Cooper St,truck,50,49,2450,1.02,5,153.4,0.28,False
2026-08-15T19:19,1786821516.5,a8805cdb-e305-42d0-b011-cb825380cf8e,Bushwick Ave @ Cooper St,car,27,16,432,1.688,4,270.0,0.33,False
2026-08-15T19:19,1786821520.5,a8805cdb-e305-42d0-b011-cb825380cf8e,Bushwick Ave @ Cooper St,car,33,30,990,1.1,3,96.3,2.26,False
2026-08-15T19:19,1786821520.5,a8805cdb-e305-42d0-b011-cb825380cf8e,Bushwick Ave @ Cooper St,car,23,44,1012,0.523,1,0.0,0.0,False
2026-08-15T19:19,1786821524.5,a8805cdb-e305-42d0-b011-cb825380cf8e,Bushwick Ave @ Cooper St,car,29,17,493,1.706,1,0.0,0.0,False
2026-08-15T19:19,1786821524.5,a8805cdb-e305-42d0-b011-cb825380cf8e,Bushwick Ave @ Cooper St,car,62,35,2170,1.771,1,0.0,0.0,False
2026-08-15T19:19,1786821504.5,068461e2-c62f-4ce4-adac-5f9efe92af1d,Bushwick Ave @ De Kalb Ave,car,63,73,4599,0.863,1,0.0,0.0,False
2026-08-15T19:19,1786821506.5,068461e2-c62f-4ce4-adac-5f9efe92af1d,Bushwick Ave @ De Kalb Ave,car,88,75,6600,1.173,1,0.0,0.0,False
2026-08-15T19:19,1786821506.5,068461e2-c62f-4ce4-adac-5f9efe92af1d,Bushwick Ave @ De Kalb Ave,car,101,119,12019,0.849,1,0.0,0.0,False
2026-08-15T19:19,1786821506.5,068461e2-c62f-4ce4-adac-5f9efe92af1d,Bushwick Ave @ De Kalb Ave,car,31,25,775,1.24,1,0.0,0.0,False
2026-08-15T19:19,1786821506.5,068461e2-c62f-4ce4-adac-5f9efe92af1d,Bushwick Ave @ De Kalb Ave,car,30,36,1080,0.833,1,0.0,0.0,False
2026-08-15T19:19,1786821508.5,068461e2-c62f-4ce4-adac-5f9efe92af1d,Bushwick Ave @ De Kalb Ave,truck,62,61,3782,1.016,1,0.0,0.0,False
2026-08-15T19:19,1786821510.5,068461e2-c62f-4ce4-adac-5f9efe92af1d,Bushwick Ave @ De Kalb Ave,car,136,87,11832,1.563,1,0.0,0.0,False
2026-08-15T19:19,1786821510.5,068461e2-c62f-4ce4-adac-5f9efe92af1d,Bushwick Ave @ De Kalb Ave,car,64,75,4800,0.853,1,0.0,0.0,False
2026-08-15T19:19,1786821510.5,068461e2-c62f-4ce4-adac-5f9efe92af1d,Bushwick Ave @ De Kalb Ave,car,48,36,1728,1.333,1,0.0,0.0,False
2026-08-15T19:19,1786821510.5,068461e2-c62f-4ce4-adac-5f9efe92af1d,Bushwick Ave @ De Kalb Ave,truck,62,54,3348,1.148,1,0.0,0.0,False
2026-08-15T19:19,1786821506.5,068461e2-c62f-4ce4-adac-5f9efe92af1d,Bushwick Ave @ De Kalb Ave,car,10,18,180,0.556,3,0.0,0.0,False
2026-08-15T19:19,1786821508.5,068461e2-c62f-4ce4-adac-5f9efe92af1d,Bushwick Ave @ De Kalb Ave,car,173,144,24912,1.201,3,210.1,78.86,True
2026-08-15T19:19,1786821508.5,068461e2-c62f-4ce4-adac-5f9efe92af1d,Bushwick Ave @ De Kalb Ave,car,62,61,3782,1.016,4,14.9,5.17,False
2026-08-15T19:19,1786821516.5,068461e2-c62f-4ce4-adac-5f9efe92af1d,Bushwick Ave @ De Kalb Ave,car,63,51,3213,1.235,3,0.0,0.75,False
2026-08-15T19:19,1786821518.5,068461e2-c62f-4ce4-adac-5f9efe92af1d,Bushwick Ave @ De Kalb Ave,car,41,34,1394,1.206,2,26.6,3.35,False
2026-08-15T19:19,1786821522.5,068461e2-c62f-4ce4-adac-5f9efe92af1d,Bushwick Ave @ De Kalb Ave,truck,328,196,64288,1.673,1,0.0,0.0,False
2026-08-15T19:19,1786821504.5,089d8066-4e5e-4549-9496-a5f4ffb56ef5,7 Ave @ 9 St,car,49,42,2058,1.167,1,0.0,0.0,False
2026-08-15T19:19,1786821504.5,089d8066-4e5e-4549-9496-a5f4ffb56ef5,7 Ave @ 9 St,car,79,50,3950,1.58,1,0.0,0.0,False
2026-08-15T19:19,1786821504.5,089d8066-4e5e-4549-9496-a5f4ffb56ef5,7 Ave @ 9 St,car,28,21,588,1.333,1,0.0,0.0,False
2026-08-15T19:19,1786821504.5,089d8066-4e5e-4549-9496-a5f4ffb56ef5,7 Ave @ 9 St,truck,79,50,3950,1.58,1,0.0,0.0,False
2026-08-15T19:19,1786821504.5,089d8066-4e5e-4549-9496-a5f4ffb56ef5,7 Ave @ 9 St,car,83,83,6889,1.0,1,0.0,0.0,False
2026-08-15T19:19,1786821504.5,089d8066-4e5e-4549-9496-a5f4ffb56ef5,7 Ave @ 9 St,car,25,14,350,1.786,2,180.0,0.5,False
2026-08-15T19:19,1786821504.5,089d8066-4e5e-4549-9496-a5f4ffb56ef5,7 Ave @ 9 St,car,34,23,782,1.478,2,116.6,1.12,False
2026-08-15T19:19,1786821506.5,089d8066-4e5e-4549-9496-a5f4ffb56ef5,7 Ave @ 9 St,car,108,113,12204,0.956,1,0.0,0.0,False
2026-08-15T19:19,1786821504.5,089d8066-4e5e-4549-9496-a5f4ffb56ef5,7 Ave @ 9 St,truck,65,102,6630,0.637,6,270.0,0.3,False
2026-08-15T19:19,1786821504.5,089d8066-4e5e-4549-9496-a5f4ffb56ef5,7 Ave @ 9 St,car,80,83,6640,0.964,7,267.7,4.17,False
2026-08-15T19:19,1786821506.5,089d8066-4e5e-4549-9496-a5f4ffb56ef5,7 Ave @ 9 St,truck,131,115,15065,1.139,6,56.3,0.36,False
2026-08-15T19:19,1786821506.5,089d8066-4e5e-4549-9496-a5f4ffb56ef5,7 Ave @ 9 St,car,47,38,1786,1.237,4,220.8,4.84,False
2026-08-15T19:19,1786821512.5,089d8066-4e5e-4549-9496-a5f4ffb56ef5,7 Ave @ 9 St,truck,107,117,12519,0.915,3,76.0,1.03,False
2026-08-15T19:19,1786821504.5,089d8066-4e5e-4549-9496-a5f4ffb56ef5,7 Ave @ 9 St,car,61,58,3538,1.052,10,153.4,0.12,False
2026-08-15T19:19,1786821514.5,089d8066-4e5e-4549-9496-a5f4ffb56ef5,7 Ave @ 9 St,car,169,91,15379,1.857,5,209.1,2.57,False
2026-08-15T19:19,1786821514.5,089d8066-4e5e-4549-9496-a5f4ffb56ef5,7 Ave @ 9 St,truck,65,102,6630,0.637,5,243.4,0.28,False
2026-08-15T19:19,1786821518.5,089d8066-4e5e-4549-9496-a5f4ffb56ef5,7 Ave @ 9 St,car,126,105,13230,1.2,2,204.4,29.09,False
2026-08-15T19:19,1786821518.5,089d8066-4e5e-4549-9496-a5f4ffb56ef5,7 Ave @ 9 St,car,32,25,800,1.28,1,0.0,0.0,False
2026-08-15T19:19,1786821518.5,089d8066-4e5e-4549-9496-a5f4ffb56ef5,7 Ave @ 9 St,car,33,24,792,1.375,3,198.4,0.79,False
2026-08-15T19:19,1786821520.5,089d8066-4e5e-4549-9496-a5f4ffb56ef5,7 Ave @ 9 St,car,25,22,550,1.136,1,0.0,0.0,False
2026-08-15T19:19,1786821522.5,089d8066-4e5e-4549-9496-a5f4ffb56ef5,7 Ave @ 9 St,car,60,59,3540,1.017,1,0.0,0.0,False
2026-08-15T19:19,1786821504.5,a8f2d065-c266-4378-ac63-50b81677da84,C2-PE-02-Ctr_at_Ft_Hamltn_Pkwy-Ex5,car,277,61,16897,4.541,1,0.0,0.0,False
2026-08-15T19:19,1786821504.5,053afe02-e1b3-4bea-9995-787e72c7fff4,Atlantic Ave @ Barclays Center,car,31,22,682,1.409,1,0.0,0.0,False
2026-08-15T19:19,1786821504.5,053afe02-e1b3-4bea-9995-787e72c7fff4,Atlantic Ave @ Barclays Center,car,22,12,264,1.833,1,0.0,0.0,False
2026-08-15T19:19,1786821504.5,053afe02-e1b3-4bea-9995-787e72c7fff4,Atlantic Ave @ Barclays Center,car,21,17,357,1.235,1,0.0,0.0,False
2026-08-15T19:19,1786821508.5,053afe02-e1b3-4bea-9995-787e72c7fff4,Atlantic Ave @ Barclays Center,car,36,23,828,1.565,1,0.0,0.0,False
2026-08-15T19:19,1786821504.5,053afe02-e1b3-4bea-9995-787e72c7fff4,Atlantic Ave @ Barclays Center,car,134,90,12060,1.489,11,135.0,0.07,False
2026-08-15T19:19,1786821504.5,053afe02-e1b3-4bea-9995-787e72c7fff4,Atlantic Ave @ Barclays Center,car,89,56,4984,1.589,11,35.3,3.55,False
2026-08-15T19:19,1786821504.5,053afe02-e1b3-4bea-9995-787e72c7fff4,Atlantic Ave @ Barclays Center,car,86,90,7740,0.956,11,26.6,0.11,False
2026-08-15T19:19,1786821504.5,053afe02-e1b3-4bea-9995-787e72c7fff4,Atlantic Ave @ Barclays Center,car,96,81,7776,1.185,10,0.0,0.0,False
2026-08-15T19:19,1786821504.5,053afe02-e1b3-4bea-9995-787e72c7fff4,Atlantic Ave @ Barclays Center,car,84,48,4032,1.75,8,25.8,5.08,True
2026-08-15T19:19,1786821504.5,053afe02-e1b3-4bea-9995-787e72c7fff4,Atlantic Ave @ Barclays Center,car,58,54,3132,1.074,10,180.0,0.06,False
2026-08-15T19:19,1786821504.5,053afe02-e1b3-4bea-9995-787e72c7fff4,Atlantic Ave @ Barclays Center,car,81,52,4212,1.558,7,193.4,1.8,False
2026-08-15T19:19,1786821508.5,053afe02-e1b3-4bea-9995-787e72c7fff4,Atlantic Ave @ Barclays Center,car,31,20,620,1.55,5,0.0,0.38,False
2026-08-15T19:19,1786821522.5,053afe02-e1b3-4bea-9995-787e72c7fff4,Atlantic Ave @ Barclays Center,car,127,91,11557,1.396,2,208.7,42.74,False
2026-08-15T19:19,1786821522.5,053afe02-e1b3-4bea-9995-787e72c7fff4,Atlantic Ave @ Barclays Center,car,111,104,11544,1.067,1,0.0,0.0,False
2026-08-15T19:19,1786821522.5,053afe02-e1b3-4bea-9995-787e72c7fff4,Atlantic Ave @ Barclays Center,car,63,50,3150,1.26,2,1.3,21.51,False
2026-08-15T19:19,1786821522.5,053afe02-e1b3-4bea-9995-787e72c7fff4,Atlantic Ave @ Barclays Center,car,165,95,15675,1.737,1,0.0,0.0,False
2026-08-15T19:19,1786821522.5,053afe02-e1b3-4bea-9995-787e72c7fff4,Atlantic Ave @ Barclays Center,car,48,37,1776,1.297,2,38.5,24.91,True
2026-08-15T19:19,1786821524.5,053afe02-e1b3-4bea-9995-787e72c7fff4,Atlantic Ave @ Barclays Center,car,104,91,9464,1.143,1,0.0,0.0,False
2026-08-15T19:19,1786821504.5,fa287d30-44a9-48ef-90d6-5ab0a54eab15,Flatbush Ave and Atlantic Ave,truck,62,113,7006,0.549,1,0.0,0.0,False
2026-08-15T19:19,1786821504.5,fa287d30-44a9-48ef-90d6-5ab0a54eab15,Flatbush Ave and Atlantic Ave,car,107,94,10058,1.138,1,0.0,0.0,False
2026-08-15T19:19,1786821504.5,fa287d30-44a9-48ef-90d6-5ab0a54eab15,Flatbush Ave and Atlantic Ave,truck,108,94,10152,1.149,1,0.0,0.0,False
2026-08-15T19:19,1786821504.5,fa287d30-44a9-48ef-90d6-5ab0a54eab15,Flatbush Ave and Atlantic Ave,truck,77,79,6083,0.975,1,0.0,0.0,False
2026-08-15T19:19,1786821504.5,fa287d30-44a9-48ef-90d6-5ab0a54eab15,Flatbush Ave and Atlantic Ave,car,47,55,2585,0.855,4,193.2,2.91,False
2026-08-15T19:19,1786821506.5,fa287d30-44a9-48ef-90d6-5ab0a54eab15,Flatbush Ave and Atlantic Ave,car,66,70,4620,0.943,3,130.7,14.18,True
2026-08-15T19:19,1786821510.5,fa287d30-44a9-48ef-90d6-5ab0a54eab15,Flatbush Ave and Atlantic Ave,car,106,23,2438,4.609,1,0.0,0.0,False
2026-08-15T19:19,1786821504.5,fa287d30-44a9-48ef-90d6-5ab0a54eab15,Flatbush Ave and Atlantic Ave,car,53,46,2438,1.152,4,253.4,6.43,False
2026-08-15T19:19,1786821506.5,fa287d30-44a9-48ef-90d6-5ab0a54eab15,Flatbush Ave and Atlantic Ave,car,125,105,13125,1.19,4,157.6,31.54,True
2026-08-15T19:19,1786821506.5,fa287d30-44a9-48ef-90d6-5ab0a54eab15,Flatbush Ave and Atlantic Ave,car,85,80,6800,1.062,3,35.9,8.95,False
2026-08-15T19:19,1786821512.5,fa287d30-44a9-48ef-90d6-5ab0a54eab15,Flatbush Ave and Atlantic Ave,car,32,15,480,2.133,1,0.0,0.0,False
2026-08-15T19:19,1786821510.5,fa287d30-44a9-48ef-90d6-5ab0a54eab15,Flatbush Ave and Atlantic Ave,truck,71,75,5325,0.947,3,103.1,17.71,True
2026-08-15T19:19,1786821514.5,fa287d30-44a9-48ef-90d6-5ab0a54eab15,Flatbush Ave and Atlantic Ave,car,27,29,783,0.931,1,0.0,0.0,False
2026-08-15T19:19,1786821518.5,fa287d30-44a9-48ef-90d6-5ab0a54eab15,Flatbush Ave and Atlantic Ave,bus,83,87,7221,0.954,1,0.0,0.0,False
2026-08-15T19:19,1786821512.5,fa287d30-44a9-48ef-90d6-5ab0a54eab15,Flatbush Ave and Atlantic Ave,car,47,50,2350,0.94,7,126.9,2.08,False
2026-08-15T19:19,1786821516.5,fa287d30-44a9-48ef-90d6-5ab0a54eab15,Flatbush Ave and Atlantic Ave,car,43,49,2107,0.878,2,281.3,10.2,False
2026-08-15T19:19,1786821520.5,fa287d30-44a9-48ef-90d6-5ab0a54eab15,Flatbush Ave and Atlantic Ave,bus,45,48,2160,0.938,1,0.0,0.0,False
2026-08-15T19:19,1786821520.5,fa287d30-44a9-48ef-90d6-5ab0a54eab15,Flatbush Ave and Atlantic Ave,car,82,57,4674,1.439,1,0.0,0.0,False
2026-08-15T19:19,1786821520.5,fa287d30-44a9-48ef-90d6-5ab0a54eab15,Flatbush Ave and Atlantic Ave,car,18,16,288,1.125,1,0.0,0.0,False
2026-08-15T19:19,1786821524.5,fa287d30-44a9-48ef-90d6-5ab0a54eab15,Flatbush Ave and Atlantic Ave,truck,61,111,6771,0.55,1,0.0,0.0,False
2026-08-15T19:19,1786821504.5,5f4bef40-ddee-41fa-a623-6388d561f416,C2-PE-01-Cntr_at_Caton_Ave-Ex6,car,122,90,10980,1.356,1,0.0,0.0,False
2026-08-15T19:19,1786821506.5,5f4bef40-ddee-41fa-a623-6388d561f416,C2-PE-01-Cntr_at_Caton_Ave-Ex6,car,129,106,13674,1.217,1,0.0,0.0,False
2026-08-15T19:19,1786821506.5,5f4bef40-ddee-41fa-a623-6388d561f416,C2-PE-01-Cntr_at_Caton_Ave-Ex6,car,92,49,4508,1.878,1,0.0,0.0,False
2026-08-15T19:19,1786821506.5,5f4bef40-ddee-41fa-a623-6388d561f416,C2-PE-01-Cntr_at_Caton_Ave-Ex6,car,163,123,20049,1.325,1,0.0,0.0,False
2026-08-15T19:19,1786821506.5,5f4bef40-ddee-41fa-a623-6388d561f416,C2-PE-01-Cntr_at_Caton_Ave-Ex6,car,699,556,388644,1.257,1,0.0,0.0,False
2026-08-15T19:19,1786821506.5,5f4bef40-ddee-41fa-a623-6388d561f416,C2-PE-01-Cntr_at_Caton_Ave-Ex6,car,159,131,20829,1.214,1,0.0,0.0,False
2026-08-15T19:19,1786821506.5,5f4bef40-ddee-41fa-a623-6388d561f416,C2-PE-01-Cntr_at_Caton_Ave-Ex6,truck,700,551,385700,1.27,1,0.0,0.0,False
2026-08-15T19:19,1786821506.5,5f4bef40-ddee-41fa-a623-6388d561f416,C2-PE-01-Cntr_at_Caton_Ave-Ex6,truck,164,129,21156,1.271,1,0.0,0.0,False
2026-08-15T19:19,1786821508.5,5f4bef40-ddee-41fa-a623-6388d561f416,C2-PE-01-Cntr_at_Caton_Ave-Ex6,car,489,286,139854,1.71,1,0.0,0.0,False
2026-08-15T19:19,1786821508.5,5f4bef40-ddee-41fa-a623-6388d561f416,C2-PE-01-Cntr_at_Caton_Ave-Ex6,car,334,312,104208,1.071,1,0.0,0.0,False
2026-08-15T19:19,1786821508.5,5f4bef40-ddee-41fa-a623-6388d561f416,C2-PE-01-Cntr_at_Caton_Ave-Ex6,car,101,67,6767,1.507,1,0.0,0.0,False
2026-08-15T19:19,1786821508.5,5f4bef40-ddee-41fa-a623-6388d561f416,C2-PE-01-Cntr_at_Caton_Ave-Ex6,car,135,120,16200,1.125,1,0.0,0.0,False
2026-08-15T19:19,1786821508.5,5f4bef40-ddee-41fa-a623-6388d561f416,C2-PE-01-Cntr_at_Caton_Ave-Ex6,car,264,221,58344,1.195,2,351.7,97.51,False
2026-08-15T19:19,1786821510.5,5f4bef40-ddee-41fa-a623-6388d561f416,C2-PE-01-Cntr_at_Caton_Ave-Ex6,car,845,535,452075,1.579,1,0.0,0.0,False
2026-08-15T19:19,1786821510.5,5f4bef40-ddee-41fa-a623-6388d561f416,C2-PE-01-Cntr_at_Caton_Ave-Ex6,car,173,155,26815,1.116,1,0.0,0.0,False
2026-08-15T19:19,1786821510.5,5f4bef40-ddee-41fa-a623-6388d561f416,C2-PE-01-Cntr_at_Caton_Ave-Ex6,car,314,251,78814,1.251,1,0.0,0.0,False
2026-08-15T19:19,1786821510.5,5f4bef40-ddee-41fa-a623-6388d561f416,C2-PE-01-Cntr_at_Caton_Ave-Ex6,car,419,293,122767,1.43,1,0.0,0.0,False
2026-08-15T19:19,1786821510.5,5f4bef40-ddee-41fa-a623-6388d561f416,C2-PE-01-Cntr_at_Caton_Ave-Ex6,car,353,407,143671,0.867,1,0.0,0.0,False
2026-08-15T19:19,1786821510.5,5f4bef40-ddee-41fa-a623-6388d561f416,C2-PE-01-Cntr_at_Caton_Ave-Ex6,car,136,89,12104,1.528,1,0.0,0.0,False
2026-08-15T19:19,1786821508.5,5f4bef40-ddee-41fa-a623-6388d561f416,C2-PE-01-Cntr_at_Caton_Ave-Ex6,car,287,206,59122,1.393,3,246.7,15.79,False
2026-08-15T19:19,1786821508.5,5f4bef40-ddee-41fa-a623-6388d561f416,C2-PE-01-Cntr_at_Caton_Ave-Ex6,car,140,114,15960,1.228,2,74.1,7.28,False
2026-08-15T19:19,1786821510.5,5f4bef40-ddee-41fa-a623-6388d561f416,C2-PE-01-Cntr_at_Caton_Ave-Ex6,car,109,68,7412,1.603,2,177.9,55.04,True
2026-08-15T19:19,1786821512.5,5f4bef40-ddee-41fa-a623-6388d561f416,C2-PE-01-Cntr_at_Caton_Ave-Ex6,car,196,181,35476,1.083,1,0.0,0.0,False
2026-08-15T19:19,1786821512.5,5f4bef40-ddee-41fa-a623-6388d561f416,C2-PE-01-Cntr_at_Caton_Ave-Ex6,car,287,200,57400,1.435,1,0.0,0.0,False
2026-08-15T19:19,1786821512.5,5f4bef40-ddee-41fa-a623-6388d561f416,C2-PE-01-Cntr_at_Caton_Ave-Ex6,car,83,65,5395,1.277,1,0.0,0.0,False
2026-08-15T19:19,1786821512.5,5f4bef40-ddee-41fa-a623-6388d561f416,C2-PE-01-Cntr_at_Caton_Ave-Ex6,car,98,69,6762,1.42,1,0.0,0.0,False
2026-08-15T19:19,1786821510.5,5f4bef40-ddee-41fa-a623-6388d561f416,C2-PE-01-Cntr_at_Caton_Ave-Ex6,car,89,87,7743,1.023,2,93.0,29.04,False
2026-08-15T19:19,1786821514.5,5f4bef40-ddee-41fa-a623-6388d561f416,C2-PE-01-Cntr_at_Caton_Ave-Ex6,car,159,98,15582,1.622,1,0.0,0.0,False
2026-08-15T19:19,1786821514.5,5f4bef40-ddee-41fa-a623-6388d561f416,C2-PE-01-Cntr_at_Caton_Ave-Ex6,car,446,297,132462,1.502,2,14.7,49.12,False
2026-08-15T19:19,1786821516.5,5f4bef40-ddee-41fa-a623-6388d561f416,C2-PE-01-Cntr_at_Caton_Ave-Ex6,car,172,153,26316,1.124,1,0.0,0.0,False
2026-08-15T19:19,1786821516.5,5f4bef40-ddee-41fa-a623-6388d561f416,C2-PE-01-Cntr_at_Caton_Ave-Ex6,car,141,119,16779,1.185,1,0.0,0.0,False
2026-08-15T19:19,1786821516.5,5f4bef40-ddee-41fa-a623-6388d561f416,C2-PE-01-Cntr_at_Caton_Ave-Ex6,car,91,64,5824,1.422,2,117.9,28.85,False
2026-08-15T19:19,1786821518.5,5f4bef40-ddee-41fa-a623-6388d561f416,C2-PE-01-Cntr_at_Caton_Ave-Ex6,car,132,100,13200,1.32,1,0.0,0.0,False
2026-08-15T19:19,1786821518.5,5f4bef40-ddee-41fa-a623-6388d561f416,C2-PE-01-Cntr_at_Caton_Ave-Ex6,car,203,164,33292,1.238,1,0.0,0.0,False
2026-08-15T19:19,1786821518.5,5f4bef40-ddee-41fa-a623-6388d561f416,C2-PE-01-Cntr_at_Caton_Ave-Ex6,car,214,133,28462,1.609,1,0.0,0.0,False
2026-08-15T19:19,1786821518.5,5f4bef40-ddee-41fa-a623-6388d561f416,C2-PE-01-Cntr_at_Caton_Ave-Ex6,car,157,173,27161,0.908,1,0.0,0.0,False
2026-08-15T19:19,1786821518.5,5f4bef40-ddee-41fa-a623-6388d561f416,C2-PE-01-Cntr_at_Caton_Ave-Ex6,truck,160,169,27040,0.947,1,0.0,0.0,False
2026-08-15T19:19,1786821514.5,5f4bef40-ddee-41fa-a623-6388d561f416,C2-PE-01-Cntr_at_Caton_Ave-Ex6,car,194,117,22698,1.658,3,197.4,67.05,True
2026-08-15T19:19,1786821518.5,5f4bef40-ddee-41fa-a623-6388d561f416,C2-PE-01-Cntr_at_Caton_Ave-Ex6,car,324,270,87480,1.2,2,71.6,9.49,False
2026-08-15T19:19,1786821518.5,5f4bef40-ddee-41fa-a623-6388d561f416,C2-PE-01-Cntr_at_Caton_Ave-Ex6,car,568,347,197096,1.637,2,210.2,230.34,True
2026-08-15T19:19,1786821520.5,5f4bef40-ddee-41fa-a623-6388d561f416,C2-PE-01-Cntr_at_Caton_Ave-Ex6,car,332,311,103252,1.068,2,257.9,157.5,True
2026-08-15T19:19,1786821520.5,5f4bef40-ddee-41fa-a623-6388d561f416,C2-PE-01-Cntr_at_Caton_Ave-Ex6,car,262,171,44802,1.532,1,0.0,0.0,False
2026-08-15T19:19,1786821520.5,5f4bef40-ddee-41fa-a623-6388d561f416,C2-PE-01-Cntr_at_Caton_Ave-Ex6,car,325,255,82875,1.275,2,319.8,20.93,False
2026-08-15T19:19,1786821520.5,5f4bef40-ddee-41fa-a623-6388d561f416,C2-PE-01-Cntr_at_Caton_Ave-Ex6,car,104,102,10608,1.02,2,286.7,5.22,False
2026-08-15T19:19,1786821522.5,5f4bef40-ddee-41fa-a623-6388d561f416,C2-PE-01-Cntr_at_Caton_Ave-Ex6,car,538,364,195832,1.478,1,0.0,0.0,False
2026-08-15T19:19,1786821522.5,5f4bef40-ddee-41fa-a623-6388d561f416,C2-PE-01-Cntr_at_Caton_Ave-Ex6,car,121,64,7744,1.891,1,0.0,0.0,False
2026-08-15T19:19,1786821522.5,5f4bef40-ddee-41fa-a623-6388d561f416,C2-PE-01-Cntr_at_Caton_Ave-Ex6,car,113,89,10057,1.27,1,0.0,0.0,False
2026-08-15T19:19,1786821522.5,5f4bef40-ddee-41fa-a623-6388d561f416,C2-PE-01-Cntr_at_Caton_Ave-Ex6,car,109,74,8066,1.473,1,0.0,0.0,False
2026-08-15T19:19,1786821524.5,5f4bef40-ddee-41fa-a623-6388d561f416,C2-PE-01-Cntr_at_Caton_Ave-Ex6,car,421,243,102303,1.733,1,0.0,0.0,False
2026-08-15T19:19,1786821524.5,5f4bef40-ddee-41fa-a623-6388d561f416,C2-PE-01-Cntr_at_Caton_Ave-Ex6,car,135,104,14040,1.298,1,0.0,0.0,False
2026-08-15T19:19,1786821524.5,5f4bef40-ddee-41fa-a623-6388d561f416,C2-PE-01-Cntr_at_Caton_Ave-Ex6,car,127,111,14097,1.144,1,0.0,0.0,False
2026-08-15T19:19,1786821516.5,f9608ba1-608f-4dad-a8aa-9a9c1978b363,McDonald Ave @ 10th Ave / 20th St,car,60,74,4440,0.811,1,0.0,0.0,False
2026-08-15T19:19,1786821518.5,f9608ba1-608f-4dad-a8aa-9a9c1978b363,McDonald Ave @ 10th Ave / 20th St,car,44,49,2156,0.898,1,0.0,0.0,False
2026-08-15T19:19,1786821518.5,f9608ba1-608f-4dad-a8aa-9a9c1978b363,McDonald Ave @ 10th Ave / 20th St,truck,46,48,2208,0.958,1,0.0,0.0,False
2026-08-15T19:19,1786821522.5,f9608ba1-608f-4dad-a8aa-9a9c1978b363,McDonald Ave @ 10th Ave / 20th St,car,67,44,2948,1.523,1,0.0,0.0,False
2026-08-15T19:19,1786821524.5,f9608ba1-608f-4dad-a8aa-9a9c1978b363,McDonald Ave @ 10th Ave / 20th St,car,21,18,378,1.167,1,0.0,0.0,False
2026-08-15T19:19,1786821504.5,9955d671-39ad-4fb7-b63e-4e78cf6ac157,Flatbush Ave and 4 Ave,truck,152,173,26296,0.879,1,0.0,0.0,False
2026-08-15T19:19,1786821504.5,9955d671-39ad-4fb7-b63e-4e78cf6ac157,Flatbush Ave and 4 Ave,car,46,31,1426,1.484,2,199.0,15.34,False
2026-08-15T19:19,1786821506.5,9955d671-39ad-4fb7-b63e-4e78cf6ac157,Flatbush Ave and 4 Ave,bus,317,319,101123,0.994,1,0.0,0.0,False
2026-08-15T19:19,1786821506.5,9955d671-39ad-4fb7-b63e-4e78cf6ac157,Flatbush Ave and 4 Ave,car,31,34,1054,0.912,1,0.0,0.0,False
2026-08-15T19:19,1786821506.5,9955d671-39ad-4fb7-b63e-4e78cf6ac157,Flatbush Ave and 4 Ave,truck,64,84,5376,0.762,1,0.0,0.0,False
2026-08-15T19:19,1786821506.5,9955d671-39ad-4fb7-b63e-4e78cf6ac157,Flatbush Ave and 4 Ave,car,24,24,576,1.0,1,0.0,0.0,False
2026-08-15T19:19,1786821508.5,9955d671-39ad-4fb7-b63e-4e78cf6ac157,Flatbush Ave and 4 Ave,truck,76,102,7752,0.745,1,0.0,0.0,False
2026-08-15T19:19,1786821508.5,9955d671-39ad-4fb7-b63e-4e78cf6ac157,Flatbush Ave and 4 Ave,car,198,80,15840,2.475,1,0.0,0.0,False
2026-08-15T19:19,1786821506.5,9955d671-39ad-4fb7-b63e-4e78cf6ac157,Flatbush Ave and 4 Ave,car,43,32,1376,1.344,2,171.3,19.73,True
2026-08-15T19:19,1786821508.5,9955d671-39ad-4fb7-b63e-4e78cf6ac157,Flatbush Ave and 4 Ave,car,36,18,648,2.0,2,135.0,1.41,False
2026-08-15T19:19,1786821508.5,9955d671-39ad-4fb7-b63e-4e78cf6ac157,Flatbush Ave and 4 Ave,car,29,31,899,0.935,2,325.4,17.61,True
2026-08-15T19:19,1786821512.5,9955d671-39ad-4fb7-b63e-4e78cf6ac157,Flatbush Ave and 4 Ave,truck,47,56,2632,0.839,1,0.0,0.0,False
2026-08-15T19:19,1786821512.5,9955d671-39ad-4fb7-b63e-4e78cf6ac157,Flatbush Ave and 4 Ave,car,182,141,25662,1.291,1,0.0,0.0,False
2026-08-15T19:19,1786821512.5,9955d671-39ad-4fb7-b63e-4e78cf6ac157,Flatbush Ave and 4 Ave,car,127,141,17907,0.901,1,0.0,0.0,False
2026-08-15T19:19,1786821512.5,9955d671-39ad-4fb7-b63e-4e78cf6ac157,Flatbush Ave and 4 Ave,truck,47,34,1598,1.382,1,0.0,0.0,False
2026-08-15T19:19,1786821504.5,9955d671-39ad-4fb7-b63e-4e78cf6ac157,Flatbush Ave and 4 Ave,truck,60,78,4680,0.769,5,276.7,7.55,False
2026-08-15T19:19,1786821504.5,9955d671-39ad-4fb7-b63e-4e78cf6ac157,Flatbush Ave and 4 Ave,car,82,56,4592,1.464,6,223.4,7.57,True
2026-08-15T19:19,1786821510.5,9955d671-39ad-4fb7-b63e-4e78cf6ac157,Flatbush Ave and 4 Ave,car,132,184,24288,0.717,3,205.0,15.99,False
2026-08-15T19:19,1786821512.5,9955d671-39ad-4fb7-b63e-4e78cf6ac157,Flatbush Ave and 4 Ave,car,79,52,4108,1.519,3,207.5,27.62,True
2026-08-15T19:19,1786821504.5,9955d671-39ad-4fb7-b63e-4e78cf6ac157,Flatbush Ave and 4 Ave,car,128,184,23552,0.696,7,39.6,3.14,False
2026-08-15T19:19,1786821512.5,9955d671-39ad-4fb7-b63e-4e78cf6ac157,Flatbush Ave and 4 Ave,car,41,50,2050,0.82,4,333.4,4.47,False
2026-08-15T19:19,1786821518.5,9955d671-39ad-4fb7-b63e-4e78cf6ac157,Flatbush Ave and 4 Ave,truck,93,62,5766,1.5,1,0.0,0.0,False
2026-08-15T19:19,1786821512.5,9955d671-39ad-4fb7-b63e-4e78cf6ac157,Flatbush Ave and 4 Ave,truck,64,59,3776,1.085,6,90.0,0.1,False
2026-08-15T19:19,1786821514.5,9955d671-39ad-4fb7-b63e-4e78cf6ac157,Flatbush Ave and 4 Ave,car,132,141,18612,0.936,5,107.1,1.7,False
2026-08-15T19:19,1786821518.5,9955d671-39ad-4fb7-b63e-4e78cf6ac157,Flatbush Ave and 4 Ave,truck,120,142,17040,0.845,2,156.0,45.44,False
2026-08-15T19:19,1786821518.5,9955d671-39ad-4fb7-b63e-4e78cf6ac157,Flatbush Ave and 4 Ave,truck,48,33,1584,1.455,2,12.0,16.87,False
2026-08-15T19:19,1786821520.5,9955d671-39ad-4fb7-b63e-4e78cf6ac157,Flatbush Ave and 4 Ave,truck,49,91,4459,0.538,1,0.0,0.0,False
2026-08-15T19:19,1786821520.5,9955d671-39ad-4fb7-b63e-4e78cf6ac157,Flatbush Ave and 4 Ave,moto,47,36,1692,1.306,1,0.0,0.0,False
2026-08-15T19:19,1786821524.5,9955d671-39ad-4fb7-b63e-4e78cf6ac157,Flatbush Ave and 4 Ave,truck,44,57,2508,0.772,1,0.0,0.0,False
2026-08-15T19:19,1786821504.5,2293205b-2b15-44da-8220-6833a13c5a80,Ocean Pkwy @ Church Ave,car,177,144,25488,1.229,1,0.0,0.0,False
2026-08-15T19:19,1786821504.5,2293205b-2b15-44da-8220-6833a13c5a80,Ocean Pkwy @ Church Ave,car,103,84,8652,1.226,1,0.0,0.0,False
2026-08-15T19:19,1786821504.5,2293205b-2b15-44da-8220-6833a13c5a80,Ocean Pkwy @ Church Ave,car,93,86,7998,1.081,2,315.8,48.8,True
2026-08-15T19:19,1786821504.5,2293205b-2b15-44da-8220-6833a13c5a80,Ocean Pkwy @ Church Ave,car,40,33,1320,1.212,2,207.6,12.97,False
2026-08-15T19:19,1786821506.5,2293205b-2b15-44da-8220-6833a13c5a80,Ocean Pkwy @ Church Ave,car,48,39,1872,1.231,1,0.0,0.0,False
2026-08-15T19:19,1786821506.5,2293205b-2b15-44da-8220-6833a13c5a80,Ocean Pkwy @ Church Ave,car,44,33,1452,1.333,1,0.0,0.0,False
2026-08-15T19:19,1786821508.5,2293205b-2b15-44da-8220-6833a13c5a80,Ocean Pkwy @ Church Ave,car,135,43,5805,3.14,1,0.0,0.0,False
2026-08-15T19:19,1786821508.5,2293205b-2b15-44da-8220-6833a13c5a80,Ocean Pkwy @ Church Ave,car,49,29,1421,1.69,1,0.0,0.0,False
2026-08-15T19:19,1786821508.5,2293205b-2b15-44da-8220-6833a13c5a80,Ocean Pkwy @ Church Ave,car,26,19,494,1.368,1,0.0,0.0,False
2026-08-15T19:19,1786821510.5,2293205b-2b15-44da-8220-6833a13c5a80,Ocean Pkwy @ Church Ave,car,121,99,11979,1.222,1,0.0,0.0,False
2026-08-15T19:19,1786821510.5,2293205b-2b15-44da-8220-6833a13c5a80,Ocean Pkwy @ Church Ave,car,86,138,11868,0.623,1,0.0,0.0,False
2026-08-15T19:19,1786821510.5,2293205b-2b15-44da-8220-6833a13c5a80,Ocean Pkwy @ Church Ave,car,34,32,1088,1.062,1,0.0,0.0,False
2026-08-15T19:19,1786821510.5,2293205b-2b15-44da-8220-6833a13c5a80,Ocean Pkwy @ Church Ave,car,49,48,2352,1.021,1,0.0,0.0,False
2026-08-15T19:19,1786821510.5,2293205b-2b15-44da-8220-6833a13c5a80,Ocean Pkwy @ Church Ave,car,38,40,1520,0.95,1,0.0,0.0,False
2026-08-15T19:19,1786821510.5,2293205b-2b15-44da-8220-6833a13c5a80,Ocean Pkwy @ Church Ave,car,81,60,4860,1.35,1,0.0,0.0,False
2026-08-15T19:19,1786821510.5,2293205b-2b15-44da-8220-6833a13c5a80,Ocean Pkwy @ Church Ave,car,25,21,525,1.19,1,0.0,0.0,False
2026-08-15T19:19,1786821506.5,2293205b-2b15-44da-8220-6833a13c5a80,Ocean Pkwy @ Church Ave,car,116,129,14964,0.899,4,186.4,17.95,True
2026-08-15T19:19,1786821512.5,2293205b-2b15-44da-8220-6833a13c5a80,Ocean Pkwy @ Church Ave,car,177,108,19116,1.639,1,0.0,0.0,False
2026-08-15T19:19,1786821512.5,2293205b-2b15-44da-8220-6833a13c5a80,Ocean Pkwy @ Church Ave,car,44,40,1760,1.1,1,0.0,0.0,False
2026-08-15T19:19,1786821512.5,2293205b-2b15-44da-8220-6833a13c5a80,Ocean Pkwy @ Church Ave,car,33,27,891,1.222,1,0.0,0.0,False
2026-08-15T19:19,1786821504.5,2293205b-2b15-44da-8220-6833a13c5a80,Ocean Pkwy @ Church Ave,car,92,82,7544,1.122,5,304.2,7.11,False
2026-08-15T19:19,1786821506.5,2293205b-2b15-44da-8220-6833a13c5a80,Ocean Pkwy @ Church Ave,car,52,42,2184,1.238,5,33.7,1.8,False
2026-08-15T19:19,1786821514.5,2293205b-2b15-44da-8220-6833a13c5a80,Ocean Pkwy @ Church Ave,car,66,78,5148,0.846,1,0.0,0.0,False
2026-08-15T19:19,1786821514.5,2293205b-2b15-44da-8220-6833a13c5a80,Ocean Pkwy @ Church Ave,car,42,34,1428,1.235,1,0.0,0.0,False
2026-08-15T19:19,1786821514.5,2293205b-2b15-44da-8220-6833a13c5a80,Ocean Pkwy @ Church Ave,car,94,81,7614,1.16,4,81.9,11.79,False
2026-08-15T19:19,1786821516.5,2293205b-2b15-44da-8220-6833a13c5a80,Ocean Pkwy @ Church Ave,car,89,72,6408,1.236,3,225.0,0.35,False
2026-08-15T19:19,1786821516.5,2293205b-2b15-44da-8220-6833a13c5a80,Ocean Pkwy @ Church Ave,truck,79,110,8690,0.718,3,82.4,11.35,False
2026-08-15T19:19,1786821516.5,2293205b-2b15-44da-8220-6833a13c5a80,Ocean Pkwy @ Church Ave,car,28,18,504,1.556,1,0.0,0.0,False
2026-08-15T19:19,1786821516.5,2293205b-2b15-44da-8220-6833a13c5a80,Ocean Pkwy @ Church Ave,car,37,49,1813,0.755,3,294.6,6.6,False
2026-08-15T19:19,1786821518.5,2293205b-2b15-44da-8220-6833a13c5a80,Ocean Pkwy @ Church Ave,truck,55,56,3080,0.982,1,0.0,0.0,False
2026-08-15T19:19,1786821504.5,3c079db6-117c-4e79-94ed-5178c1517091,Prospect Expwy @ Prospect Park W @ 19 St,car,40,33,1320,1.212,1,0.0,0.0,False
2026-08-15T19:19,1786821504.5,3c079db6-117c-4e79-94ed-5178c1517091,Prospect Expwy @ Prospect Park W @ 19 St,truck,80,52,4160,1.538,1,0.0,0.0,False
2026-08-15T19:19,1786821504.5,3c079db6-117c-4e79-94ed-5178c1517091,Prospect Expwy @ Prospect Park W @ 19 St,truck,61,66,4026,0.924,1,0.0,0.0,False
2026-08-15T19:19,1786821504.5,3c079db6-117c-4e79-94ed-5178c1517091,Prospect Expwy @ Prospect Park W @ 19 St,car,44,41,1804,1.073,1,0.0,0.0,False
2026-08-15T19:19,1786821504.5,3c079db6-117c-4e79-94ed-5178c1517091,Prospect Expwy @ Prospect Park W @ 19 St,car,56,50,2800,1.12,1,0.0,0.0,False
2026-08-15T19:19,1786821504.5,3c079db6-117c-4e79-94ed-5178c1517091,Prospect Expwy @ Prospect Park W @ 19 St,car,45,51,2295,0.882,1,0.0,0.0,False
2026-08-15T19:19,1786821504.5,3c079db6-117c-4e79-94ed-5178c1517091,Prospect Expwy @ Prospect Park W @ 19 St,truck,46,65,2990,0.708,1,0.0,0.0,False
2026-08-15T19:19,1786821504.5,3c079db6-117c-4e79-94ed-5178c1517091,Prospect Expwy @ Prospect Park W @ 19 St,truck,56,50,2800,1.12,1,0.0,0.0,False
2026-08-15T19:19,1786821504.5,3c079db6-117c-4e79-94ed-5178c1517091,Prospect Expwy @ Prospect Park W @ 19 St,truck,44,51,2244,0.863,1,0.0,0.0,False
2026-08-15T19:19,1786821504.5,3c079db6-117c-4e79-94ed-5178c1517091,Prospect Expwy @ Prospect Park W @ 19 St,truck,60,48,2880,1.25,2,341.9,24.19,True
2026-08-15T19:19,1786821504.5,3c079db6-117c-4e79-94ed-5178c1517091,Prospect Expwy @ Prospect Park W @ 19 St,car,46,69,3174,0.667,2,196.4,8.86,False
2026-08-15T19:19,1786821506.5,3c079db6-117c-4e79-94ed-5178c1517091,Prospect Expwy @ Prospect Park W @ 19 St,truck,75,73,5475,1.027,1,0.0,0.0,False
2026-08-15T19:19,1786821506.5,3c079db6-117c-4e79-94ed-5178c1517091,Prospect Expwy @ Prospect Park W @ 19 St,car,40,31,1240,1.29,1,0.0,0.0,False
2026-08-15T19:19,1786821506.5,3c079db6-117c-4e79-94ed-5178c1517091,Prospect Expwy @ Prospect Park W @ 19 St,car,76,54,4104,1.407,1,0.0,0.0,False
2026-08-15T19:19,1786821506.5,3c079db6-117c-4e79-94ed-5178c1517091,Prospect Expwy @ Prospect Park W @ 19 St,truck,78,55,4290,1.418,1,0.0,0.0,False
2026-08-15T19:19,1786821506.5,3c079db6-117c-4e79-94ed-5178c1517091,Prospect Expwy @ Prospect Park W @ 19 St,truck,32,32,1024,1.0,1,0.0,0.0,False
2026-08-15T19:19,1786821508.5,3c079db6-117c-4e79-94ed-5178c1517091,Prospect Expwy @ Prospect Park W @ 19 St,truck,50,45,2250,1.111,1,0.0,0.0,False
2026-08-15T19:19,1786821508.5,3c079db6-117c-4e79-94ed-5178c1517091,Prospect Expwy @ Prospect Park W @ 19 St,truck,52,49,2548,1.061,1,0.0,0.0,False
2026-08-15T19:19,1786821508.5,3c079db6-117c-4e79-94ed-5178c1517091,Prospect Expwy @ Prospect Park W @ 19 St,car,26,25,650,1.04,1,0.0,0.0,False
2026-08-15T19:19,1786821506.5,3c079db6-117c-4e79-94ed-5178c1517091,Prospect Expwy @ Prospect Park W @ 19 St,car,37,29,1073,1.276,2,55.3,15.81,True
2026-08-15T19:19,1786821506.5,3c079db6-117c-4e79-94ed-5178c1517091,Prospect Expwy @ Prospect Park W @ 19 St,car,33,32,1056,1.031,2,254.1,7.28,False
2026-08-15T19:19,1786821506.5,3c079db6-117c-4e79-94ed-5178c1517091,Prospect Expwy @ Prospect Park W @ 19 St,car,36,35,1260,1.029,2,274.6,12.54,False
2026-08-15T19:19,1786821506.5,3c079db6-117c-4e79-94ed-5178c1517091,Prospect Expwy @ Prospect Park W @ 19 St,car,30,18,540,1.667,2,266.2,7.52,False
2026-08-15T19:19,1786821510.5,3c079db6-117c-4e79-94ed-5178c1517091,Prospect Expwy @ Prospect Park W @ 19 St,truck,66,64,4224,1.031,1,0.0,0.0,False
2026-08-15T19:19,1786821510.5,3c079db6-117c-4e79-94ed-5178c1517091,Prospect Expwy @ Prospect Park W @ 19 St,car,30,23,690,1.304,1,0.0,0.0,False
2026-08-15T19:19,1786821510.5,3c079db6-117c-4e79-94ed-5178c1517091,Prospect Expwy @ Prospect Park W @ 19 St,truck,69,42,2898,1.643,1,0.0,0.0,False
2026-08-15T19:19,1786821504.5,3c079db6-117c-4e79-94ed-5178c1517091,Prospect Expwy @ Prospect Park W @ 19 St,truck,42,39,1638,1.077,5,234.5,3.23,False
2026-08-15T19:19,1786821504.5,3c079db6-117c-4e79-94ed-5178c1517091,Prospect Expwy @ Prospect Park W @ 19 St,car,59,49,2891,1.204,5,322.7,11.15,True
2026-08-15T19:19,1786821508.5,3c079db6-117c-4e79-94ed-5178c1517091,Prospect Expwy @ Prospect Park W @ 19 St,car,51,47,2397,1.085,2,143.1,20.0,False
2026-08-15T19:19,1786821508.5,3c079db6-117c-4e79-94ed-5178c1517091,Prospect Expwy @ Prospect Park W @ 19 St,truck,63,58,3654,1.086,2,294.0,9.85,False
2026-08-15T19:19,1786821510.5,3c079db6-117c-4e79-94ed-5178c1517091,Prospect Expwy @ Prospect Park W @ 19 St,car,46,37,1702,1.243,2,168.4,22.46,True
2026-08-15T19:19,1786821512.5,3c079db6-117c-4e79-94ed-5178c1517091,Prospect Expwy @ Prospect Park W @ 19 St,truck,65,54,3510,1.204,1,0.0,0.0,False
2026-08-15T19:19,1786821512.5,3c079db6-117c-4e79-94ed-5178c1517091,Prospect Expwy @ Prospect Park W @ 19 St,car,49,38,1862,1.289,2,108.4,15.81,False
2026-08-15T19:19,1786821512.5,3c079db6-117c-4e79-94ed-5178c1517091,Prospect Expwy @ Prospect Park W @ 19 St,car,46,37,1702,1.243,1,0.0,0.0,False
2026-08-15T19:19,1786821512.5,3c079db6-117c-4e79-94ed-5178c1517091,Prospect Expwy @ Prospect Park W @ 19 St,truck,57,48,2736,1.188,1,0.0,0.0,False
2026-08-15T19:19,1786821512.5,3c079db6-117c-4e79-94ed-5178c1517091,Prospect Expwy @ Prospect Park W @ 19 St,car,24,21,504,1.143,1,0.0,0.0,False
2026-08-15T19:19,1786821512.5,3c079db6-117c-4e79-94ed-5178c1517091,Prospect Expwy @ Prospect Park W @ 19 St,truck,76,33,2508,2.303,1,0.0,0.0,False
2026-08-15T19:19,1786821512.5,3c079db6-117c-4e79-94ed-5178c1517091,Prospect Expwy @ Prospect Park W @ 19 St,car,26,20,520,1.3,1,0.0,0.0,False
2026-08-15T19:19,1786821514.5,3c079db6-117c-4e79-94ed-5178c1517091,Prospect Expwy @ Prospect Park W @ 19 St,truck,78,58,4524,1.345,1,0.0,0.0,False
2026-08-15T19:19,1786821514.5,3c079db6-117c-4e79-94ed-5178c1517091,Prospect Expwy @ Prospect Park W @ 19 St,car,29,24,696,1.208,1,0.0,0.0,False
2026-08-15T19:19,1786821514.5,3c079db6-117c-4e79-94ed-5178c1517091,Prospect Expwy @ Prospect Park W @ 19 St,truck,52,50,2600,1.04,1,0.0,0.0,False
2026-08-15T19:19,1786821514.5,3c079db6-117c-4e79-94ed-5178c1517091,Prospect Expwy @ Prospect Park W @ 19 St,car,53,51,2703,1.039,1,0.0,0.0,False
2026-08-15T19:19,1786821514.5,3c079db6-117c-4e79-94ed-5178c1517091,Prospect Expwy @ Prospect Park W @ 19 St,truck,37,34,1258,1.088,1,0.0,0.0,False
2026-08-15T19:19,1786821514.5,3c079db6-117c-4e79-94ed-5178c1517091,Prospect Expwy @ Prospect Park W @ 19 St,truck,65,55,3575,1.182,1,0.0,0.0,False
2026-08-15T19:19,1786821514.5,3c079db6-117c-4e79-94ed-5178c1517091,Prospect Expwy @ Prospect Park W @ 19 St,car,64,56,3584,1.143,1,0.0,0.0,False
2026-08-15T19:19,1786821516.5,3c079db6-117c-4e79-94ed-5178c1517091,Prospect Expwy @ Prospect Park W @ 19 St,truck,61,55,3355,1.109,1,0.0,0.0,False
2026-08-15T19:19,1786821516.5,3c079db6-117c-4e79-94ed-5178c1517091,Prospect Expwy @ Prospect Park W @ 19 St,truck,81,43,3483,1.884,1,0.0,0.0,False
2026-08-15T19:19,1786821516.5,3c079db6-117c-4e79-94ed-5178c1517091,Prospect Expwy @ Prospect Park W @ 19 St,truck,52,55,2860,0.945,1,0.0,0.0,False
2026-08-15T19:19,1786821516.5,3c079db6-117c-4e79-94ed-5178c1517091,Prospect Expwy @ Prospect Park W @ 19 St,truck,41,38,1558,1.079,1,0.0,0.0,False
2026-08-15T19:19,1786821516.5,3c079db6-117c-4e79-94ed-5178c1517091,Prospect Expwy @ Prospect Park W @ 19 St,car,35,26,910,1.346,1,0.0,0.0,False
2026-08-15T19:19,1786821516.5,3c079db6-117c-4e79-94ed-5178c1517091,Prospect Expwy @ Prospect Park W @ 19 St,truck,36,26,936,1.385,1,0.0,0.0,False
2026-08-15T19:19,1786821504.5,5a9ebe48-fb36-4de7-8666-f50de83c7941,Flatbush Ave @ Nostrand Ave,car,40,29,1160,1.379,1,0.0,0.0,False
2026-08-15T19:19,1786821504.5,5a9ebe48-fb36-4de7-8666-f50de83c7941,Flatbush Ave @ Nostrand Ave,car,17,11,187,1.545,1,0.0,0.0,False
2026-08-15T19:19,1786821504.5,5a9ebe48-fb36-4de7-8666-f50de83c7941,Flatbush Ave @ Nostrand Ave,car,30,21,630,1.429,1,0.0,0.0,False
2026-08-15T19:19,1786821504.5,5a9ebe48-fb36-4de7-8666-f50de83c7941,Flatbush Ave @ Nostrand Ave,car,37,22,814,1.682,1,0.0,0.0,False
2026-08-15T19:19,1786821506.5,5a9ebe48-fb36-4de7-8666-f50de83c7941,Flatbush Ave @ Nostrand Ave,car,40,32,1280,1.25,1,0.0,0.0,False
2026-08-15T19:19,1786821506.5,5a9ebe48-fb36-4de7-8666-f50de83c7941,Flatbush Ave @ Nostrand Ave,car,34,30,1020,1.133,1,0.0,0.0,False
2026-08-15T19:19,1786821506.5,5a9ebe48-fb36-4de7-8666-f50de83c7941,Flatbush Ave @ Nostrand Ave,car,54,33,1782,1.636,1,0.0,0.0,False
2026-08-15T19:19,1786821508.5,5a9ebe48-fb36-4de7-8666-f50de83c7941,Flatbush Ave @ Nostrand Ave,car,23,24,552,0.958,1,0.0,0.0,False
2026-08-15T19:19,1786821512.5,5a9ebe48-fb36-4de7-8666-f50de83c7941,Flatbush Ave @ Nostrand Ave,car,16,16,256,1.0,1,0.0,0.0,False
2026-08-15T19:19,1786821512.5,5a9ebe48-fb36-4de7-8666-f50de83c7941,Flatbush Ave @ Nostrand Ave,car,42,33,1386,1.273,2,303.7,1.8,False
2026-08-15T19:19,1786821512.5,5a9ebe48-fb36-4de7-8666-f50de83c7941,Flatbush Ave @ Nostrand Ave,car,23,15,345,1.533,4,135.0,0.24,False
2026-08-15T19:19,1786821504.5,5a9ebe48-fb36-4de7-8666-f50de83c7941,Flatbush Ave @ Nostrand Ave,car,58,48,2784,1.208,9,270.0,0.19,False
2026-08-15T19:19,1786821504.5,5a9ebe48-fb36-4de7-8666-f50de83c7941,Flatbush Ave @ Nostrand Ave,car,68,45,3060,1.511,8,59.0,0.42,False
2026-08-15T19:19,1786821504.5,5a9ebe48-fb36-4de7-8666-f50de83c7941,Flatbush Ave @ Nostrand Ave,car,41,36,1476,1.139,11,198.4,0.16,False
2026-08-15T19:19,1786821506.5,5a9ebe48-fb36-4de7-8666-f50de83c7941,Flatbush Ave @ Nostrand Ave,car,38,32,1216,1.188,10,45.0,0.16,False
2026-08-15T19:19,1786821510.5,5a9ebe48-fb36-4de7-8666-f50de83c7941,Flatbush Ave @ Nostrand Ave,car,18,16,288,1.125,7,180.0,0.08,False
2026-08-15T19:19,1786821512.5,5a9ebe48-fb36-4de7-8666-f50de83c7941,Flatbush Ave @ Nostrand Ave,car,40,36,1440,1.111,6,26.6,0.22,False
2026-08-15T19:19,1786821516.5,5a9ebe48-fb36-4de7-8666-f50de83c7941,Flatbush Ave @ Nostrand Ave,car,68,47,3196,1.447,4,206.6,0.75,False
2026-08-15T19:19,1786821522.5,5a9ebe48-fb36-4de7-8666-f50de83c7941,Flatbush Ave @ Nostrand Ave,truck,57,47,2679,1.213,2,180.0,1.0,False
2026-08-15T19:19,1786821522.5,5a9ebe48-fb36-4de7-8666-f50de83c7941,Flatbush Ave @ Nostrand Ave,car,27,22,594,1.227,1,0.0,0.0,False
2026-08-15T19:19,1786821522.5,5a9ebe48-fb36-4de7-8666-f50de83c7941,Flatbush Ave @ Nostrand Ave,car,37,30,1110,1.233,1,0.0,0.0,False
2026-08-15T19:19,1786821524.5,5a9ebe48-fb36-4de7-8666-f50de83c7941,Flatbush Ave @ Nostrand Ave,car,40,37,1480,1.081,1,0.0,0.0,False
2026-08-15T19:19,1786821524.5,5a9ebe48-fb36-4de7-8666-f50de83c7941,Flatbush Ave @ Nostrand Ave,car,24,16,384,1.5,1,0.0,0.0,False
2026-08-15T19:19,1786821524.5,5a9ebe48-fb36-4de7-8666-f50de83c7941,Flatbush Ave @ Nostrand Ave,car,22,20,440,1.1,1,0.0,0.0,False
2026-08-15T19:19,1786821504.5,88895623-f6fa-4509-a927-8eae076725da,Ft. Hamilton Pkwy @ McDonald Ave,car,59,57,3363,1.035,1,0.0,0.0,False
2026-08-15T19:19,1786821504.5,88895623-f6fa-4509-a927-8eae076725da,Ft. Hamilton Pkwy @ McDonald Ave,car,32,29,928,1.103,1,0.0,0.0,False
2026-08-15T19:19,1786821504.5,88895623-f6fa-4509-a927-8eae076725da,Ft. Hamilton Pkwy @ McDonald Ave,car,137,72,9864,1.903,1,0.0,0.0,False
2026-08-15T19:19,1786821504.5,88895623-f6fa-4509-a927-8eae076725da,Ft. Hamilton Pkwy @ McDonald Ave,car,59,26,1534,2.269,1,0.0,0.0,False
2026-08-15T19:19,1786821504.5,88895623-f6fa-4509-a927-8eae076725da,Ft. Hamilton Pkwy @ McDonald Ave,truck,76,57,4332,1.333,2,225.0,0.71,False
2026-08-15T19:19,1786821506.5,88895623-f6fa-4509-a927-8eae076725da,Ft. Hamilton Pkwy @ McDonald Ave,car,22,17,374,1.294,1,0.0,0.0,False
2026-08-15T19:19,1786821506.5,88895623-f6fa-4509-a927-8eae076725da,Ft. Hamilton Pkwy @ McDonald Ave,car,47,37,1739,1.27,1,0.0,0.0,False
2026-08-15T19:19,1786821504.5,88895623-f6fa-4509-a927-8eae076725da,Ft. Hamilton Pkwy @ McDonald Ave,car,157,119,18683,1.319,3,351.8,26.27,False
2026-08-15T19:19,1786821512.5,88895623-f6fa-4509-a927-8eae076725da,Ft. Hamilton Pkwy @ McDonald Ave,car,52,51,2652,1.02,1,0.0,0.0,False
2026-08-15T19:19,1786821514.5,88895623-f6fa-4509-a927-8eae076725da,Ft. Hamilton Pkwy @ McDonald Ave,car,55,41,2255,1.341,1,0.0,0.0,False
2026-08-15T19:19,1786821514.5,88895623-f6fa-4509-a927-8eae076725da,Ft. Hamilton Pkwy @ McDonald Ave,truck,59,40,2360,1.475,1,0.0,0.0,False
2026-08-15T19:19,1786821504.5,88895623-f6fa-4509-a927-8eae076725da,Ft. Hamilton Pkwy @ McDonald Ave,car,37,27,999,1.37,6,333.4,0.22,False
2026-08-15T19:19,1786821518.5,88895623-f6fa-4509-a927-8eae076725da,Ft. Hamilton Pkwy @ McDonald Ave,truck,106,90,9540,1.178,1,0.0,0.0,False
2026-08-15T19:19,1786821504.5,88895623-f6fa-4509-a927-8eae076725da,Ft. Hamilton Pkwy @ McDonald Ave,car,70,60,4200,1.167,11,215.5,0.43,False
2026-08-15T19:19,1786821518.5,88895623-f6fa-4509-a927-8eae076725da,Ft. Hamilton Pkwy @ McDonald Ave,car,127,99,12573,1.283,3,150.3,30.23,True
2026-08-15T19:19,1786821520.5,88895623-f6fa-4509-a927-8eae076725da,Ft. Hamilton Pkwy @ McDonald Ave,truck,84,72,6048,1.167,2,141.5,37.72,True
2026-08-15T19:19,1786821522.5,88895623-f6fa-4509-a927-8eae076725da,Ft. Hamilton Pkwy @ McDonald Ave,car,142,145,20590,0.979,2,206.6,1.12,False
2026-08-15T19:19,1786821522.5,88895623-f6fa-4509-a927-8eae076725da,Ft. Hamilton Pkwy @ McDonald Ave,car,66,51,3366,1.294,1,0.0,0.0,False
2026-08-15T19:19,1786821522.5,88895623-f6fa-4509-a927-8eae076725da,Ft. Hamilton Pkwy @ McDonald Ave,truck,65,52,3380,1.25,1,0.0,0.0,False
2026-08-15T19:19,1786821522.5,88895623-f6fa-4509-a927-8eae076725da,Ft. Hamilton Pkwy @ McDonald Ave,car,62,47,2914,1.319,2,158.6,12.35,False
2026-08-15T19:19,1786821524.5,88895623-f6fa-4509-a927-8eae076725da,Ft. Hamilton Pkwy @ McDonald Ave,car,126,100,12600,1.26,1,0.0,0.0,False
2026-08-15T19:19,1786821524.5,88895623-f6fa-4509-a927-8eae076725da,Ft. Hamilton Pkwy @ McDonald Ave,truck,50,57,2850,0.877,1,0.0,0.0,False
2026-08-15T19:19,1786821524.5,88895623-f6fa-4509-a927-8eae076725da,Ft. Hamilton Pkwy @ McDonald Ave,truck,85,66,5610,1.288,1,0.0,0.0,False
2026-08-15T19:19,1786821524.5,88895623-f6fa-4509-a927-8eae076725da,Ft. Hamilton Pkwy @ McDonald Ave,bus,50,57,2850,0.877,1,0.0,0.0,False
2026-08-15T19:19,1786821524.5,88895623-f6fa-4509-a927-8eae076725da,Ft. Hamilton Pkwy @ McDonald Ave,car,42,46,1932,0.913,1,0.0,0.0,False
2026-08-15T19:19,1786821524.5,88895623-f6fa-4509-a927-8eae076725da,Ft. Hamilton Pkwy @ McDonald Ave,car,60,49,2940,1.224,1,0.0,0.0,False
2026-08-15T19:19,1786821524.5,88895623-f6fa-4509-a927-8eae076725da,Ft. Hamilton Pkwy @ McDonald Ave,car,49,40,1960,1.225,1,0.0,0.0,False
2026-08-15T19:19,1786821524.5,88895623-f6fa-4509-a927-8eae076725da,Ft. Hamilton Pkwy @ McDonald Ave,car,84,71,5964,1.183,1,0.0,0.0,False
2026-08-15T19:19,1786821504.5,0bbea8bd-10f1-4126-b3c5-9e9432eab749,Atlantic Ave @ Pennsylvania Ave,car,26,25,650,1.04,1,0.0,0.0,False
2026-08-15T19:19,1786821504.5,0bbea8bd-10f1-4126-b3c5-9e9432eab749,Atlantic Ave @ Pennsylvania Ave,car,31,22,682,1.409,1,0.0,0.0,False
2026-08-15T19:19,1786821504.5,0bbea8bd-10f1-4126-b3c5-9e9432eab749,Atlantic Ave @ Pennsylvania Ave,car,22,20,440,1.1,1,0.0,0.0,False
2026-08-15T19:19,1786821504.5,0bbea8bd-10f1-4126-b3c5-9e9432eab749,Atlantic Ave @ Pennsylvania Ave,car,111,61,6771,1.82,2,243.4,1.12,False
2026-08-15T19:19,1786821504.5,0bbea8bd-10f1-4126-b3c5-9e9432eab749,Atlantic Ave @ Pennsylvania Ave,car,179,131,23449,1.366,2,265.2,6.02,False
2026-08-15T19:19,1786821504.5,0bbea8bd-10f1-4126-b3c5-9e9432eab749,Atlantic Ave @ Pennsylvania Ave,truck,119,96,11424,1.24,3,129.8,3.91,False
2026-08-15T19:19,1786821510.5,0bbea8bd-10f1-4126-b3c5-9e9432eab749,Atlantic Ave @ Pennsylvania Ave,car,30,32,960,0.938,1,0.0,0.0,False
2026-08-15T19:19,1786821510.5,0bbea8bd-10f1-4126-b3c5-9e9432eab749,Atlantic Ave @ Pennsylvania Ave,truck,70,76,5320,0.921,1,0.0,0.0,False
2026-08-15T19:19,1786821510.5,0bbea8bd-10f1-4126-b3c5-9e9432eab749,Atlantic Ave @ Pennsylvania Ave,car,66,49,3234,1.347,1,0.0,0.0,False
2026-08-15T19:19,1786821504.5,0bbea8bd-10f1-4126-b3c5-9e9432eab749,Atlantic Ave @ Pennsylvania Ave,car,124,83,10292,1.494,5,155.2,7.44,False
2026-08-15T19:19,1786821508.5,0bbea8bd-10f1-4126-b3c5-9e9432eab749,Atlantic Ave @ Pennsylvania Ave,car,203,147,29841,1.381,2,290.8,62.03,False
2026-08-15T19:19,1786821512.5,0bbea8bd-10f1-4126-b3c5-9e9432eab749,Atlantic Ave @ Pennsylvania Ave,car,54,34,1836,1.588,1,0.0,0.0,False
2026-08-15T19:19,1786821512.5,0bbea8bd-10f1-4126-b3c5-9e9432eab749,Atlantic Ave @ Pennsylvania Ave,car,24,16,384,1.5,1,0.0,0.0,False
2026-08-15T19:19,1786821512.5,0bbea8bd-10f1-4126-b3c5-9e9432eab749,Atlantic Ave @ Pennsylvania Ave,car,26,22,572,1.182,1,0.0,0.0,False
2026-08-15T19:19,1786821514.5,0bbea8bd-10f1-4126-b3c5-9e9432eab749,Atlantic Ave @ Pennsylvania Ave,car,85,55,4675,1.545,1,0.0,0.0,False
2026-08-15T19:19,1786821514.5,0bbea8bd-10f1-4126-b3c5-9e9432eab749,Atlantic Ave @ Pennsylvania Ave,car,30,21,630,1.429,1,0.0,0.0,False
2026-08-15T19:19,1786821504.5,0bbea8bd-10f1-4126-b3c5-9e9432eab749,Atlantic Ave @ Pennsylvania Ave,car,156,109,17004,1.431,6,198.4,0.32,False
2026-08-15T19:19,1786821510.5,0bbea8bd-10f1-4126-b3c5-9e9432eab749,Atlantic Ave @ Pennsylvania Ave,car,28,21,588,1.333,3,270.0,0.25,False
2026-08-15T19:19,1786821510.5,0bbea8bd-10f1-4126-b3c5-9e9432eab749,Atlantic Ave @ Pennsylvania Ave,car,51,42,2142,1.214,4,158.7,3.22,False
2026-08-15T19:19,1786821512.5,0bbea8bd-10f1-4126-b3c5-9e9432eab749,Atlantic Ave @ Pennsylvania Ave,car,107,130,13910,0.823,3,144.6,30.66,True
2026-08-15T19:19,1786821514.5,0bbea8bd-10f1-4126-b3c5-9e9432eab749,Atlantic Ave @ Pennsylvania Ave,car,29,22,638,1.318,2,161.6,1.58,False
2026-08-15T19:19,1786821516.5,0bbea8bd-10f1-4126-b3c5-9e9432eab749,Atlantic Ave @ Pennsylvania Ave,car,47,36,1692,1.306,1,0.0,0.0,False
2026-08-15T19:19,1786821508.5,0bbea8bd-10f1-4126-b3c5-9e9432eab749,Atlantic Ave @ Pennsylvania Ave,car,200,149,29800,1.342,4,198.9,11.81,False
2026-08-15T19:19,1786821512.5,0bbea8bd-10f1-4126-b3c5-9e9432eab749,Atlantic Ave @ Pennsylvania Ave,car,38,25,950,1.52,3,189.5,4.56,False
2026-08-15T19:19,1786821514.5,0bbea8bd-10f1-4126-b3c5-9e9432eab749,Atlantic Ave @ Pennsylvania Ave,car,57,50,2850,1.14,3,148.5,12.91,True
2026-08-15T19:19,1786821518.5,0bbea8bd-10f1-4126-b3c5-9e9432eab749,Atlantic Ave @ Pennsylvania Ave,car,78,78,6084,1.0,1,0.0,0.0,False
2026-08-15T19:19,1786821518.5,0bbea8bd-10f1-4126-b3c5-9e9432eab749,Atlantic Ave @ Pennsylvania Ave,car,97,117,11349,0.829,1,0.0,0.0,False
2026-08-15T19:19,1786821518.5,0bbea8bd-10f1-4126-b3c5-9e9432eab749,Atlantic Ave @ Pennsylvania Ave,car,21,12,252,1.75,1,0.0,0.0,False
2026-08-15T19:19,1786821504.5,0bbea8bd-10f1-4126-b3c5-9e9432eab749,Atlantic Ave @ Pennsylvania Ave,car,98,77,7546,1.273,7,151.9,11.33,True
2026-08-15T19:19,1786821504.5,0bbea8bd-10f1-4126-b3c5-9e9432eab749,Atlantic Ave @ Pennsylvania Ave,car,179,133,23807,1.346,10,42.1,3.15,False
2026-08-15T19:19,1786821506.5,0bbea8bd-10f1-4126-b3c5-9e9432eab749,Atlantic Ave @ Pennsylvania Ave,car,105,74,7770,1.419,10,342.8,3.2,False
2026-08-15T19:19,1786821510.5,0bbea8bd-10f1-4126-b3c5-9e9432eab749,Atlantic Ave @ Pennsylvania Ave,car,91,50,4550,1.82,8,146.3,0.77,False
2026-08-15T19:19,1786821512.5,0bbea8bd-10f1-4126-b3c5-9e9432eab749,Atlantic Ave @ Pennsylvania Ave,car,186,128,23808,1.453,6,162.6,16.76,True
2026-08-15T19:19,1786821512.5,0bbea8bd-10f1-4126-b3c5-9e9432eab749,Atlantic Ave @ Pennsylvania Ave,car,75,54,4050,1.389,5,148.2,8.53,True
2026-08-15T19:19,1786821514.5,0bbea8bd-10f1-4126-b3c5-9e9432eab749,Atlantic Ave @ Pennsylvania Ave,car,147,90,13230,1.633,3,179.3,22.0,False
2026-08-15T19:19,1786821516.5,0bbea8bd-10f1-4126-b3c5-9e9432eab749,Atlantic Ave @ Pennsylvania Ave,car,69,76,5244,0.908,3,203.3,32.93,True
2026-08-15T19:19,1786821516.5,0bbea8bd-10f1-4126-b3c5-9e9432eab749,Atlantic Ave @ Pennsylvania Ave,car,133,144,19152,0.924,2,140.6,64.66,True
2026-08-15T19:19,1786821516.5,0bbea8bd-10f1-4126-b3c5-9e9432eab749,Atlantic Ave @ Pennsylvania Ave,car,42,39,1638,1.077,3,315.0,11.31,True
2026-08-15T19:19,1786821518.5,0bbea8bd-10f1-4126-b3c5-9e9432eab749,Atlantic Ave @ Pennsylvania Ave,car,35,26,910,1.346,2,104.0,12.37,False
2026-08-15T19:19,1786821520.5,0bbea8bd-10f1-4126-b3c5-9e9432eab749,Atlantic Ave @ Pennsylvania Ave,car,16,36,576,0.444,1,0.0,0.0,False
2026-08-15T19:19,1786821520.5,0bbea8bd-10f1-4126-b3c5-9e9432eab749,Atlantic Ave @ Pennsylvania Ave,car,196,67,13132,2.925,1,0.0,0.0,False
2026-08-15T19:19,1786821520.5,0bbea8bd-10f1-4126-b3c5-9e9432eab749,Atlantic Ave @ Pennsylvania Ave,car,18,33,594,0.545,1,0.0,0.0,False
2026-08-15T19:19,1786821520.5,0bbea8bd-10f1-4126-b3c5-9e9432eab749,Atlantic Ave @ Pennsylvania Ave,car,52,41,2132,1.268,1,0.0,0.0,False
2026-08-15T19:19,1786821522.5,0bbea8bd-10f1-4126-b3c5-9e9432eab749,Atlantic Ave @ Pennsylvania Ave,car,39,39,1521,1.0,2,3.9,14.53,False
2026-08-15T19:19,1786821522.5,0bbea8bd-10f1-4126-b3c5-9e9432eab749,Atlantic Ave @ Pennsylvania Ave,car,124,99,12276,1.253,2,324.0,6.8,False
2026-08-15T19:19,1786821522.5,0bbea8bd-10f1-4126-b3c5-9e9432eab749,Atlantic Ave @ Pennsylvania Ave,car,45,36,1620,1.25,1,0.0,0.0,False
2026-08-15T19:19,1786821522.5,0bbea8bd-10f1-4126-b3c5-9e9432eab749,Atlantic Ave @ Pennsylvania Ave,car,26,16,416,1.625,1,0.0,0.0,False
2026-08-15T19:19,1786821522.5,0bbea8bd-10f1-4126-b3c5-9e9432eab749,Atlantic Ave @ Pennsylvania Ave,car,54,51,2754,1.059,1,0.0,0.0,False
2026-08-15T19:19,1786821522.5,0bbea8bd-10f1-4126-b3c5-9e9432eab749,Atlantic Ave @ Pennsylvania Ave,car,31,34,1054,0.912,1,0.0,0.0,False
2026-08-15T19:19,1786821522.5,0bbea8bd-10f1-4126-b3c5-9e9432eab749,Atlantic Ave @ Pennsylvania Ave,truck,77,55,4235,1.4,1,0.0,0.0,False
2026-08-15T19:19,1786821524.5,0bbea8bd-10f1-4126-b3c5-9e9432eab749,Atlantic Ave @ Pennsylvania Ave,car,66,44,2904,1.5,1,0.0,0.0,False
2026-08-15T19:19,1786821524.5,0bbea8bd-10f1-4126-b3c5-9e9432eab749,Atlantic Ave @ Pennsylvania Ave,car,58,37,2146,1.568,1,0.0,0.0,False
2026-08-15T19:19,1786821524.5,0bbea8bd-10f1-4126-b3c5-9e9432eab749,Atlantic Ave @ Pennsylvania Ave,car,49,33,1617,1.485,1,0.0,0.0,False
2026-08-15T19:19,1786821524.5,0bbea8bd-10f1-4126-b3c5-9e9432eab749,Atlantic Ave @ Pennsylvania Ave,truck,67,45,3015,1.489,1,0.0,0.0,False
2026-08-15T19:19,1786821506.5,d401c83b-2f78-49dd-8974-14c819a992b2,C2-PE-05-Ctr_at_7th_Ave-Ex4,car,62,47,2914,1.319,1,0.0,0.0,False
2026-08-15T19:19,1786821506.5,d401c83b-2f78-49dd-8974-14c819a992b2,C2-PE-05-Ctr_at_7th_Ave-Ex4,car,207,103,21321,2.01,1,0.0,0.0,False
2026-08-15T19:19,1786821508.5,d401c83b-2f78-49dd-8974-14c819a992b2,C2-PE-05-Ctr_at_7th_Ave-Ex4,car,124,42,5208,2.952,1,0.0,0.0,False
2026-08-15T19:19,1786821510.5,d401c83b-2f78-49dd-8974-14c819a992b2,C2-PE-05-Ctr_at_7th_Ave-Ex4,car,46,36,1656,1.278,1,0.0,0.0,False
2026-08-15T19:19,1786821512.5,d401c83b-2f78-49dd-8974-14c819a992b2,C2-PE-05-Ctr_at_7th_Ave-Ex4,car,213,172,36636,1.238,2,180.4,80.0,False
2026-08-15T19:19,1786821514.5,d401c83b-2f78-49dd-8974-14c819a992b2,C2-PE-05-Ctr_at_7th_Ave-Ex4,car,113,95,10735,1.189,1,0.0,0.0,False
2026-08-15T19:19,1786821514.5,d401c83b-2f78-49dd-8974-14c819a992b2,C2-PE-05-Ctr_at_7th_Ave-Ex4,truck,113,94,10622,1.202,1,0.0,0.0,False
2026-08-15T19:19,1786821514.5,d401c83b-2f78-49dd-8974-14c819a992b2,C2-PE-05-Ctr_at_7th_Ave-Ex4,car,109,74,8066,1.473,1,0.0,0.0,False
2026-08-15T19:19,1786821518.5,d401c83b-2f78-49dd-8974-14c819a992b2,C2-PE-05-Ctr_at_7th_Ave-Ex4,car,124,36,4464,3.444,1,0.0,0.0,False
2026-08-15T19:19,1786821520.5,d401c83b-2f78-49dd-8974-14c819a992b2,C2-PE-05-Ctr_at_7th_Ave-Ex4,car,159,77,12243,2.065,1,0.0,0.0,False
2026-08-15T19:19,1786821520.5,d401c83b-2f78-49dd-8974-14c819a992b2,C2-PE-05-Ctr_at_7th_Ave-Ex4,car,146,158,23068,0.924,1,0.0,0.0,False
2026-08-15T19:19,1786821504.5,40961631-fb83-4f48-8ffb-3385448d4e5f,7 Ave @ 18 St,car,19,13,247,1.462,1,0.0,0.0,False
2026-08-15T19:19,1786821504.5,40961631-fb83-4f48-8ffb-3385448d4e5f,7 Ave @ 18 St,truck,67,51,3417,1.314,1,0.0,0.0,False
2026-08-15T19:19,1786821504.5,40961631-fb83-4f48-8ffb-3385448d4e5f,7 Ave @ 18 St,car,43,37,1591,1.162,1,0.0,0.0,False
2026-08-15T19:19,1786821506.5,40961631-fb83-4f48-8ffb-3385448d4e5f,7 Ave @ 18 St,truck,67,38,2546,1.763,1,0.0,0.0,False
2026-08-15T19:19,1786821506.5,40961631-fb83-4f48-8ffb-3385448d4e5f,7 Ave @ 18 St,truck,74,38,2812,1.947,1,0.0,0.0,False
2026-08-15T19:19,1786821508.5,40961631-fb83-4f48-8ffb-3385448d4e5f,7 Ave @ 18 St,car,25,16,400,1.562,1,0.0,0.0,False
2026-08-15T19:19,1786821508.5,40961631-fb83-4f48-8ffb-3385448d4e5f,7 Ave @ 18 St,truck,44,40,1760,1.1,1,0.0,0.0,False
2026-08-15T19:19,1786821508.5,40961631-fb83-4f48-8ffb-3385448d4e5f,7 Ave @ 18 St,car,20,15,300,1.333,1,0.0,0.0,False
2026-08-15T19:19,1786821508.5,40961631-fb83-4f48-8ffb-3385448d4e5f,7 Ave @ 18 St,car,28,20,560,1.4,1,0.0,0.0,False
2026-08-15T19:19,1786821508.5,40961631-fb83-4f48-8ffb-3385448d4e5f,7 Ave @ 18 St,car,24,18,432,1.333,1,0.0,0.0,False
2026-08-15T19:19,1786821504.5,40961631-fb83-4f48-8ffb-3385448d4e5f,7 Ave @ 18 St,truck,97,51,4947,1.902,3,13.4,10.79,False
2026-08-15T19:19,1786821510.5,40961631-fb83-4f48-8ffb-3385448d4e5f,7 Ave @ 18 St,car,18,12,216,1.5,1,0.0,0.0,False
2026-08-15T19:19,1786821510.5,40961631-fb83-4f48-8ffb-3385448d4e5f,7 Ave @ 18 St,car,52,29,1508,1.793,1,0.0,0.0,False
2026-08-15T19:19,1786821510.5,40961631-fb83-4f48-8ffb-3385448d4e5f,7 Ave @ 18 St,car,33,31,1023,1.065,1,0.0,0.0,False
2026-08-15T19:19,1786821510.5,40961631-fb83-4f48-8ffb-3385448d4e5f,7 Ave @ 18 St,truck,32,32,1024,1.0,1,0.0,0.0,False
2026-08-15T19:19,1786821508.5,40961631-fb83-4f48-8ffb-3385448d4e5f,7 Ave @ 18 St,car,46,42,1932,1.095,2,77.7,11.77,False
2026-08-15T19:19,1786821512.5,40961631-fb83-4f48-8ffb-3385448d4e5f,7 Ave @ 18 St,car,26,16,416,1.625,1,0.0,0.0,False
2026-08-15T19:19,1786821512.5,40961631-fb83-4f48-8ffb-3385448d4e5f,7 Ave @ 18 St,car,41,30,1230,1.367,1,0.0,0.0,False
2026-08-15T19:19,1786821512.5,40961631-fb83-4f48-8ffb-3385448d4e5f,7 Ave @ 18 St,truck,66,36,2376,1.833,1,0.0,0.0,False
2026-08-15T19:19,1786821512.5,40961631-fb83-4f48-8ffb-3385448d4e5f,7 Ave @ 18 St,car,21,15,315,1.4,1,0.0,0.0,False
2026-08-15T19:19,1786821516.5,40961631-fb83-4f48-8ffb-3385448d4e5f,7 Ave @ 18 St,car,26,17,442,1.529,1,0.0,0.0,False
2026-08-15T19:19,1786821516.5,40961631-fb83-4f48-8ffb-3385448d4e5f,7 Ave @ 18 St,truck,49,31,1519,1.581,1,0.0,0.0,False
2026-08-15T19:19,1786821518.5,40961631-fb83-4f48-8ffb-3385448d4e5f,7 Ave @ 18 St,car,45,23,1035,1.957,1,0.0,0.0,False
2026-08-15T19:19,1786821518.5,40961631-fb83-4f48-8ffb-3385448d4e5f,7 Ave @ 18 St,truck,75,55,4125,1.364,1,0.0,0.0,False
2026-08-15T19:19,1786821518.5,40961631-fb83-4f48-8ffb-3385448d4e5f,7 Ave @ 18 St,truck,62,47,2914,1.319,1,0.0,0.0,False
2026-08-15T19:19,1786821518.5,40961631-fb83-4f48-8ffb-3385448d4e5f,7 Ave @ 18 St,car,34,26,884,1.308,1,0.0,0.0,False
2026-08-15T19:19,1786821518.5,40961631-fb83-4f48-8ffb-3385448d4e5f,7 Ave @ 18 St,car,62,47,2914,1.319,1,0.0,0.0,False
2026-08-15T19:19,1786821518.5,40961631-fb83-4f48-8ffb-3385448d4e5f,7 Ave @ 18 St,car,17,12,204,1.417,1,0.0,0.0,False
2026-08-15T19:19,1786821506.5,f801cf2f-cd02-4077-aa53-99ee8a00e1ab,3 Ave @ Atlantic Ave,truck,109,78,8502,1.397,1,0.0,0.0,False
2026-08-15T19:19,1786821506.5,f801cf2f-cd02-4077-aa53-99ee8a00e1ab,3 Ave @ Atlantic Ave,bus,98,80,7840,1.225,2,206.6,3.35,False
2026-08-15T19:19,1786821508.5,f801cf2f-cd02-4077-aa53-99ee8a00e1ab,3 Ave @ Atlantic Ave,car,43,31,1333,1.387,1,0.0,0.0,False
2026-08-15T19:19,1786821510.5,f801cf2f-cd02-4077-aa53-99ee8a00e1ab,3 Ave @ Atlantic Ave,truck,78,43,3354,1.814,1,0.0,0.0,False
2026-08-15T19:19,1786821512.5,f801cf2f-cd02-4077-aa53-99ee8a00e1ab,3 Ave @ Atlantic Ave,car,26,20,520,1.3,1,0.0,0.0,False
2026-08-15T19:19,1786821504.5,f801cf2f-cd02-4077-aa53-99ee8a00e1ab,3 Ave @ Atlantic Ave,truck,73,73,5329,1.0,6,56.3,0.36,False
2026-08-15T19:19,1786821504.5,f801cf2f-cd02-4077-aa53-99ee8a00e1ab,3 Ave @ Atlantic Ave,bus,98,76,7448,1.289,5,161.6,0.4,False
2026-08-15T19:19,1786821512.5,f801cf2f-cd02-4077-aa53-99ee8a00e1ab,3 Ave @ Atlantic Ave,truck,84,87,7308,0.966,5,351.9,4.42,False
2026-08-15T19:19,1786821514.5,f801cf2f-cd02-4077-aa53-99ee8a00e1ab,3 Ave @ Atlantic Ave,car,54,33,1782,1.636,3,11.3,7.65,False
2026-08-15T19:19,1786821514.5,f801cf2f-cd02-4077-aa53-99ee8a00e1ab,3 Ave @ Atlantic Ave,truck,101,73,7373,1.384,3,306.6,9.65,False
2026-08-15T19:19,1786821518.5,f801cf2f-cd02-4077-aa53-99ee8a00e1ab,3 Ave @ Atlantic Ave,truck,34,47,1598,0.723,2,94.4,19.56,True
2026-08-15T19:19,1786821518.5,f801cf2f-cd02-4077-aa53-99ee8a00e1ab,3 Ave @ Atlantic Ave,car,34,48,1632,0.708,1,0.0,0.0,False
2026-08-15T19:19,1786821520.5,f801cf2f-cd02-4077-aa53-99ee8a00e1ab,3 Ave @ Atlantic Ave,car,121,117,14157,1.034,2,80.0,43.16,False
2026-08-15T19:19,1786821520.5,f801cf2f-cd02-4077-aa53-99ee8a00e1ab,3 Ave @ Atlantic Ave,truck,255,188,47940,1.356,2,36.5,59.7,False
2026-08-15T19:19,1786821520.5,f801cf2f-cd02-4077-aa53-99ee8a00e1ab,3 Ave @ Atlantic Ave,car,39,36,1404,1.083,1,0.0,0.0,False
2026-08-15T19:19,1786821522.5,f801cf2f-cd02-4077-aa53-99ee8a00e1ab,3 Ave @ Atlantic Ave,car,88,47,4136,1.872,1,0.0,0.0,False
2026-08-15T19:19,1786821522.5,f801cf2f-cd02-4077-aa53-99ee8a00e1ab,3 Ave @ Atlantic Ave,car,48,30,1440,1.6,1,0.0,0.0,False
2026-08-15T19:19,1786821522.5,f801cf2f-cd02-4077-aa53-99ee8a00e1ab,3 Ave @ Atlantic Ave,car,23,23,529,1.0,1,0.0,0.0,False
2026-08-15T19:19,1786821522.5,f801cf2f-cd02-4077-aa53-99ee8a00e1ab,3 Ave @ Atlantic Ave,car,34,23,782,1.478,1,0.0,0.0,False
2026-08-15T19:19,1786821504.5,ed0f8bd4-fe44-4f86-98a9-91f45b446200,3 Ave @ Union St,car,46,33,1518,1.394,1,0.0,0.0,False
2026-08-15T19:19,1786821508.5,ed0f8bd4-fe44-4f86-98a9-91f45b446200,3 Ave @ Union St,truck,79,64,5056,1.234,1,0.0,0.0,False
2026-08-15T19:19,1786821508.5,ed0f8bd4-fe44-4f86-98a9-91f45b446200,3 Ave @ Union St,car,82,62,5084,1.323,1,0.0,0.0,False
2026-08-15T19:19,1786821508.5,ed0f8bd4-fe44-4f86-98a9-91f45b446200,3 Ave @ Union St,car,51,52,2652,0.981,2,90.0,0.5,False
2026-08-15T19:19,1786821510.5,ed0f8bd4-fe44-4f86-98a9-91f45b446200,3 Ave @ Union St,truck,142,144,20448,0.986,1,0.0,0.0,False
2026-08-15T19:19,1786821510.5,ed0f8bd4-fe44-4f86-98a9-91f45b446200,3 Ave @ Union St,truck,51,53,2703,0.962,1,0.0,0.0,False
2026-08-15T19:19,1786821504.5,ed0f8bd4-fe44-4f86-98a9-91f45b446200,3 Ave @ Union St,truck,135,108,14580,1.25,5,153.4,2.24,False
2026-08-15T19:19,1786821516.5,ed0f8bd4-fe44-4f86-98a9-91f45b446200,3 Ave @ Union St,truck,57,51,2907,1.118,1,0.0,0.0,False
2026-08-15T19:19,1786821516.5,ed0f8bd4-fe44-4f86-98a9-91f45b446200,3 Ave @ Union St,car,52,50,2600,1.04,1,0.0,0.0,False
2026-08-15T19:19,1786821504.5,ed0f8bd4-fe44-4f86-98a9-91f45b446200,3 Ave @ Union St,truck,82,74,6068,1.108,10,180.0,0.06,False
2026-08-15T19:19,1786821518.5,ed0f8bd4-fe44-4f86-98a9-91f45b446200,3 Ave @ Union St,car,79,64,5056,1.234,1,0.0,0.0,False
2026-08-15T19:19,1786821518.5,ed0f8bd4-fe44-4f86-98a9-91f45b446200,3 Ave @ Union St,truck,79,64,5056,1.234,1,0.0,0.0,False
2026-08-15T19:19,1786821518.5,ed0f8bd4-fe44-4f86-98a9-91f45b446200,3 Ave @ Union St,truck,51,54,2754,0.944,2,90.0,2.0,False
2026-08-15T19:19,1786821522.5,ed0f8bd4-fe44-4f86-98a9-91f45b446200,3 Ave @ Union St,truck,110,105,11550,1.048,1,0.0,0.0,False
2026-08-15T19:19,1786821522.5,ed0f8bd4-fe44-4f86-98a9-91f45b446200,3 Ave @ Union St,truck,111,59,6549,1.881,1,0.0,0.0,False
2026-08-15T19:19,1786821504.5,2e0d5197-6073-411f-9d1a-326b30841679,Flushing Ave @ Williamsburg W St,truck,99,76,7524,1.303,1,0.0,0.0,False
2026-08-15T19:19,1786821504.5,2e0d5197-6073-411f-9d1a-326b30841679,Flushing Ave @ Williamsburg W St,car,100,79,7900,1.266,2,54.0,6.8,False
2026-08-15T19:19,1786821506.5,2e0d5197-6073-411f-9d1a-326b30841679,Flushing Ave @ Williamsburg W St,car,103,26,2678,3.962,1,0.0,0.0,False
2026-08-15T19:19,1786821506.5,2e0d5197-6073-411f-9d1a-326b30841679,Flushing Ave @ Williamsburg W St,car,34,24,816,1.417,1,0.0,0.0,False
2026-08-15T19:19,1786821506.5,2e0d5197-6073-411f-9d1a-326b30841679,Flushing Ave @ Williamsburg W St,car,62,11,682,5.636,1,0.0,0.0,False
2026-08-15T19:19,1786821504.5,2e0d5197-6073-411f-9d1a-326b30841679,Flushing Ave @ Williamsburg W St,truck,91,96,8736,0.948,3,44.3,15.03,False
2026-08-15T19:19,1786821508.5,2e0d5197-6073-411f-9d1a-326b30841679,Flushing Ave @ Williamsburg W St,truck,119,103,12257,1.155,1,0.0,0.0,False
2026-08-15T19:19,1786821508.5,2e0d5197-6073-411f-9d1a-326b30841679,Flushing Ave @ Williamsburg W St,car,118,102,12036,1.157,1,0.0,0.0,False
2026-08-15T19:19,1786821514.5,2e0d5197-6073-411f-9d1a-326b30841679,Flushing Ave @ Williamsburg W St,truck,110,92,10120,1.196,1,0.0,0.0,False
2026-08-15T19:19,1786821514.5,2e0d5197-6073-411f-9d1a-326b30841679,Flushing Ave @ Williamsburg W St,car,89,81,7209,1.099,1,0.0,0.0,False
2026-08-15T19:19,1786821516.5,2e0d5197-6073-411f-9d1a-326b30841679,Flushing Ave @ Williamsburg W St,car,97,28,2716,3.464,1,0.0,0.0,False
2026-08-15T19:19,1786821516.5,2e0d5197-6073-411f-9d1a-326b30841679,Flushing Ave @ Williamsburg W St,car,72,14,1008,5.143,1,0.0,0.0,False
2026-08-15T19:19,1786821510.5,2e0d5197-6073-411f-9d1a-326b30841679,Flushing Ave @ Williamsburg W St,truck,313,162,50706,1.932,4,2.6,61.4,True
2026-08-15T19:19,1786821518.5,2e0d5197-6073-411f-9d1a-326b30841679,Flushing Ave @ Williamsburg W St,car,127,125,15875,1.016,2,245.0,31.99,False
2026-08-15T19:19,1786821518.5,2e0d5197-6073-411f-9d1a-326b30841679,Flushing Ave @ Williamsburg W St,car,60,41,2460,1.463,1,0.0,0.0,False
2026-08-15T19:19,1786821518.5,2e0d5197-6073-411f-9d1a-326b30841679,Flushing Ave @ Williamsburg W St,truck,253,206,52118,1.228,2,5.8,78.91,False
2026-08-15T19:19,1786821518.5,2e0d5197-6073-411f-9d1a-326b30841679,Flushing Ave @ Williamsburg W St,moto,47,73,3431,0.644,1,0.0,0.0,False
2026-08-15T19:19,1786821518.5,2e0d5197-6073-411f-9d1a-326b30841679,Flushing Ave @ Williamsburg W St,truck,75,86,6450,0.872,1,0.0,0.0,False
2026-08-15T19:19,1786821518.5,2e0d5197-6073-411f-9d1a-326b30841679,Flushing Ave @ Williamsburg W St,car,126,33,4158,3.818,1,0.0,0.0,False
2026-08-15T19:19,1786821520.5,2e0d5197-6073-411f-9d1a-326b30841679,Flushing Ave @ Williamsburg W St,car,74,80,5920,0.925,1,0.0,0.0,False
2026-08-15T19:19,1786821522.5,2e0d5197-6073-411f-9d1a-326b30841679,Flushing Ave @ Williamsburg W St,car,112,97,10864,1.155,1,0.0,0.0,False
2026-08-15T19:19,1786821504.5,9a01683c-321a-421b-b9c3-056bbf851f25,C2-PE-06-WB_at_6th_Ave-Ex2,car,66,54,3564,1.222,1,0.0,0.0,False
2026-08-15T19:19,1786821504.5,9a01683c-321a-421b-b9c3-056bbf851f25,C2-PE-06-WB_at_6th_Ave-Ex2,car,25,18,450,1.389,1,0.0,0.0,False
2026-08-15T19:19,1786821504.5,9a01683c-321a-421b-b9c3-056bbf851f25,C2-PE-06-WB_at_6th_Ave-Ex2,car,69,49,3381,1.408,1,0.0,0.0,False
2026-08-15T19:19,1786821504.5,9a01683c-321a-421b-b9c3-056bbf851f25,C2-PE-06-WB_at_6th_Ave-Ex2,car,40,27,1080,1.481,2,180.0,10.5,False
2026-08-15T19:19,1786821504.5,9a01683c-321a-421b-b9c3-056bbf851f25,C2-PE-06-WB_at_6th_Ave-Ex2,car,67,44,2948,1.523,2,136.7,11.67,False
2026-08-15T19:19,1786821506.5,9a01683c-321a-421b-b9c3-056bbf851f25,C2-PE-06-WB_at_6th_Ave-Ex2,car,88,68,5984,1.294,1,0.0,0.0,False
2026-08-15T19:19,1786821506.5,9a01683c-321a-421b-b9c3-056bbf851f25,C2-PE-06-WB_at_6th_Ave-Ex2,car,45,20,900,2.25,1,0.0,0.0,False
2026-08-15T19:19,1786821506.5,9a01683c-321a-421b-b9c3-056bbf851f25,C2-PE-06-WB_at_6th_Ave-Ex2,car,103,87,8961,1.184,2,205.2,46.97,True
2026-08-15T19:19,1786821510.5,9a01683c-321a-421b-b9c3-056bbf851f25,C2-PE-06-WB_at_6th_Ave-Ex2,car,132,101,13332,1.307,1,0.0,0.0,False
2026-08-15T19:19,1786821510.5,9a01683c-321a-421b-b9c3-056bbf851f25,C2-PE-06-WB_at_6th_Ave-Ex2,car,68,43,2924,1.581,1,0.0,0.0,False
2026-08-15T19:19,1786821510.5,9a01683c-321a-421b-b9c3-056bbf851f25,C2-PE-06-WB_at_6th_Ave-Ex2,car,101,76,7676,1.329,2,339.2,31.02,False
2026-08-15T19:19,1786821512.5,9a01683c-321a-421b-b9c3-056bbf851f25,C2-PE-06-WB_at_6th_Ave-Ex2,car,107,84,8988,1.274,1,0.0,0.0,False
2026-08-15T19:19,1786821512.5,9a01683c-321a-421b-b9c3-056bbf851f25,C2-PE-06-WB_at_6th_Ave-Ex2,car,45,31,1395,1.452,1,0.0,0.0,False
2026-08-15T19:19,1786821512.5,9a01683c-321a-421b-b9c3-056bbf851f25,C2-PE-06-WB_at_6th_Ave-Ex2,car,75,42,3150,1.786,1,0.0,0.0,False
2026-08-15T19:19,1786821512.5,9a01683c-321a-421b-b9c3-056bbf851f25,C2-PE-06-WB_at_6th_Ave-Ex2,car,29,33,957,0.879,1,0.0,0.0,False
2026-08-15T19:19,1786821512.5,9a01683c-321a-421b-b9c3-056bbf851f25,C2-PE-06-WB_at_6th_Ave-Ex2,car,50,40,2000,1.25,1,0.0,0.0,False
2026-08-15T19:19,1786821514.5,9a01683c-321a-421b-b9c3-056bbf851f25,C2-PE-06-WB_at_6th_Ave-Ex2,car,75,60,4500,1.25,1,0.0,0.0,False
2026-08-15T19:19,1786821514.5,9a01683c-321a-421b-b9c3-056bbf851f25,C2-PE-06-WB_at_6th_Ave-Ex2,car,69,52,3588,1.327,1,0.0,0.0,False
2026-08-15T19:19,1786821514.5,9a01683c-321a-421b-b9c3-056bbf851f25,C2-PE-06-WB_at_6th_Ave-Ex2,car,39,31,1209,1.258,1,0.0,0.0,False
2026-08-15T19:19,1786821514.5,9a01683c-321a-421b-b9c3-056bbf851f25,C2-PE-06-WB_at_6th_Ave-Ex2,car,52,44,2288,1.182,1,0.0,0.0,False
2026-08-15T19:19,1786821514.5,9a01683c-321a-421b-b9c3-056bbf851f25,C2-PE-06-WB_at_6th_Ave-Ex2,car,85,81,6885,1.049,2,127.0,35.7,True
2026-08-15T19:19,1786821518.5,9a01683c-321a-421b-b9c3-056bbf851f25,C2-PE-06-WB_at_6th_Ave-Ex2,car,49,65,3185,0.754,1,0.0,0.0,False
2026-08-15T19:19,1786821518.5,9a01683c-321a-421b-b9c3-056bbf851f25,C2-PE-06-WB_at_6th_Ave-Ex2,car,126,97,12222,1.299,1,0.0,0.0,False
2026-08-15T19:19,1786821516.5,9a01683c-321a-421b-b9c3-056bbf851f25,C2-PE-06-WB_at_6th_Ave-Ex2,car,70,57,3990,1.228,2,325.6,32.73,True
2026-08-15T19:19,1786821518.5,9a01683c-321a-421b-b9c3-056bbf851f25,C2-PE-06-WB_at_6th_Ave-Ex2,car,77,58,4466,1.328,2,250.0,11.7,False
2026-08-15T19:19,1786821520.5,9a01683c-321a-421b-b9c3-056bbf851f25,C2-PE-06-WB_at_6th_Ave-Ex2,car,148,110,16280,1.345,2,346.6,56.03,False
2026-08-15T19:19,1786821520.5,9a01683c-321a-421b-b9c3-056bbf851f25,C2-PE-06-WB_at_6th_Ave-Ex2,car,90,28,2520,3.214,1,0.0,0.0,False
2026-08-15T19:19,1786821522.5,9a01683c-321a-421b-b9c3-056bbf851f25,C2-PE-06-WB_at_6th_Ave-Ex2,car,90,70,6300,1.286,1,0.0,0.0,False
2026-08-15T19:19,1786821522.5,9a01683c-321a-421b-b9c3-056bbf851f25,C2-PE-06-WB_at_6th_Ave-Ex2,car,99,71,7029,1.394,1,0.0,0.0,False
2026-08-15T19:19,1786821522.5,9a01683c-321a-421b-b9c3-056bbf851f25,C2-PE-06-WB_at_6th_Ave-Ex2,car,68,63,4284,1.079,1,0.0,0.0,False
2026-08-15T19:19,1786821524.5,9a01683c-321a-421b-b9c3-056bbf851f25,C2-PE-06-WB_at_6th_Ave-Ex2,car,84,77,6468,1.091,1,0.0,0.0,False
2026-08-15T19:19,1786821524.5,9a01683c-321a-421b-b9c3-056bbf851f25,C2-PE-06-WB_at_6th_Ave-Ex2,car,39,30,1170,1.3,1,0.0,0.0,False
2026-08-15T19:19,1786821524.5,9a01683c-321a-421b-b9c3-056bbf851f25,C2-PE-06-WB_at_6th_Ave-Ex2,car,95,74,7030,1.284,1,0.0,0.0,False
2026-08-15T19:19,1786821524.5,9a01683c-321a-421b-b9c3-056bbf851f25,C2-PE-06-WB_at_6th_Ave-Ex2,car,72,50,3600,1.44,1,0.0,0.0,False
2026-08-15T19:20,1786821578.9,c89b62d1-35be-4bb8-b22b-a77c2583733c,Eastern Pkwy @ Utica Ave,car,98,76,7448,1.289,1,0.0,0.0,False
2026-08-15T19:20,1786821578.9,c89b62d1-35be-4bb8-b22b-a77c2583733c,Eastern Pkwy @ Utica Ave,car,74,55,4070,1.345,1,0.0,0.0,False
2026-08-15T19:20,1786821578.9,c89b62d1-35be-4bb8-b22b-a77c2583733c,Eastern Pkwy @ Utica Ave,car,100,105,10500,0.952,1,0.0,0.0,False
2026-08-15T19:20,1786821578.9,c89b62d1-35be-4bb8-b22b-a77c2583733c,Eastern Pkwy @ Utica Ave,truck,67,77,5159,0.87,1,0.0,0.0,False
2026-08-15T19:20,1786821578.9,c89b62d1-35be-4bb8-b22b-a77c2583733c,Eastern Pkwy @ Utica Ave,car,47,33,1551,1.424,1,0.0,0.0,False
2026-08-15T19:20,1786821578.9,c89b62d1-35be-4bb8-b22b-a77c2583733c,Eastern Pkwy @ Utica Ave,car,57,47,2679,1.213,1,0.0,0.0,False
2026-08-15T19:20,1786821578.9,c89b62d1-35be-4bb8-b22b-a77c2583733c,Eastern Pkwy @ Utica Ave,car,26,16,416,1.625,1,0.0,0.0,False
2026-08-15T19:20,1786821578.9,c89b62d1-35be-4bb8-b22b-a77c2583733c,Eastern Pkwy @ Utica Ave,car,53,40,2120,1.325,2,298.9,16.56,False
2026-08-15T19:20,1786821580.9,c89b62d1-35be-4bb8-b22b-a77c2583733c,Eastern Pkwy @ Utica Ave,car,66,67,4422,0.985,2,225.9,22.28,False
2026-08-15T19:20,1786821580.9,c89b62d1-35be-4bb8-b22b-a77c2583733c,Eastern Pkwy @ Utica Ave,car,35,31,1085,1.129,2,326.9,13.73,False
2026-08-15T19:20,1786821580.9,c89b62d1-35be-4bb8-b22b-a77c2583733c,Eastern Pkwy @ Utica Ave,car,94,71,6674,1.324,2,323.9,39.0,True
2026-08-15T19:20,1786821584.9,c89b62d1-35be-4bb8-b22b-a77c2583733c,Eastern Pkwy @ Utica Ave,car,70,74,5180,0.946,1,0.0,0.0,False
2026-08-15T19:20,1786821584.9,c89b62d1-35be-4bb8-b22b-a77c2583733c,Eastern Pkwy @ Utica Ave,car,36,25,900,1.44,1,0.0,0.0,False
2026-08-15T19:20,1786821586.9,c89b62d1-35be-4bb8-b22b-a77c2583733c,Eastern Pkwy @ Utica Ave,car,28,28,784,1.0,1,0.0,0.0,False
2026-08-15T19:20,1786821590.9,c89b62d1-35be-4bb8-b22b-a77c2583733c,Eastern Pkwy @ Utica Ave,car,20,15,300,1.333,1,0.0,0.0,False
2026-08-15T19:20,1786821590.9,c89b62d1-35be-4bb8-b22b-a77c2583733c,Eastern Pkwy @ Utica Ave,car,19,14,266,1.357,1,0.0,0.0,False
2026-08-15T19:20,1786821590.9,c89b62d1-35be-4bb8-b22b-a77c2583733c,Eastern Pkwy @ Utica Ave,car,50,66,3300,0.758,1,0.0,0.0,False
2026-08-15T19:20,1786821588.9,c89b62d1-35be-4bb8-b22b-a77c2583733c,Eastern Pkwy @ Utica Ave,truck,84,73,6132,1.151,2,138.6,27.99,False
2026-08-15T19:20,1786821592.9,c89b62d1-35be-4bb8-b22b-a77c2583733c,Eastern Pkwy @ Utica Ave,car,34,40,1360,0.85,1,0.0,0.0,False
2026-08-15T19:20,1786821588.9,c89b62d1-35be-4bb8-b22b-a77c2583733c,Eastern Pkwy @ Utica Ave,car,97,93,9021,1.043,3,275.3,10.8,False
2026-08-15T19:20,1786821592.9,c89b62d1-35be-4bb8-b22b-a77c2583733c,Eastern Pkwy @ Utica Ave,car,85,69,5865,1.232,3,291.5,16.39,False
2026-08-15T19:20,1786821594.9,c89b62d1-35be-4bb8-b22b-a77c2583733c,Eastern Pkwy @ Utica Ave,car,55,41,2255,1.341,2,144.5,4.3,False
2026-08-15T19:20,1786821594.9,c89b62d1-35be-4bb8-b22b-a77c2583733c,Eastern Pkwy @ Utica Ave,car,113,94,10622,1.202,2,153.4,1.12,False
2026-08-15T19:20,1786821594.9,c89b62d1-35be-4bb8-b22b-a77c2583733c,Eastern Pkwy @ Utica Ave,truck,59,51,3009,1.157,1,0.0,0.0,False
2026-08-15T19:20,1786821594.9,c89b62d1-35be-4bb8-b22b-a77c2583733c,Eastern Pkwy @ Utica Ave,car,79,93,7347,0.849,2,249.4,4.27,False
2026-08-15T19:20,1786821596.9,c89b62d1-35be-4bb8-b22b-a77c2583733c,Eastern Pkwy @ Utica Ave,car,85,70,5950,1.214,1,0.0,0.0,False
2026-08-15T19:20,1786821596.9,c89b62d1-35be-4bb8-b22b-a77c2583733c,Eastern Pkwy @ Utica Ave,car,21,30,630,0.7,1,0.0,0.0,False
2026-08-15T19:20,1786821596.9,c89b62d1-35be-4bb8-b22b-a77c2583733c,Eastern Pkwy @ Utica Ave,truck,99,92,9108,1.076,1,0.0,0.0,False
2026-08-15T19:20,1786821596.9,c89b62d1-35be-4bb8-b22b-a77c2583733c,Eastern Pkwy @ Utica Ave,car,27,20,540,1.35,1,0.0,0.0,False
2026-08-15T19:20,1786821596.9,c89b62d1-35be-4bb8-b22b-a77c2583733c,Eastern Pkwy @ Utica Ave,bus,100,94,9400,1.064,1,0.0,0.0,False
2026-08-15T19:20,1786821596.9,c89b62d1-35be-4bb8-b22b-a77c2583733c,Eastern Pkwy @ Utica Ave,car,33,18,594,1.833,1,0.0,0.0,False
2026-08-15T19:20,1786821578.9,f4c47f52-9c8d-494a-92da-4dcc09a19fab,Eastern Pkwy @ Bedford Ave,car,178,227,40406,0.784,1,0.0,0.0,False
2026-08-15T19:20,1786821578.9,f4c47f52-9c8d-494a-92da-4dcc09a19fab,Eastern Pkwy @ Bedford Ave,truck,228,228,51984,1.0,1,0.0,0.0,False
2026-08-15T19:20,1786821578.9,f4c47f52-9c8d-494a-92da-4dcc09a19fab,Eastern Pkwy @ Bedford Ave,car,144,109,15696,1.321,1,0.0,0.0,False
2026-08-15T19:20,1786821578.9,f4c47f52-9c8d-494a-92da-4dcc09a19fab,Eastern Pkwy @ Bedford Ave,car,316,259,81844,1.22,3,21.4,47.26,False
2026-08-15T19:20,1786821578.9,f4c47f52-9c8d-494a-92da-4dcc09a19fab,Eastern Pkwy @ Bedford Ave,car,253,175,44275,1.446,3,33.4,15.88,False
2026-08-15T19:20,1786821584.9,f4c47f52-9c8d-494a-92da-4dcc09a19fab,Eastern Pkwy @ Bedford Ave,car,205,166,34030,1.235,1,0.0,0.0,False
2026-08-15T19:20,1786821584.9,f4c47f52-9c8d-494a-92da-4dcc09a19fab,Eastern Pkwy @ Bedford Ave,car,186,169,31434,1.101,2,44.0,58.35,False
2026-08-15T19:20,1786821584.9,f4c47f52-9c8d-494a-92da-4dcc09a19fab,Eastern Pkwy @ Bedford Ave,truck,175,155,27125,1.129,1,0.0,0.0,False
2026-08-15T19:20,1786821586.9,f4c47f52-9c8d-494a-92da-4dcc09a19fab,Eastern Pkwy @ Bedford Ave,car,74,141,10434,0.525,1,0.0,0.0,False
2026-08-15T19:20,1786821586.9,f4c47f52-9c8d-494a-92da-4dcc09a19fab,Eastern Pkwy @ Bedford Ave,car,220,211,46420,1.043,1,0.0,0.0,False
2026-08-15T19:20,1786821586.9,f4c47f52-9c8d-494a-92da-4dcc09a19fab,Eastern Pkwy @ Bedford Ave,car,163,99,16137,1.646,1,0.0,0.0,False
2026-08-15T19:20,1786821586.9,f4c47f52-9c8d-494a-92da-4dcc09a19fab,Eastern Pkwy @ Bedford Ave,car,62,143,8866,0.434,1,0.0,0.0,False
2026-08-15T19:20,1786821586.9,f4c47f52-9c8d-494a-92da-4dcc09a19fab,Eastern Pkwy @ Bedford Ave,car,295,139,41005,2.122,1,0.0,0.0,False
2026-08-15T19:20,1786821578.9,2fe54994-17f6-499d-a3ab-8c6dc9dbda9e,Atlantic Ave @ Bedford Ave,car,85,112,9520,0.759,2,135.0,1.41,False
2026-08-15T19:20,1786821582.9,2fe54994-17f6-499d-a3ab-8c6dc9dbda9e,Atlantic Ave @ Bedford Ave,bus,32,56,1792,0.571,1,0.0,0.0,False
2026-08-15T19:20,1786821578.9,2fe54994-17f6-499d-a3ab-8c6dc9dbda9e,Atlantic Ave @ Bedford Ave,car,74,72,5328,1.028,4,149.0,0.97,False
2026-08-15T19:20,1786821578.9,2fe54994-17f6-499d-a3ab-8c6dc9dbda9e,Atlantic Ave @ Bedford Ave,car,151,100,15100,1.51,4,5.7,1.67,False
2026-08-15T19:20,1786821578.9,2fe54994-17f6-499d-a3ab-8c6dc9dbda9e,Atlantic Ave @ Bedford Ave,car,148,100,14800,1.48,4,135.0,1.41,False
2026-08-15T19:20,1786821578.9,2fe54994-17f6-499d-a3ab-8c6dc9dbda9e,Atlantic Ave @ Bedford Ave,car,56,67,3752,0.836,5,135.0,0.18,False
2026-08-15T19:20,1786821578.9,2fe54994-17f6-499d-a3ab-8c6dc9dbda9e,Atlantic Ave @ Bedford Ave,car,93,93,8649,1.0,4,63.4,0.37,False
2026-08-15T19:20,1786821578.9,2fe54994-17f6-499d-a3ab-8c6dc9dbda9e,Atlantic Ave @ Bedford Ave,truck,140,211,29540,0.664,4,141.7,9.14,False
2026-08-15T19:20,1786821582.9,2fe54994-17f6-499d-a3ab-8c6dc9dbda9e,Atlantic Ave @ Bedford Ave,car,136,138,18768,0.986,3,336.4,10.64,False
2026-08-15T19:20,1786821582.9,2fe54994-17f6-499d-a3ab-8c6dc9dbda9e,Atlantic Ave @ Bedford Ave,bus,126,150,18900,0.84,3,307.2,23.55,False
2026-08-15T19:20,1786821584.9,2fe54994-17f6-499d-a3ab-8c6dc9dbda9e,Atlantic Ave @ Bedford Ave,car,57,71,4047,0.803,2,75.1,7.76,False
2026-08-15T19:20,1786821586.9,2fe54994-17f6-499d-a3ab-8c6dc9dbda9e,Atlantic Ave @ Bedford Ave,car,44,37,1628,1.189,1,0.0,0.0,False
2026-08-15T19:20,1786821586.9,2fe54994-17f6-499d-a3ab-8c6dc9dbda9e,Atlantic Ave @ Bedford Ave,car,22,45,990,0.489,1,0.0,0.0,False
2026-08-15T19:20,1786821578.9,2fe54994-17f6-499d-a3ab-8c6dc9dbda9e,Atlantic Ave @ Bedford Ave,car,127,168,21336,0.756,5,125.1,5.65,False
2026-08-15T19:20,1786821580.9,2fe54994-17f6-499d-a3ab-8c6dc9dbda9e,Atlantic Ave @ Bedford Ave,car,66,75,4950,0.88,4,90.0,2.67,False
2026-08-15T19:20,1786821588.9,2fe54994-17f6-499d-a3ab-8c6dc9dbda9e,Atlantic Ave @ Bedford Ave,truck,58,62,3596,0.935,1,0.0,0.0,False
2026-08-15T19:20,1786821588.9,2fe54994-17f6-499d-a3ab-8c6dc9dbda9e,Atlantic Ave @ Bedford Ave,car,129,169,21801,0.763,1,0.0,0.0,False
2026-08-15T19:20,1786821590.9,2fe54994-17f6-499d-a3ab-8c6dc9dbda9e,Atlantic Ave @ Bedford Ave,car,132,54,7128,2.444,1,0.0,0.0,False
2026-08-15T19:20,1786821592.9,2fe54994-17f6-499d-a3ab-8c6dc9dbda9e,Atlantic Ave @ Bedford Ave,car,94,105,9870,0.895,1,0.0,0.0,False
2026-08-15T19:20,1786821592.9,2fe54994-17f6-499d-a3ab-8c6dc9dbda9e,Atlantic Ave @ Bedford Ave,bus,32,38,1216,0.842,1,0.0,0.0,False
2026-08-15T19:20,1786821578.9,2fe54994-17f6-499d-a3ab-8c6dc9dbda9e,Atlantic Ave @ Bedford Ave,car,88,95,8360,0.926,7,221.5,4.78,False
2026-08-15T19:20,1786821582.9,2fe54994-17f6-499d-a3ab-8c6dc9dbda9e,Atlantic Ave @ Bedford Ave,car,53,56,2968,0.946,7,38.2,3.5,False
2026-08-15T19:20,1786821586.9,2fe54994-17f6-499d-a3ab-8c6dc9dbda9e,Atlantic Ave @ Bedford Ave,bus,49,56,2744,0.875,7,63.4,0.19,False
2026-08-15T19:20,1786821590.9,2fe54994-17f6-499d-a3ab-8c6dc9dbda9e,Atlantic Ave @ Bedford Ave,car,53,49,2597,1.082,3,268.6,10.25,False
2026-08-15T19:20,1786821592.9,2fe54994-17f6-499d-a3ab-8c6dc9dbda9e,Atlantic Ave @ Bedford Ave,car,46,65,2990,0.708,2,216.9,2.5,False
2026-08-15T19:20,1786821594.9,2fe54994-17f6-499d-a3ab-8c6dc9dbda9e,Atlantic Ave @ Bedford Ave,car,170,211,35870,0.806,2,234.7,25.11,False
2026-08-15T19:20,1786821596.9,2fe54994-17f6-499d-a3ab-8c6dc9dbda9e,Atlantic Ave @ Bedford Ave,car,51,52,2652,0.981,2,281.3,17.85,False
2026-08-15T19:20,1786821596.9,2fe54994-17f6-499d-a3ab-8c6dc9dbda9e,Atlantic Ave @ Bedford Ave,car,48,51,2448,0.941,2,247.8,11.88,False
2026-08-15T19:20,1786821598.9,2fe54994-17f6-499d-a3ab-8c6dc9dbda9e,Atlantic Ave @ Bedford Ave,car,72,79,5688,0.911,1,0.0,0.0,False
2026-08-15T19:20,1786821598.9,2fe54994-17f6-499d-a3ab-8c6dc9dbda9e,Atlantic Ave @ Bedford Ave,car,100,109,10900,0.917,1,0.0,0.0,False
2026-08-15T19:20,1786821578.9,2e43a9d0-1df8-4a38-ae20-2e0f359bb55d,Flatbush Ave @ Empire Blvd,truck,141,106,14946,1.33,1,0.0,0.0,False
2026-08-15T19:20,1786821578.9,2e43a9d0-1df8-4a38-ae20-2e0f359bb55d,Flatbush Ave @ Empire Blvd,car,40,37,1480,1.081,1,0.0,0.0,False
2026-08-15T19:20,1786821578.9,2e43a9d0-1df8-4a38-ae20-2e0f359bb55d,Flatbush Ave @ Empire Blvd,truck,105,46,4830,2.283,1,0.0,0.0,False
2026-08-15T19:20,1786821580.9,2e43a9d0-1df8-4a38-ae20-2e0f359bb55d,Flatbush Ave @ Empire Blvd,truck,69,55,3795,1.255,1,0.0,0.0,False
2026-08-15T19:20,1786821580.9,2e43a9d0-1df8-4a38-ae20-2e0f359bb55d,Flatbush Ave @ Empire Blvd,car,159,96,15264,1.656,4,193.3,16.61,False
2026-08-15T19:20,1786821590.9,2e43a9d0-1df8-4a38-ae20-2e0f359bb55d,Flatbush Ave @ Empire Blvd,truck,49,57,2793,0.86,1,0.0,0.0,False
2026-08-15T19:20,1786821584.9,2e43a9d0-1df8-4a38-ae20-2e0f359bb55d,Flatbush Ave @ Empire Blvd,truck,44,46,2024,0.957,4,180.0,0.33,False
2026-08-15T19:20,1786821580.9,2e43a9d0-1df8-4a38-ae20-2e0f359bb55d,Flatbush Ave @ Empire Blvd,car,70,56,3920,1.25,10,12.5,1.54,False
2026-08-15T19:20,1786821580.9,2e43a9d0-1df8-4a38-ae20-2e0f359bb55d,Flatbush Ave @ Empire Blvd,car,18,16,288,1.125,5,180.0,0.12,False
2026-08-15T19:20,1786821584.9,2e43a9d0-1df8-4a38-ae20-2e0f359bb55d,Flatbush Ave @ Empire Blvd,car,41,35,1435,1.171,5,243.4,1.68,False
2026-08-15T19:20,1786821596.9,2e43a9d0-1df8-4a38-ae20-2e0f359bb55d,Flatbush Ave @ Empire Blvd,car,79,48,3792,1.646,1,0.0,0.0,False
2026-08-15T19:20,1786821596.9,2e43a9d0-1df8-4a38-ae20-2e0f359bb55d,Flatbush Ave @ Empire Blvd,truck,78,50,3900,1.56,1,0.0,0.0,False
2026-08-15T19:20,1786821596.9,2e43a9d0-1df8-4a38-ae20-2e0f359bb55d,Flatbush Ave @ Empire Blvd,car,68,57,3876,1.193,1,0.0,0.0,False
2026-08-15T19:20,1786821598.9,2e43a9d0-1df8-4a38-ae20-2e0f359bb55d,Flatbush Ave @ Empire Blvd,car,32,20,640,1.6,1,0.0,0.0,False
2026-08-15T19:20,1786821598.9,2e43a9d0-1df8-4a38-ae20-2e0f359bb55d,Flatbush Ave @ Empire Blvd,car,19,16,304,1.188,1,0.0,0.0,False
2026-08-15T19:20,1786821578.9,1c51b3ec-3d29-4025-928d-4e182e7c0bd5,Grand Army Plaza,car,46,30,1380,1.533,1,0.0,0.0,False
2026-08-15T19:20,1786821578.9,1c51b3ec-3d29-4025-928d-4e182e7c0bd5,Grand Army Plaza,car,37,24,888,1.542,1,0.0,0.0,False
2026-08-15T19:20,1786821578.9,1c51b3ec-3d29-4025-928d-4e182e7c0bd5,Grand Army Plaza,car,19,16,304,1.188,1,0.0,0.0,False
2026-08-15T19:20,1786821578.9,1c51b3ec-3d29-4025-928d-4e182e7c0bd5,Grand Army Plaza,car,51,23,1173,2.217,1,0.0,0.0,False
2026-08-15T19:20,1786821580.9,1c51b3ec-3d29-4025-928d-4e182e7c0bd5,Grand Army Plaza,car,27,25,675,1.08,1,0.0,0.0,False
2026-08-15T19:20,1786821580.9,1c51b3ec-3d29-4025-928d-4e182e7c0bd5,Grand Army Plaza,car,35,32,1120,1.094,2,330.9,10.3,False
2026-08-15T19:20,1786821578.9,1c51b3ec-3d29-4025-928d-4e182e7c0bd5,Grand Army Plaza,truck,202,158,31916,1.278,4,53.1,0.83,False
2026-08-15T19:20,1786821584.9,1c51b3ec-3d29-4025-928d-4e182e7c0bd5,Grand Army Plaza,car,45,30,1350,1.5,1,0.0,0.0,False
2026-08-15T19:20,1786821584.9,1c51b3ec-3d29-4025-928d-4e182e7c0bd5,Grand Army Plaza,car,51,25,1275,2.04,1,0.0,0.0,False
2026-08-15T19:20,1786821580.9,1c51b3ec-3d29-4025-928d-4e182e7c0bd5,Grand Army Plaza,car,51,34,1734,1.5,3,351.9,14.14,True
2026-08-15T19:20,1786821584.9,1c51b3ec-3d29-4025-928d-4e182e7c0bd5,Grand Army Plaza,car,31,21,651,1.476,2,190.0,8.63,False
2026-08-15T19:20,1786821586.9,1c51b3ec-3d29-4025-928d-4e182e7c0bd5,Grand Army Plaza,bus,116,33,3828,3.515,1,0.0,0.0,False
2026-08-15T19:20,1786821578.9,1c51b3ec-3d29-4025-928d-4e182e7c0bd5,Grand Army Plaza,car,82,35,2870,2.343,5,82.9,1.01,False
2026-08-15T19:20,1786821586.9,1c51b3ec-3d29-4025-928d-4e182e7c0bd5,Grand Army Plaza,bus,111,38,4218,2.921,2,167.1,37.96,False
2026-08-15T19:20,1786821588.9,1c51b3ec-3d29-4025-928d-4e182e7c0bd5,Grand Army Plaza,car,55,27,1485,2.037,1,0.0,0.0,False
2026-08-15T19:20,1786821588.9,1c51b3ec-3d29-4025-928d-4e182e7c0bd5,Grand Army Plaza,car,25,25,625,1.0,1,0.0,0.0,False
2026-08-15T19:20,1786821588.9,1c51b3ec-3d29-4025-928d-4e182e7c0bd5,Grand Army Plaza,car,72,34,2448,2.118,2,7.0,24.68,False
2026-08-15T19:20,1786821590.9,1c51b3ec-3d29-4025-928d-4e182e7c0bd5,Grand Army Plaza,car,64,27,1728,2.37,1,0.0,0.0,False
2026-08-15T19:20,1786821590.9,1c51b3ec-3d29-4025-928d-4e182e7c0bd5,Grand Army Plaza,car,23,13,299,1.769,1,0.0,0.0,False
2026-08-15T19:20,1786821590.9,1c51b3ec-3d29-4025-928d-4e182e7c0bd5,Grand Army Plaza,car,64,33,2112,1.939,1,0.0,0.0,False
2026-08-15T19:20,1786821578.9,1c51b3ec-3d29-4025-928d-4e182e7c0bd5,Grand Army Plaza,truck,210,154,32340,1.364,7,1.9,4.92,False
2026-08-15T19:20,1786821578.9,1c51b3ec-3d29-4025-928d-4e182e7c0bd5,Grand Army Plaza,truck,291,121,35211,2.405,7,335.4,12.83,False
2026-08-15T19:20,1786821592.9,1c51b3ec-3d29-4025-928d-4e182e7c0bd5,Grand Army Plaza,car,25,19,475,1.316,1,0.0,0.0,False
2026-08-15T19:20,1786821592.9,1c51b3ec-3d29-4025-928d-4e182e7c0bd5,Grand Army Plaza,car,26,14,364,1.857,1,0.0,0.0,False
2026-08-15T19:20,1786821594.9,1c51b3ec-3d29-4025-928d-4e182e7c0bd5,Grand Army Plaza,car,49,23,1127,2.13,1,0.0,0.0,False
2026-08-15T19:20,1786821594.9,1c51b3ec-3d29-4025-928d-4e182e7c0bd5,Grand Army Plaza,car,19,15,285,1.267,1,0.0,0.0,False
2026-08-15T19:20,1786821594.9,1c51b3ec-3d29-4025-928d-4e182e7c0bd5,Grand Army Plaza,car,16,16,256,1.0,1,0.0,0.0,False
2026-08-15T19:20,1786821596.9,1c51b3ec-3d29-4025-928d-4e182e7c0bd5,Grand Army Plaza,car,82,31,2542,2.645,1,0.0,0.0,False
2026-08-15T19:20,1786821596.9,1c51b3ec-3d29-4025-928d-4e182e7c0bd5,Grand Army Plaza,car,26,17,442,1.529,1,0.0,0.0,False
2026-08-15T19:20,1786821596.9,1c51b3ec-3d29-4025-928d-4e182e7c0bd5,Grand Army Plaza,car,82,25,2050,3.28,1,0.0,0.0,False
2026-08-15T19:20,1786821578.9,cb68b8b1-9093-4f2e-acf2-8133b047e8df,Flatbush Ave @ Eastern Pkwy,car,25,19,475,1.316,2,143.6,11.8,True
2026-08-15T19:20,1786821580.9,cb68b8b1-9093-4f2e-acf2-8133b047e8df,Flatbush Ave @ Eastern Pkwy,car,81,19,1539,4.263,1,0.0,0.0,False
2026-08-15T19:20,1786821580.9,cb68b8b1-9093-4f2e-acf2-8133b047e8df,Flatbush Ave @ Eastern Pkwy,car,23,16,368,1.438,1,0.0,0.0,False
2026-08-15T19:20,1786821578.9,cb68b8b1-9093-4f2e-acf2-8133b047e8df,Flatbush Ave @ Eastern Pkwy,car,78,70,5460,1.114,2,36.3,21.1,False
2026-08-15T19:20,1786821582.9,cb68b8b1-9093-4f2e-acf2-8133b047e8df,Flatbush Ave @ Eastern Pkwy,car,57,29,1653,1.966,1,0.0,0.0,False
2026-08-15T19:20,1786821582.9,cb68b8b1-9093-4f2e-acf2-8133b047e8df,Flatbush Ave @ Eastern Pkwy,car,32,23,736,1.391,1,0.0,0.0,False
2026-08-15T19:20,1786821582.9,cb68b8b1-9093-4f2e-acf2-8133b047e8df,Flatbush Ave @ Eastern Pkwy,car,78,71,5538,1.099,1,0.0,0.0,False
2026-08-15T19:20,1786821584.9,cb68b8b1-9093-4f2e-acf2-8133b047e8df,Flatbush Ave @ Eastern Pkwy,car,57,41,2337,1.39,1,0.0,0.0,False
2026-08-15T19:20,1786821580.9,cb68b8b1-9093-4f2e-acf2-8133b047e8df,Flatbush Ave @ Eastern Pkwy,car,41,36,1476,1.139,3,309.8,9.76,True
2026-08-15T19:20,1786821584.9,cb68b8b1-9093-4f2e-acf2-8133b047e8df,Flatbush Ave @ Eastern Pkwy,car,41,32,1312,1.281,2,268.5,19.01,True
2026-08-15T19:20,1786821586.9,cb68b8b1-9093-4f2e-acf2-8133b047e8df,Flatbush Ave @ Eastern Pkwy,truck,39,59,2301,0.661,1,0.0,0.0,False
2026-08-15T19:20,1786821586.9,cb68b8b1-9093-4f2e-acf2-8133b047e8df,Flatbush Ave @ Eastern Pkwy,truck,42,46,1932,0.913,1,0.0,0.0,False
2026-08-15T19:20,1786821586.9,cb68b8b1-9093-4f2e-acf2-8133b047e8df,Flatbush Ave @ Eastern Pkwy,car,27,19,513,1.421,1,0.0,0.0,False
2026-08-15T19:20,1786821586.9,cb68b8b1-9093-4f2e-acf2-8133b047e8df,Flatbush Ave @ Eastern Pkwy,car,28,35,980,0.8,1,0.0,0.0,False
2026-08-15T19:20,1786821586.9,cb68b8b1-9093-4f2e-acf2-8133b047e8df,Flatbush Ave @ Eastern Pkwy,car,45,29,1305,1.552,1,0.0,0.0,False
2026-08-15T19:20,1786821586.9,cb68b8b1-9093-4f2e-acf2-8133b047e8df,Flatbush Ave @ Eastern Pkwy,car,26,31,806,0.839,1,0.0,0.0,False
2026-08-15T19:20,1786821578.9,cb68b8b1-9093-4f2e-acf2-8133b047e8df,Flatbush Ave @ Eastern Pkwy,car,51,38,1938,1.342,5,194.0,0.52,False
2026-08-15T19:20,1786821592.9,cb68b8b1-9093-4f2e-acf2-8133b047e8df,Flatbush Ave @ Eastern Pkwy,truck,40,59,2360,0.678,1,0.0,0.0,False
2026-08-15T19:20,1786821594.9,cb68b8b1-9093-4f2e-acf2-8133b047e8df,Flatbush Ave @ Eastern Pkwy,car,39,28,1092,1.393,1,0.0,0.0,False
2026-08-15T19:20,1786821594.9,cb68b8b1-9093-4f2e-acf2-8133b047e8df,Flatbush Ave @ Eastern Pkwy,car,70,46,3220,1.522,3,45.0,0.71,False
2026-08-15T19:20,1786821594.9,cb68b8b1-9093-4f2e-acf2-8133b047e8df,Flatbush Ave @ Eastern Pkwy,car,44,30,1320,1.467,3,107.4,4.19,False
2026-08-15T19:20,1786821594.9,cb68b8b1-9093-4f2e-acf2-8133b047e8df,Flatbush Ave @ Eastern Pkwy,car,115,36,4140,3.194,2,185.7,50.75,True
2026-08-15T19:20,1786821596.9,cb68b8b1-9093-4f2e-acf2-8133b047e8df,Flatbush Ave @ Eastern Pkwy,car,33,27,891,1.222,1,0.0,0.0,False
2026-08-15T19:20,1786821596.9,cb68b8b1-9093-4f2e-acf2-8133b047e8df,Flatbush Ave @ Eastern Pkwy,car,65,40,2600,1.625,1,0.0,0.0,False
2026-08-15T19:20,1786821596.9,cb68b8b1-9093-4f2e-acf2-8133b047e8df,Flatbush Ave @ Eastern Pkwy,car,67,59,3953,1.136,2,1.3,22.51,False
2026-08-15T19:20,1786821598.9,cb68b8b1-9093-4f2e-acf2-8133b047e8df,Flatbush Ave @ Eastern Pkwy,truck,36,30,1080,1.2,1,0.0,0.0,False
2026-08-15T19:20,1786821598.9,cb68b8b1-9093-4f2e-acf2-8133b047e8df,Flatbush Ave @ Eastern Pkwy,car,36,28,1008,1.286,1,0.0,0.0,False
2026-08-15T19:20,1786821578.9,2064d8ab-597a-45d8-a3c9-5ab95a4e69e6,7 Ave @ Union St,car,70,37,2590,1.892,1,0.0,0.0,False
2026-08-15T19:20,1786821584.9,2064d8ab-597a-45d8-a3c9-5ab95a4e69e6,7 Ave @ Union St,car,70,36,2520,1.944,1,0.0,0.0,False
2026-08-15T19:20,1786821586.9,2064d8ab-597a-45d8-a3c9-5ab95a4e69e6,7 Ave @ Union St,car,54,30,1620,1.8,1,0.0,0.0,False
2026-08-15T19:20,1786821588.9,2064d8ab-597a-45d8-a3c9-5ab95a4e69e6,7 Ave @ Union St,car,55,32,1760,1.719,1,0.0,0.0,False
2026-08-15T19:20,1786821592.9,2064d8ab-597a-45d8-a3c9-5ab95a4e69e6,7 Ave @ Union St,car,30,16,480,1.875,1,0.0,0.0,False
2026-08-15T19:20,1786821578.9,2064d8ab-597a-45d8-a3c9-5ab95a4e69e6,7 Ave @ Union St,car,51,38,1938,1.342,11,0.0,0.15,False
2026-08-15T19:20,1786821578.9,fde1748c-7c0f-4df8-8acd-120df29a9305,Atlantic Ave @ Eastern Pkwy,car,23,20,460,1.15,1,0.0,0.0,False
2026-08-15T19:20,1786821578.9,fde1748c-7c0f-4df8-8acd-120df29a9305,Atlantic Ave @ Eastern Pkwy,car,18,22,396,0.818,1,0.0,0.0,False
2026-08-15T19:20,1786821578.9,fde1748c-7c0f-4df8-8acd-120df29a9305,Atlantic Ave @ Eastern Pkwy,car,70,41,2870,1.707,1,0.0,0.0,False
2026-08-15T19:20,1786821578.9,fde1748c-7c0f-4df8-8acd-120df29a9305,Atlantic Ave @ Eastern Pkwy,car,38,37,1406,1.027,2,162.9,20.4,True
2026-08-15T19:20,1786821578.9,fde1748c-7c0f-4df8-8acd-120df29a9305,Atlantic Ave @ Eastern Pkwy,car,22,18,396,1.222,2,315.0,4.24,False
2026-08-15T19:20,1786821580.9,fde1748c-7c0f-4df8-8acd-120df29a9305,Atlantic Ave @ Eastern Pkwy,car,33,31,1023,1.065,1,0.0,0.0,False
2026-08-15T19:20,1786821578.9,fde1748c-7c0f-4df8-8acd-120df29a9305,Atlantic Ave @ Eastern Pkwy,car,65,49,3185,1.327,3,189.5,4.56,False
2026-08-15T19:20,1786821578.9,fde1748c-7c0f-4df8-8acd-120df29a9305,Atlantic Ave @ Eastern Pkwy,car,46,51,2346,0.902,4,225.0,0.24,False
2026-08-15T19:20,1786821580.9,fde1748c-7c0f-4df8-8acd-120df29a9305,Atlantic Ave @ Eastern Pkwy,car,41,36,1476,1.139,3,315.0,0.35,False
2026-08-15T19:20,1786821584.9,fde1748c-7c0f-4df8-8acd-120df29a9305,Atlantic Ave @ Eastern Pkwy,car,30,28,840,1.071,1,0.0,0.0,False
2026-08-15T19:20,1786821578.9,fde1748c-7c0f-4df8-8acd-120df29a9305,Atlantic Ave @ Eastern Pkwy,bus,120,112,13440,1.071,5,154.2,4.3,False
2026-08-15T19:20,1786821582.9,fde1748c-7c0f-4df8-8acd-120df29a9305,Atlantic Ave @ Eastern Pkwy,car,77,61,4697,1.262,2,333.4,2.24,False
2026-08-15T19:20,1786821586.9,fde1748c-7c0f-4df8-8acd-120df29a9305,Atlantic Ave @ Eastern Pkwy,car,49,41,2009,1.195,1,0.0,0.0,False
2026-08-15T19:20,1786821588.9,fde1748c-7c0f-4df8-8acd-120df29a9305,Atlantic Ave @ Eastern Pkwy,car,45,32,1440,1.406,1,0.0,0.0,False
2026-08-15T19:20,1786821590.9,fde1748c-7c0f-4df8-8acd-120df29a9305,Atlantic Ave @ Eastern Pkwy,car,42,35,1470,1.2,1,0.0,0.0,False
2026-08-15T19:20,1786821590.9,fde1748c-7c0f-4df8-8acd-120df29a9305,Atlantic Ave @ Eastern Pkwy,truck,100,82,8200,1.22,1,0.0,0.0,False
2026-08-15T19:20,1786821592.9,fde1748c-7c0f-4df8-8acd-120df29a9305,Atlantic Ave @ Eastern Pkwy,car,31,31,961,1.0,1,0.0,0.0,False
2026-08-15T19:20,1786821578.9,fde1748c-7c0f-4df8-8acd-120df29a9305,Atlantic Ave @ Eastern Pkwy,car,111,62,6882,1.79,11,150.5,1.32,False
2026-08-15T19:20,1786821578.9,fde1748c-7c0f-4df8-8acd-120df29a9305,Atlantic Ave @ Eastern Pkwy,truck,77,64,4928,1.203,9,303.1,1.72,False
2026-08-15T19:20,1786821578.9,fde1748c-7c0f-4df8-8acd-120df29a9305,Atlantic Ave @ Eastern Pkwy,car,43,43,1849,1.0,11,123.7,0.36,False
2026-08-15T19:20,1786821578.9,fde1748c-7c0f-4df8-8acd-120df29a9305,Atlantic Ave @ Eastern Pkwy,car,27,28,756,0.964,11,45.0,0.07,False
2026-08-15T19:20,1786821578.9,fde1748c-7c0f-4df8-8acd-120df29a9305,Atlantic Ave @ Eastern Pkwy,car,53,45,2385,1.178,11,209.5,1.32,False
2026-08-15T19:20,1786821580.9,fde1748c-7c0f-4df8-8acd-120df29a9305,Atlantic Ave @ Eastern Pkwy,car,80,54,4320,1.481,10,158.2,0.9,False
2026-08-15T19:20,1786821580.9,fde1748c-7c0f-4df8-8acd-120df29a9305,Atlantic Ave @ Eastern Pkwy,car,96,112,10752,0.857,7,198.4,0.26,False
2026-08-15T19:20,1786821580.9,fde1748c-7c0f-4df8-8acd-120df29a9305,Atlantic Ave @ Eastern Pkwy,car,128,101,12928,1.267,7,173.5,2.94,False
2026-08-15T19:20,1786821584.9,fde1748c-7c0f-4df8-8acd-120df29a9305,Atlantic Ave @ Eastern Pkwy,bus,130,100,13000,1.3,8,225.7,7.78,True
2026-08-15T19:20,1786821594.9,fde1748c-7c0f-4df8-8acd-120df29a9305,Atlantic Ave @ Eastern Pkwy,car,77,59,4543,1.305,3,104.0,1.03,False
2026-08-15T19:20,1786821594.9,fde1748c-7c0f-4df8-8acd-120df29a9305,Atlantic Ave @ Eastern Pkwy,car,20,23,460,0.87,1,0.0,0.0,False
2026-08-15T19:20,1786821594.9,fde1748c-7c0f-4df8-8acd-120df29a9305,Atlantic Ave @ Eastern Pkwy,car,26,25,650,1.04,1,0.0,0.0,False
2026-08-15T19:20,1786821594.9,fde1748c-7c0f-4df8-8acd-120df29a9305,Atlantic Ave @ Eastern Pkwy,car,40,40,1600,1.0,1,0.0,0.0,False
2026-08-15T19:20,1786821596.9,fde1748c-7c0f-4df8-8acd-120df29a9305,Atlantic Ave @ Eastern Pkwy,car,94,110,10340,0.855,2,161.6,1.58,False
2026-08-15T19:20,1786821596.9,fde1748c-7c0f-4df8-8acd-120df29a9305,Atlantic Ave @ Eastern Pkwy,car,20,22,440,0.909,1,0.0,0.0,False
2026-08-15T19:20,1786821596.9,fde1748c-7c0f-4df8-8acd-120df29a9305,Atlantic Ave @ Eastern Pkwy,car,31,31,961,1.0,1,0.0,0.0,False
2026-08-15T19:20,1786821596.9,fde1748c-7c0f-4df8-8acd-120df29a9305,Atlantic Ave @ Eastern Pkwy,bus,77,65,5005,1.185,1,0.0,0.0,False
2026-08-15T19:20,1786821578.9,6851bbf7-e079-4379-b021-e5c7dafcb8c9,8 Ave @ 9 St,car,75,63,4725,1.19,4,180.0,0.17,False
2026-08-15T19:20,1786821588.9,6851bbf7-e079-4379-b021-e5c7dafcb8c9,8 Ave @ 9 St,car,49,50,2450,0.98,1,0.0,0.0,False
2026-08-15T19:20,1786821588.9,6851bbf7-e079-4379-b021-e5c7dafcb8c9,8 Ave @ 9 St,car,208,162,33696,1.284,2,129.0,40.53,False
2026-08-15T19:20,1786821588.9,6851bbf7-e079-4379-b021-e5c7dafcb8c9,8 Ave @ 9 St,truck,50,51,2550,0.98,2,109.4,19.61,False
2026-08-15T19:20,1786821590.9,6851bbf7-e079-4379-b021-e5c7dafcb8c9,8 Ave @ 9 St,truck,46,38,1748,1.211,1,0.0,0.0,False
2026-08-15T19:20,1786821590.9,6851bbf7-e079-4379-b021-e5c7dafcb8c9,8 Ave @ 9 St,car,45,38,1710,1.184,1,0.0,0.0,False
2026-08-15T19:20,1786821578.9,6851bbf7-e079-4379-b021-e5c7dafcb8c9,8 Ave @ 9 St,car,77,47,3619,1.638,10,90.0,0.06,False
2026-08-15T19:20,1786821578.9,6851bbf7-e079-4379-b021-e5c7dafcb8c9,8 Ave @ 9 St,truck,103,78,8034,1.321,10,180.0,0.39,False
2026-08-15T19:20,1786821590.9,6851bbf7-e079-4379-b021-e5c7dafcb8c9,8 Ave @ 9 St,car,44,32,1408,1.375,3,0.0,3.25,False
2026-08-15T19:20,1786821592.9,6851bbf7-e079-4379-b021-e5c7dafcb8c9,8 Ave @ 9 St,car,58,52,3016,1.115,2,67.6,9.19,False
2026-08-15T19:20,1786821592.9,6851bbf7-e079-4379-b021-e5c7dafcb8c9,8 Ave @ 9 St,truck,61,57,3477,1.07,3,63.4,5.03,False
2026-08-15T19:20,1786821594.9,6851bbf7-e079-4379-b021-e5c7dafcb8c9,8 Ave @ 9 St,truck,74,88,6512,0.841,1,0.0,0.0,False
2026-08-15T19:20,1786821596.9,6851bbf7-e079-4379-b021-e5c7dafcb8c9,8 Ave @ 9 St,truck,119,145,17255,0.821,1,0.0,0.0,False
2026-08-15T19:20,1786821596.9,6851bbf7-e079-4379-b021-e5c7dafcb8c9,8 Ave @ 9 St,car,118,145,17110,0.814,1,0.0,0.0,False
2026-08-15T19:20,1786821596.9,6851bbf7-e079-4379-b021-e5c7dafcb8c9,8 Ave @ 9 St,car,47,43,2021,1.093,1,0.0,0.0,False
2026-08-15T19:20,1786821578.9,74707723-013b-4bf1-9a8b-c209dbf71984,Bushwick Ave @ Gates Ave,car,14,13,182,1.077,1,0.0,0.0,False
2026-08-15T19:20,1786821578.9,74707723-013b-4bf1-9a8b-c209dbf71984,Bushwick Ave @ Gates Ave,car,22,23,506,0.957,1,0.0,0.0,False
2026-08-15T19:20,1786821578.9,74707723-013b-4bf1-9a8b-c209dbf71984,Bushwick Ave @ Gates Ave,truck,61,45,2745,1.356,2,341.6,1.58,False
2026-08-15T19:20,1786821578.9,74707723-013b-4bf1-9a8b-c209dbf71984,Bushwick Ave @ Gates Ave,car,62,102,6324,0.608,3,269.1,16.75,False
2026-08-15T19:20,1786821584.9,74707723-013b-4bf1-9a8b-c209dbf71984,Bushwick Ave @ Gates Ave,bus,33,47,1551,0.702,1,0.0,0.0,False
2026-08-15T19:20,1786821578.9,74707723-013b-4bf1-9a8b-c209dbf71984,Bushwick Ave @ Gates Ave,car,66,104,6864,0.635,10,188.1,0.39,False
2026-08-15T19:20,1786821594.9,74707723-013b-4bf1-9a8b-c209dbf71984,Bushwick Ave @ Gates Ave,car,62,42,2604,1.476,1,0.0,0.0,False
2026-08-15T19:20,1786821598.9,74707723-013b-4bf1-9a8b-c209dbf71984,Bushwick Ave @ Gates Ave,car,180,108,19440,1.667,1,0.0,0.0,False
2026-08-15T19:20,1786821598.9,74707723-013b-4bf1-9a8b-c209dbf71984,Bushwick Ave @ Gates Ave,car,35,44,1540,0.795,1,0.0,0.0,False
2026-08-15T19:20,1786821578.9,a8805cdb-e305-42d0-b011-cb825380cf8e,Bushwick Ave @ Cooper St,car,31,33,1023,0.939,1,0.0,0.0,False
2026-08-15T19:20,1786821578.9,a8805cdb-e305-42d0-b011-cb825380cf8e,Bushwick Ave @ Cooper St,truck,16,100,1600,0.16,1,0.0,0.0,False
2026-08-15T19:20,1786821578.9,a8805cdb-e305-42d0-b011-cb825380cf8e,Bushwick Ave @ Cooper St,truck,140,155,21700,0.903,2,230.9,10.31,False
2026-08-15T19:20,1786821578.9,a8805cdb-e305-42d0-b011-cb825380cf8e,Bushwick Ave @ Cooper St,car,23,20,460,1.15,2,157.6,9.19,False
2026-08-15T19:20,1786821580.9,a8805cdb-e305-42d0-b011-cb825380cf8e,Bushwick Ave @ Cooper St,car,16,13,208,1.231,1,0.0,0.0,False
2026-08-15T19:20,1786821580.9,a8805cdb-e305-42d0-b011-cb825380cf8e,Bushwick Ave @ Cooper St,car,51,45,2295,1.133,1,0.0,0.0,False
2026-08-15T19:20,1786821580.9,a8805cdb-e305-42d0-b011-cb825380cf8e,Bushwick Ave @ Cooper St,truck,116,115,13340,1.009,1,0.0,0.0,False
2026-08-15T19:20,1786821578.9,a8805cdb-e305-42d0-b011-cb825380cf8e,Bushwick Ave @ Cooper St,car,35,37,1295,0.946,2,118.7,17.68,True
2026-08-15T19:20,1786821580.9,a8805cdb-e305-42d0-b011-cb825380cf8e,Bushwick Ave @ Cooper St,car,35,37,1295,0.946,2,251.6,4.74,False
2026-08-15T19:20,1786821580.9,a8805cdb-e305-42d0-b011-cb825380cf8e,Bushwick Ave @ Cooper St,car,116,114,13224,1.018,2,136.4,14.5,False
2026-08-15T19:20,1786821578.9,a8805cdb-e305-42d0-b011-cb825380cf8e,Bushwick Ave @ Cooper St,car,37,41,1517,0.902,4,14.0,2.06,False
2026-08-15T19:20,1786821578.9,a8805cdb-e305-42d0-b011-cb825380cf8e,Bushwick Ave @ Cooper St,car,114,120,13680,0.95,4,118.3,36.54,True
2026-08-15T19:20,1786821578.9,a8805cdb-e305-42d0-b011-cb825380cf8e,Bushwick Ave @ Cooper St,car,26,41,1066,0.634,3,320.4,7.46,False
2026-08-15T19:20,1786821580.9,a8805cdb-e305-42d0-b011-cb825380cf8e,Bushwick Ave @ Cooper St,truck,141,156,21996,0.904,3,68.5,30.64,False
2026-08-15T19:20,1786821582.9,a8805cdb-e305-42d0-b011-cb825380cf8e,Bushwick Ave @ Cooper St,car,56,56,3136,1.0,2,310.9,9.92,False
2026-08-15T19:20,1786821582.9,a8805cdb-e305-42d0-b011-cb825380cf8e,Bushwick Ave @ Cooper St,truck,37,40,1480,0.925,2,0.0,6.5,False
2026-08-15T19:20,1786821580.9,a8805cdb-e305-42d0-b011-cb825380cf8e,Bushwick Ave @ Cooper St,truck,133,160,21280,0.831,4,119.7,40.31,True
2026-08-15T19:20,1786821586.9,a8805cdb-e305-42d0-b011-cb825380cf8e,Bushwick Ave @ Cooper St,car,50,48,2400,1.042,1,0.0,0.0,False
2026-08-15T19:20,1786821584.9,a8805cdb-e305-42d0-b011-cb825380cf8e,Bushwick Ave @ Cooper St,car,41,42,1722,0.976,3,169.2,5.34,False
2026-08-15T19:20,1786821588.9,a8805cdb-e305-42d0-b011-cb825380cf8e,Bushwick Ave @ Cooper St,car,80,97,7760,0.825,1,0.0,0.0,False
2026-08-15T19:20,1786821590.9,a8805cdb-e305-42d0-b011-cb825380cf8e,Bushwick Ave @ Cooper St,car,24,21,504,1.143,1,0.0,0.0,False
2026-08-15T19:20,1786821578.9,a8805cdb-e305-42d0-b011-cb825380cf8e,Bushwick Ave @ Cooper St,car,87,93,8091,0.935,6,0.0,0.0,False
2026-08-15T19:20,1786821578.9,a8805cdb-e305-42d0-b011-cb825380cf8e,Bushwick Ave @ Cooper St,truck,58,49,2842,1.184,8,26.6,0.16,False
2026-08-15T19:20,1786821584.9,a8805cdb-e305-42d0-b011-cb825380cf8e,Bushwick Ave @ Cooper St,car,80,98,7840,0.816,4,93.1,9.35,False
2026-08-15T19:20,1786821584.9,a8805cdb-e305-42d0-b011-cb825380cf8e,Bushwick Ave @ Cooper St,truck,58,64,3712,0.906,5,305.0,7.63,True
2026-08-15T19:20,1786821592.9,a8805cdb-e305-42d0-b011-cb825380cf8e,Bushwick Ave @ Cooper St,car,119,41,4879,2.902,1,0.0,0.0,False
2026-08-15T19:20,1786821592.9,a8805cdb-e305-42d0-b011-cb825380cf8e,Bushwick Ave @ Cooper St,car,25,25,625,1.0,1,0.0,0.0,False
2026-08-15T19:20,1786821592.9,a8805cdb-e305-42d0-b011-cb825380cf8e,Bushwick Ave @ Cooper St,truck,137,106,14522,1.292,1,0.0,0.0,False
2026-08-15T19:20,1786821578.9,a8805cdb-e305-42d0-b011-cb825380cf8e,Bushwick Ave @ Cooper St,car,81,90,7290,0.9,8,90.0,0.14,False
2026-08-15T19:20,1786821578.9,a8805cdb-e305-42d0-b011-cb825380cf8e,Bushwick Ave @ Cooper St,car,125,30,3750,4.167,11,270.0,0.05,False
2026-08-15T19:20,1786821578.9,a8805cdb-e305-42d0-b011-cb825380cf8e,Bushwick Ave @ Cooper St,car,35,30,1050,1.167,9,243.4,0.14,False
2026-08-15T19:20,1786821578.9,a8805cdb-e305-42d0-b011-cb825380cf8e,Bushwick Ave @ Cooper St,car,41,21,861,1.952,11,180.0,0.15,False
2026-08-15T19:20,1786821578.9,a8805cdb-e305-42d0-b011-cb825380cf8e,Bushwick Ave @ Cooper St,car,87,93,8091,0.935,9,315.0,0.09,False
2026-08-15T19:20,1786821582.9,a8805cdb-e305-42d0-b011-cb825380cf8e,Bushwick Ave @ Cooper St,car,36,48,1728,0.75,6,102.8,5.43,True
2026-08-15T19:20,1786821584.9,a8805cdb-e305-42d0-b011-cb825380cf8e,Bushwick Ave @ Cooper St,truck,81,87,7047,0.931,6,90.0,0.8,False
2026-08-15T19:20,1786821584.9,a8805cdb-e305-42d0-b011-cb825380cf8e,Bushwick Ave @ Cooper St,truck,18,107,1926,0.168,6,256.0,0.41,False
2026-08-15T19:20,1786821588.9,a8805cdb-e305-42d0-b011-cb825380cf8e,Bushwick Ave @ Cooper St,car,138,105,14490,1.314,5,314.3,7.16,False
2026-08-15T19:20,1786821588.9,a8805cdb-e305-42d0-b011-cb825380cf8e,Bushwick Ave @ Cooper St,car,41,43,1763,0.953,3,128.0,17.45,True
2026-08-15T19:20,1786821590.9,a8805cdb-e305-42d0-b011-cb825380cf8e,Bushwick Ave @ Cooper St,car,48,52,2496,0.923,2,259.6,19.32,False
2026-08-15T19:20,1786821590.9,a8805cdb-e305-42d0-b011-cb825380cf8e,Bushwick Ave @ Cooper St,car,48,51,2448,0.941,2,249.4,8.54,False
2026-08-15T19:20,1786821592.9,a8805cdb-e305-42d0-b011-cb825380cf8e,Bushwick Ave @ Cooper St,truck,109,122,13298,0.893,4,122.3,5.92,False
2026-08-15T19:20,1786821592.9,a8805cdb-e305-42d0-b011-cb825380cf8e,Bushwick Ave @ Cooper St,truck,52,49,2548,1.061,3,270.0,0.5,False
2026-08-15T19:20,1786821594.9,a8805cdb-e305-42d0-b011-cb825380cf8e,Bushwick Ave @ Cooper St,car,43,45,1935,0.956,3,128.7,4.8,False
2026-08-15T19:20,1786821594.9,a8805cdb-e305-42d0-b011-cb825380cf8e,Bushwick Ave @ Cooper St,car,57,62,3534,0.919,2,258.7,2.55,False
2026-08-15T19:20,1786821596.9,a8805cdb-e305-42d0-b011-cb825380cf8e,Bushwick Ave @ Cooper St,truck,57,63,3591,0.905,2,90.0,5.0,False
2026-08-15T19:20,1786821578.9,068461e2-c62f-4ce4-adac-5f9efe92af1d,Bushwick Ave @ De Kalb Ave,car,33,27,891,1.222,2,36.9,5.0,False
2026-08-15T19:20,1786821580.9,068461e2-c62f-4ce4-adac-5f9efe92af1d,Bushwick Ave @ De Kalb Ave,car,53,58,3074,0.914,1,0.0,0.0,False
2026-08-15T19:20,1786821582.9,068461e2-c62f-4ce4-adac-5f9efe92af1d,Bushwick Ave @ De Kalb Ave,car,156,138,21528,1.13,2,220.6,69.15,True
2026-08-15T19:20,1786821584.9,068461e2-c62f-4ce4-adac-5f9efe92af1d,Bushwick Ave @ De Kalb Ave,moto,84,59,4956,1.424,1,0.0,0.0,False
2026-08-15T19:20,1786821588.9,068461e2-c62f-4ce4-adac-5f9efe92af1d,Bushwick Ave @ De Kalb Ave,car,153,110,16830,1.391,1,0.0,0.0,False
2026-08-15T19:20,1786821588.9,068461e2-c62f-4ce4-adac-5f9efe92af1d,Bushwick Ave @ De Kalb Ave,car,53,53,2809,1.0,1,0.0,0.0,False
2026-08-15T19:20,1786821590.9,068461e2-c62f-4ce4-adac-5f9efe92af1d,Bushwick Ave @ De Kalb Ave,car,41,32,1312,1.281,1,0.0,0.0,False
2026-08-15T19:20,1786821594.9,068461e2-c62f-4ce4-adac-5f9efe92af1d,Bushwick Ave @ De Kalb Ave,truck,83,78,6474,1.064,3,85.8,17.05,True
2026-08-15T19:20,1786821594.9,068461e2-c62f-4ce4-adac-5f9efe92af1d,Bushwick Ave @ De Kalb Ave,car,27,27,729,1.0,1,0.0,0.0,False
2026-08-15T19:20,1786821596.9,068461e2-c62f-4ce4-adac-5f9efe92af1d,Bushwick Ave @ De Kalb Ave,car,27,25,675,1.08,1,0.0,0.0,False
2026-08-15T19:20,1786821578.9,089d8066-4e5e-4549-9496-a5f4ffb56ef5,7 Ave @ 9 St,car,95,72,6840,1.319,1,0.0,0.0,False
2026-08-15T19:20,1786821578.9,089d8066-4e5e-4549-9496-a5f4ffb56ef5,7 Ave @ 9 St,car,36,27,972,1.333,1,0.0,0.0,False
2026-08-15T19:20,1786821580.9,089d8066-4e5e-4549-9496-a5f4ffb56ef5,7 Ave @ 9 St,car,46,39,1794,1.179,1,0.0,0.0,False
2026-08-15T19:20,1786821578.9,089d8066-4e5e-4549-9496-a5f4ffb56ef5,7 Ave @ 9 St,car,114,123,14022,0.927,4,213.7,0.6,False
2026-08-15T19:20,1786821582.9,089d8066-4e5e-4549-9496-a5f4ffb56ef5,7 Ave @ 9 St,car,73,77,5621,0.948,3,68.7,14.48,False
2026-08-15T19:20,1786821586.9,089d8066-4e5e-4549-9496-a5f4ffb56ef5,7 Ave @ 9 St,car,34,54,1836,0.63,1,0.0,0.0,False
2026-08-15T19:20,1786821578.9,089d8066-4e5e-4549-9496-a5f4ffb56ef5,7 Ave @ 9 St,car,64,56,3584,1.143,6,17.1,1.36,False
2026-08-15T19:20,1786821588.9,089d8066-4e5e-4549-9496-a5f4ffb56ef5,7 Ave @ 9 St,car,32,24,768,1.333,1,0.0,0.0,False
2026-08-15T19:20,1786821588.9,089d8066-4e5e-4549-9496-a5f4ffb56ef5,7 Ave @ 9 St,car,21,15,315,1.4,1,0.0,0.0,False
2026-08-15T19:20,1786821590.9,089d8066-4e5e-4549-9496-a5f4ffb56ef5,7 Ave @ 9 St,car,42,31,1302,1.355,1,0.0,0.0,False
2026-08-15T19:20,1786821578.9,089d8066-4e5e-4549-9496-a5f4ffb56ef5,7 Ave @ 9 St,car,166,89,14774,1.865,10,204.7,3.06,False
2026-08-15T19:20,1786821578.9,089d8066-4e5e-4549-9496-a5f4ffb56ef5,7 Ave @ 9 St,truck,65,122,7930,0.533,9,270.0,1.31,False
2026-08-15T19:20,1786821578.9,089d8066-4e5e-4549-9496-a5f4ffb56ef5,7 Ave @ 9 St,car,59,52,3068,1.135,8,104.0,0.88,False
2026-08-15T19:20,1786821582.9,089d8066-4e5e-4549-9496-a5f4ffb56ef5,7 Ave @ 9 St,car,65,130,8450,0.5,7,270.0,1.08,False
2026-08-15T19:20,1786821592.9,089d8066-4e5e-4549-9496-a5f4ffb56ef5,7 Ave @ 9 St,car,41,36,1476,1.139,2,343.5,22.94,True
2026-08-15T19:20,1786821592.9,089d8066-4e5e-4549-9496-a5f4ffb56ef5,7 Ave @ 9 St,car,59,57,3363,1.035,1,0.0,0.0,False
2026-08-15T19:20,1786821592.9,089d8066-4e5e-4549-9496-a5f4ffb56ef5,7 Ave @ 9 St,moto,47,72,3384,0.653,1,0.0,0.0,False
2026-08-15T19:20,1786821594.9,089d8066-4e5e-4549-9496-a5f4ffb56ef5,7 Ave @ 9 St,car,76,82,6232,0.927,2,233.1,5.0,False
2026-08-15T19:20,1786821594.9,089d8066-4e5e-4549-9496-a5f4ffb56ef5,7 Ave @ 9 St,car,83,73,6059,1.137,2,25.5,11.63,False
2026-08-15T19:20,1786821594.9,089d8066-4e5e-4549-9496-a5f4ffb56ef5,7 Ave @ 9 St,car,50,36,1800,1.389,2,90.0,1.0,False
2026-08-15T19:20,1786821596.9,089d8066-4e5e-4549-9496-a5f4ffb56ef5,7 Ave @ 9 St,car,155,74,11470,2.095,1,0.0,0.0,False
2026-08-15T19:20,1786821596.9,089d8066-4e5e-4549-9496-a5f4ffb56ef5,7 Ave @ 9 St,bus,158,74,11692,2.135,1,0.0,0.0,False
2026-08-15T19:20,1786821596.9,089d8066-4e5e-4549-9496-a5f4ffb56ef5,7 Ave @ 9 St,car,33,25,825,1.32,1,0.0,0.0,False
2026-08-15T19:20,1786821578.9,a8f2d065-c266-4378-ac63-50b81677da84,C2-PE-02-Ctr_at_Ft_Hamltn_Pkwy-Ex5,car,277,61,16897,4.541,1,0.0,0.0,False
2026-08-15T19:20,1786821578.9,053afe02-e1b3-4bea-9995-787e72c7fff4,Atlantic Ave @ Barclays Center,car,28,23,644,1.217,1,0.0,0.0,False
2026-08-15T19:20,1786821580.9,053afe02-e1b3-4bea-9995-787e72c7fff4,Atlantic Ave @ Barclays Center,car,44,30,1320,1.467,1,0.0,0.0,False
2026-08-15T19:20,1786821578.9,053afe02-e1b3-4bea-9995-787e72c7fff4,Atlantic Ave @ Barclays Center,car,41,22,902,1.864,2,290.6,12.82,False
2026-08-15T19:20,1786821582.9,053afe02-e1b3-4bea-9995-787e72c7fff4,Atlantic Ave @ Barclays Center,car,129,93,11997,1.387,1,0.0,0.0,False
2026-08-15T19:20,1786821582.9,053afe02-e1b3-4bea-9995-787e72c7fff4,Atlantic Ave @ Barclays Center,car,40,21,840,1.905,1,0.0,0.0,False
2026-08-15T19:20,1786821582.9,053afe02-e1b3-4bea-9995-787e72c7fff4,Atlantic Ave @ Barclays Center,car,25,21,525,1.19,1,0.0,0.0,False
2026-08-15T19:20,1786821582.9,053afe02-e1b3-4bea-9995-787e72c7fff4,Atlantic Ave @ Barclays Center,car,38,29,1102,1.31,2,301.0,5.83,False
2026-08-15T19:20,1786821584.9,053afe02-e1b3-4bea-9995-787e72c7fff4,Atlantic Ave @ Barclays Center,car,121,110,13310,1.1,1,0.0,0.0,False
2026-08-15T19:20,1786821584.9,053afe02-e1b3-4bea-9995-787e72c7fff4,Atlantic Ave @ Barclays Center,car,34,24,816,1.417,2,185.2,5.52,False
2026-08-15T19:20,1786821586.9,053afe02-e1b3-4bea-9995-787e72c7fff4,Atlantic Ave @ Barclays Center,car,48,23,1104,2.087,1,0.0,0.0,False
2026-08-15T19:20,1786821586.9,053afe02-e1b3-4bea-9995-787e72c7fff4,Atlantic Ave @ Barclays Center,car,52,30,1560,1.733,1,0.0,0.0,False
2026-08-15T19:20,1786821586.9,053afe02-e1b3-4bea-9995-787e72c7fff4,Atlantic Ave @ Barclays Center,car,49,38,1862,1.289,1,0.0,0.0,False
2026-08-15T19:20,1786821582.9,053afe02-e1b3-4bea-9995-787e72c7fff4,Atlantic Ave @ Barclays Center,car,80,65,5200,1.231,3,240.8,7.16,False
2026-08-15T19:20,1786821588.9,053afe02-e1b3-4bea-9995-787e72c7fff4,Atlantic Ave @ Barclays Center,car,97,43,4171,2.256,1,0.0,0.0,False
2026-08-15T19:20,1786821588.9,053afe02-e1b3-4bea-9995-787e72c7fff4,Atlantic Ave @ Barclays Center,car,131,106,13886,1.236,1,0.0,0.0,False
2026-08-15T19:20,1786821588.9,053afe02-e1b3-4bea-9995-787e72c7fff4,Atlantic Ave @ Barclays Center,car,79,50,3950,1.58,1,0.0,0.0,False
2026-08-15T19:20,1786821586.9,053afe02-e1b3-4bea-9995-787e72c7fff4,Atlantic Ave @ Barclays Center,car,152,93,14136,1.634,2,188.5,37.41,False
2026-08-15T19:20,1786821590.9,053afe02-e1b3-4bea-9995-787e72c7fff4,Atlantic Ave @ Barclays Center,car,32,18,576,1.778,1,0.0,0.0,False
2026-08-15T19:20,1786821590.9,053afe02-e1b3-4bea-9995-787e72c7fff4,Atlantic Ave @ Barclays Center,car,203,69,14007,2.942,1,0.0,0.0,False
2026-08-15T19:20,1786821592.9,053afe02-e1b3-4bea-9995-787e72c7fff4,Atlantic Ave @ Barclays Center,truck,74,54,3996,1.37,1,0.0,0.0,False
2026-08-15T19:20,1786821578.9,053afe02-e1b3-4bea-9995-787e72c7fff4,Atlantic Ave @ Barclays Center,car,135,90,12150,1.5,11,243.4,0.11,False
2026-08-15T19:20,1786821578.9,053afe02-e1b3-4bea-9995-787e72c7fff4,Atlantic Ave @ Barclays Center,car,85,93,7905,0.914,11,180.0,0.1,False
2026-08-15T19:20,1786821578.9,053afe02-e1b3-4bea-9995-787e72c7fff4,Atlantic Ave @ Barclays Center,car,104,102,10608,1.02,11,71.6,0.16,False
2026-08-15T19:20,1786821578.9,053afe02-e1b3-4bea-9995-787e72c7fff4,Atlantic Ave @ Barclays Center,car,91,70,6370,1.3,8,43.4,1.77,False
2026-08-15T19:20,1786821578.9,053afe02-e1b3-4bea-9995-787e72c7fff4,Atlantic Ave @ Barclays Center,car,60,54,3240,1.111,9,10.0,1.08,False
2026-08-15T19:20,1786821580.9,053afe02-e1b3-4bea-9995-787e72c7fff4,Atlantic Ave @ Barclays Center,car,67,46,3082,1.457,8,253.6,2.53,False
2026-08-15T19:20,1786821584.9,053afe02-e1b3-4bea-9995-787e72c7fff4,Atlantic Ave @ Barclays Center,car,120,112,13440,1.071,7,156.5,11.72,True
2026-08-15T19:20,1786821586.9,053afe02-e1b3-4bea-9995-787e72c7fff4,Atlantic Ave @ Barclays Center,car,36,22,792,1.636,3,324.5,6.45,False
2026-08-15T19:20,1786821594.9,053afe02-e1b3-4bea-9995-787e72c7fff4,Atlantic Ave @ Barclays Center,car,50,31,1550,1.613,3,22.9,12.21,True
2026-08-15T19:20,1786821596.9,053afe02-e1b3-4bea-9995-787e72c7fff4,Atlantic Ave @ Barclays Center,car,42,29,1218,1.448,2,0.0,1.0,False
2026-08-15T19:20,1786821596.9,053afe02-e1b3-4bea-9995-787e72c7fff4,Atlantic Ave @ Barclays Center,car,39,33,1287,1.182,2,90.0,0.5,False
2026-08-15T19:20,1786821586.9,fa287d30-44a9-48ef-90d6-5ab0a54eab15,Flatbush Ave and Atlantic Ave,car,61,49,2989,1.245,2,69.6,22.94,False
2026-08-15T19:20,1786821588.9,fa287d30-44a9-48ef-90d6-5ab0a54eab15,Flatbush Ave and Atlantic Ave,bus,206,69,14214,2.986,1,0.0,0.0,False
2026-08-15T19:20,1786821588.9,fa287d30-44a9-48ef-90d6-5ab0a54eab15,Flatbush Ave and Atlantic Ave,car,34,35,1190,0.971,1,0.0,0.0,False
2026-08-15T19:20,1786821588.9,fa287d30-44a9-48ef-90d6-5ab0a54eab15,Flatbush Ave and Atlantic Ave,bus,225,112,25200,2.009,2,6.8,88.13,False
2026-08-15T19:20,1786821588.9,fa287d30-44a9-48ef-90d6-5ab0a54eab15,Flatbush Ave and Atlantic Ave,car,19,17,323,1.118,2,315.0,0.71,False
2026-08-15T19:20,1786821590.9,fa287d30-44a9-48ef-90d6-5ab0a54eab15,Flatbush Ave and Atlantic Ave,truck,129,162,20898,0.796,1,0.0,0.0,False
2026-08-15T19:20,1786821590.9,fa287d30-44a9-48ef-90d6-5ab0a54eab15,Flatbush Ave and Atlantic Ave,car,40,51,2040,0.784,1,0.0,0.0,False
2026-08-15T19:20,1786821590.9,fa287d30-44a9-48ef-90d6-5ab0a54eab15,Flatbush Ave and Atlantic Ave,bus,128,163,20864,0.785,2,120.0,30.02,False
2026-08-15T19:20,1786821578.9,fa287d30-44a9-48ef-90d6-5ab0a54eab15,Flatbush Ave and Atlantic Ave,car,66,75,4950,0.88,11,116.6,2.8,False
2026-08-15T19:20,1786821578.9,fa287d30-44a9-48ef-90d6-5ab0a54eab15,Flatbush Ave and Atlantic Ave,car,144,117,16848,1.231,9,244.0,2.71,False
2026-08-15T19:20,1786821586.9,fa287d30-44a9-48ef-90d6-5ab0a54eab15,Flatbush Ave and Atlantic Ave,car,65,74,4810,0.878,5,107.3,10.08,True
2026-08-15T19:20,1786821588.9,fa287d30-44a9-48ef-90d6-5ab0a54eab15,Flatbush Ave and Atlantic Ave,car,47,38,1786,1.237,4,75.4,3.96,False
2026-08-15T19:20,1786821594.9,fa287d30-44a9-48ef-90d6-5ab0a54eab15,Flatbush Ave and Atlantic Ave,car,111,32,3552,3.469,1,0.0,0.0,False
2026-08-15T19:20,1786821594.9,fa287d30-44a9-48ef-90d6-5ab0a54eab15,Flatbush Ave and Atlantic Ave,car,49,50,2450,0.98,2,66.4,21.27,True
2026-08-15T19:20,1786821598.9,fa287d30-44a9-48ef-90d6-5ab0a54eab15,Flatbush Ave and Atlantic Ave,car,77,72,5544,1.069,1,0.0,0.0,False
2026-08-15T19:20,1786821598.9,fa287d30-44a9-48ef-90d6-5ab0a54eab15,Flatbush Ave and Atlantic Ave,car,40,47,1880,0.851,1,0.0,0.0,False
2026-08-15T19:20,1786821598.9,fa287d30-44a9-48ef-90d6-5ab0a54eab15,Flatbush Ave and Atlantic Ave,car,135,99,13365,1.364,1,0.0,0.0,False
2026-08-15T19:20,1786821598.9,fa287d30-44a9-48ef-90d6-5ab0a54eab15,Flatbush Ave and Atlantic Ave,bus,233,111,25863,2.099,1,0.0,0.0,False
2026-08-15T19:20,1786821578.9,5f4bef40-ddee-41fa-a623-6388d561f416,C2-PE-01-Cntr_at_Caton_Ave-Ex6,car,185,116,21460,1.595,1,0.0,0.0,False
2026-08-15T19:20,1786821580.9,5f4bef40-ddee-41fa-a623-6388d561f416,C2-PE-01-Cntr_at_Caton_Ave-Ex6,car,301,294,88494,1.024,1,0.0,0.0,False
2026-08-15T19:20,1786821586.9,5f4bef40-ddee-41fa-a623-6388d561f416,C2-PE-01-Cntr_at_Caton_Ave-Ex6,car,203,248,50344,0.819,1,0.0,0.0,False
2026-08-15T19:20,1786821586.9,5f4bef40-ddee-41fa-a623-6388d561f416,C2-PE-01-Cntr_at_Caton_Ave-Ex6,car,113,55,6215,2.055,1,0.0,0.0,False
2026-08-15T19:20,1786821586.9,5f4bef40-ddee-41fa-a623-6388d561f416,C2-PE-01-Cntr_at_Caton_Ave-Ex6,car,134,109,14606,1.229,2,320.9,44.43,False
2026-08-15T19:20,1786821588.9,5f4bef40-ddee-41fa-a623-6388d561f416,C2-PE-01-Cntr_at_Caton_Ave-Ex6,car,217,169,36673,1.284,1,0.0,0.0,False
2026-08-15T19:20,1786821588.9,5f4bef40-ddee-41fa-a623-6388d561f416,C2-PE-01-Cntr_at_Caton_Ave-Ex6,car,181,137,24797,1.321,1,0.0,0.0,False
2026-08-15T19:20,1786821588.9,5f4bef40-ddee-41fa-a623-6388d561f416,C2-PE-01-Cntr_at_Caton_Ave-Ex6,car,169,148,25012,1.142,1,0.0,0.0,False
2026-08-15T19:20,1786821588.9,5f4bef40-ddee-41fa-a623-6388d561f416,C2-PE-01-Cntr_at_Caton_Ave-Ex6,truck,274,228,62472,1.202,1,0.0,0.0,False
2026-08-15T19:20,1786821590.9,5f4bef40-ddee-41fa-a623-6388d561f416,C2-PE-01-Cntr_at_Caton_Ave-Ex6,car,708,688,487104,1.029,1,0.0,0.0,False
2026-08-15T19:20,1786821590.9,5f4bef40-ddee-41fa-a623-6388d561f416,C2-PE-01-Cntr_at_Caton_Ave-Ex6,car,127,105,13335,1.21,1,0.0,0.0,False
2026-08-15T19:20,1786821588.9,5f4bef40-ddee-41fa-a623-6388d561f416,C2-PE-01-Cntr_at_Caton_Ave-Ex6,car,110,93,10230,1.183,2,95.2,49.7,True
2026-08-15T19:20,1786821592.9,5f4bef40-ddee-41fa-a623-6388d561f416,C2-PE-01-Cntr_at_Caton_Ave-Ex6,car,444,339,150516,1.31,1,0.0,0.0,False
2026-08-15T19:20,1786821594.9,5f4bef40-ddee-41fa-a623-6388d561f416,C2-PE-01-Cntr_at_Caton_Ave-Ex6,car,545,383,208735,1.423,1,0.0,0.0,False
2026-08-15T19:20,1786821594.9,5f4bef40-ddee-41fa-a623-6388d561f416,C2-PE-01-Cntr_at_Caton_Ave-Ex6,car,119,128,15232,0.93,1,0.0,0.0,False
2026-08-15T19:20,1786821596.9,5f4bef40-ddee-41fa-a623-6388d561f416,C2-PE-01-Cntr_at_Caton_Ave-Ex6,car,218,183,39894,1.191,1,0.0,0.0,False
2026-08-15T19:20,1786821596.9,5f4bef40-ddee-41fa-a623-6388d561f416,C2-PE-01-Cntr_at_Caton_Ave-Ex6,car,135,105,14175,1.286,2,190.3,11.18,False
2026-08-15T19:20,1786821596.9,5f4bef40-ddee-41fa-a623-6388d561f416,C2-PE-01-Cntr_at_Caton_Ave-Ex6,car,93,64,5952,1.453,1,0.0,0.0,False
2026-08-15T19:20,1786821596.9,5f4bef40-ddee-41fa-a623-6388d561f416,C2-PE-01-Cntr_at_Caton_Ave-Ex6,car,117,88,10296,1.33,1,0.0,0.0,False
2026-08-15T19:20,1786821598.9,5f4bef40-ddee-41fa-a623-6388d561f416,C2-PE-01-Cntr_at_Caton_Ave-Ex6,car,266,275,73150,0.967,1,0.0,0.0,False
2026-08-15T19:20,1786821598.9,5f4bef40-ddee-41fa-a623-6388d561f416,C2-PE-01-Cntr_at_Caton_Ave-Ex6,car,508,402,204216,1.264,1,0.0,0.0,False
2026-08-15T19:20,1786821598.9,5f4bef40-ddee-41fa-a623-6388d561f416,C2-PE-01-Cntr_at_Caton_Ave-Ex6,car,101,70,7070,1.443,1,0.0,0.0,False
2026-08-15T19:20,1786821598.9,5f4bef40-ddee-41fa-a623-6388d561f416,C2-PE-01-Cntr_at_Caton_Ave-Ex6,car,171,114,19494,1.5,1,0.0,0.0,False
2026-08-15T19:20,1786821598.9,5f4bef40-ddee-41fa-a623-6388d561f416,C2-PE-01-Cntr_at_Caton_Ave-Ex6,car,162,119,19278,1.361,1,0.0,0.0,False
2026-08-15T19:20,1786821584.9,9955d671-39ad-4fb7-b63e-4e78cf6ac157,Flatbush Ave and 4 Ave,truck,49,91,4459,0.538,1,0.0,0.0,False
2026-08-15T19:20,1786821584.9,9955d671-39ad-4fb7-b63e-4e78cf6ac157,Flatbush Ave and 4 Ave,truck,38,46,1748,0.826,2,49.9,12.42,False
2026-08-15T19:20,1786821586.9,9955d671-39ad-4fb7-b63e-4e78cf6ac157,Flatbush Ave and 4 Ave,car,89,67,5963,1.328,1,0.0,0.0,False
2026-08-15T19:20,1786821586.9,9955d671-39ad-4fb7-b63e-4e78cf6ac157,Flatbush Ave and 4 Ave,car,26,25,650,1.04,1,0.0,0.0,False
2026-08-15T19:20,1786821580.9,9955d671-39ad-4fb7-b63e-4e78cf6ac157,Flatbush Ave and 4 Ave,car,43,42,1806,1.024,4,19.3,3.53,False
2026-08-15T19:20,1786821588.9,9955d671-39ad-4fb7-b63e-4e78cf6ac157,Flatbush Ave and 4 Ave,truck,17,28,476,0.607,1,0.0,0.0,False
2026-08-15T19:20,1786821578.9,9955d671-39ad-4fb7-b63e-4e78cf6ac157,Flatbush Ave and 4 Ave,truck,51,65,3315,0.785,7,66.8,1.9,False
2026-08-15T19:20,1786821590.9,9955d671-39ad-4fb7-b63e-4e78cf6ac157,Flatbush Ave and 4 Ave,bus,304,232,70528,1.31,1,0.0,0.0,False
2026-08-15T19:20,1786821590.9,9955d671-39ad-4fb7-b63e-4e78cf6ac157,Flatbush Ave and 4 Ave,car,66,66,4356,1.0,1,0.0,0.0,False
2026-08-15T19:20,1786821590.9,9955d671-39ad-4fb7-b63e-4e78cf6ac157,Flatbush Ave and 4 Ave,truck,78,107,8346,0.729,1,0.0,0.0,False
2026-08-15T19:20,1786821590.9,9955d671-39ad-4fb7-b63e-4e78cf6ac157,Flatbush Ave and 4 Ave,truck,64,60,3840,1.067,1,0.0,0.0,False
2026-08-15T19:20,1786821590.9,9955d671-39ad-4fb7-b63e-4e78cf6ac157,Flatbush Ave and 4 Ave,truck,71,118,8378,0.602,1,0.0,0.0,False
2026-08-15T19:20,1786821590.9,9955d671-39ad-4fb7-b63e-4e78cf6ac157,Flatbush Ave and 4 Ave,truck,34,35,1190,0.971,1,0.0,0.0,False
2026-08-15T19:20,1786821590.9,9955d671-39ad-4fb7-b63e-4e78cf6ac157,Flatbush Ave and 4 Ave,car,33,34,1122,0.971,1,0.0,0.0,False
2026-08-15T19:20,1786821590.9,9955d671-39ad-4fb7-b63e-4e78cf6ac157,Flatbush Ave and 4 Ave,car,35,17,595,2.059,1,0.0,0.0,False
2026-08-15T19:20,1786821588.9,9955d671-39ad-4fb7-b63e-4e78cf6ac157,Flatbush Ave and 4 Ave,car,132,92,12144,1.435,2,222.9,38.21,False
2026-08-15T19:20,1786821592.9,9955d671-39ad-4fb7-b63e-4e78cf6ac157,Flatbush Ave and 4 Ave,car,129,155,19995,0.832,1,0.0,0.0,False
2026-08-15T19:20,1786821592.9,9955d671-39ad-4fb7-b63e-4e78cf6ac157,Flatbush Ave and 4 Ave,car,132,91,12012,1.451,1,0.0,0.0,False
2026-08-15T19:20,1786821592.9,9955d671-39ad-4fb7-b63e-4e78cf6ac157,Flatbush Ave and 4 Ave,truck,344,283,97352,1.216,1,0.0,0.0,False
2026-08-15T19:20,1786821592.9,9955d671-39ad-4fb7-b63e-4e78cf6ac157,Flatbush Ave and 4 Ave,car,40,29,1160,1.379,1,0.0,0.0,False
2026-08-15T19:20,1786821592.9,9955d671-39ad-4fb7-b63e-4e78cf6ac157,Flatbush Ave and 4 Ave,truck,37,40,1480,0.925,1,0.0,0.0,False
2026-08-15T19:20,1786821578.9,9955d671-39ad-4fb7-b63e-4e78cf6ac157,Flatbush Ave and 4 Ave,truck,48,41,1968,1.171,6,214.0,5.91,True
2026-08-15T19:20,1786821580.9,9955d671-39ad-4fb7-b63e-4e78cf6ac157,Flatbush Ave and 4 Ave,truck,172,193,33196,0.891,7,40.8,11.23,False
2026-08-15T19:20,1786821588.9,9955d671-39ad-4fb7-b63e-4e78cf6ac157,Flatbush Ave and 4 Ave,car,114,78,8892,1.462,4,42.7,14.51,False
2026-08-15T19:20,1786821592.9,9955d671-39ad-4fb7-b63e-4e78cf6ac157,Flatbush Ave and 4 Ave,truck,42,58,2436,0.724,2,7.9,14.64,False
2026-08-15T19:20,1786821592.9,9955d671-39ad-4fb7-b63e-4e78cf6ac157,Flatbush Ave and 4 Ave,car,38,24,912,1.583,2,16.9,12.02,False
2026-08-15T19:20,1786821594.9,9955d671-39ad-4fb7-b63e-4e78cf6ac157,Flatbush Ave and 4 Ave,truck,57,93,5301,0.613,2,94.9,40.65,True
2026-08-15T19:20,1786821596.9,9955d671-39ad-4fb7-b63e-4e78cf6ac157,Flatbush Ave and 4 Ave,car,19,20,380,0.95,1,0.0,0.0,False
2026-08-15T19:20,1786821596.9,9955d671-39ad-4fb7-b63e-4e78cf6ac157,Flatbush Ave and 4 Ave,car,38,90,3420,0.422,1,0.0,0.0,False
2026-08-15T19:20,1786821596.9,9955d671-39ad-4fb7-b63e-4e78cf6ac157,Flatbush Ave and 4 Ave,truck,87,214,18618,0.407,2,78.4,17.36,False
2026-08-15T19:20,1786821578.9,2293205b-2b15-44da-8220-6833a13c5a80,Ocean Pkwy @ Church Ave,car,115,77,8855,1.494,2,195.8,78.98,True
2026-08-15T19:20,1786821580.9,2293205b-2b15-44da-8220-6833a13c5a80,Ocean Pkwy @ Church Ave,truck,74,63,4662,1.175,4,153.4,8.2,False
2026-08-15T19:20,1786821578.9,2293205b-2b15-44da-8220-6833a13c5a80,Ocean Pkwy @ Church Ave,car,147,156,22932,0.942,5,35.0,7.63,False
2026-08-15T19:20,1786821588.9,2293205b-2b15-44da-8220-6833a13c5a80,Ocean Pkwy @ Church Ave,car,48,75,3600,0.64,1,0.0,0.0,False
2026-08-15T19:20,1786821588.9,2293205b-2b15-44da-8220-6833a13c5a80,Ocean Pkwy @ Church Ave,car,57,41,2337,1.39,1,0.0,0.0,False
2026-08-15T19:20,1786821588.9,2293205b-2b15-44da-8220-6833a13c5a80,Ocean Pkwy @ Church Ave,car,59,73,4307,0.808,1,0.0,0.0,False
2026-08-15T19:20,1786821578.9,2293205b-2b15-44da-8220-6833a13c5a80,Ocean Pkwy @ Church Ave,truck,94,89,8366,1.056,5,134.2,6.63,False
2026-08-15T19:20,1786821590.9,2293205b-2b15-44da-8220-6833a13c5a80,Ocean Pkwy @ Church Ave,truck,41,53,2173,0.774,1,0.0,0.0,False
2026-08-15T19:20,1786821590.9,2293205b-2b15-44da-8220-6833a13c5a80,Ocean Pkwy @ Church Ave,car,97,90,8730,1.078,1,0.0,0.0,False
2026-08-15T19:20,1786821578.9,2293205b-2b15-44da-8220-6833a13c5a80,Ocean Pkwy @ Church Ave,car,144,121,17424,1.19,7,75.4,16.88,True
2026-08-15T19:20,1786821588.9,2293205b-2b15-44da-8220-6833a13c5a80,Ocean Pkwy @ Church Ave,car,86,82,7052,1.049,2,302.0,23.58,False
2026-08-15T19:20,1786821590.9,2293205b-2b15-44da-8220-6833a13c5a80,Ocean Pkwy @ Church Ave,car,128,147,18816,0.871,3,180.0,4.75,False
2026-08-15T19:20,1786821592.9,2293205b-2b15-44da-8220-6833a13c5a80,Ocean Pkwy @ Church Ave,car,38,36,1368,1.056,1,0.0,0.0,False
2026-08-15T19:20,1786821592.9,2293205b-2b15-44da-8220-6833a13c5a80,Ocean Pkwy @ Church Ave,car,40,46,1840,0.87,2,121.0,2.92,False
2026-08-15T19:20,1786821592.9,2293205b-2b15-44da-8220-6833a13c5a80,Ocean Pkwy @ Church Ave,car,33,34,1122,0.971,1,0.0,0.0,False
2026-08-15T19:20,1786821592.9,2293205b-2b15-44da-8220-6833a13c5a80,Ocean Pkwy @ Church Ave,car,27,20,540,1.35,2,45.0,11.31,True
2026-08-15T19:20,1786821594.9,2293205b-2b15-44da-8220-6833a13c5a80,Ocean Pkwy @ Church Ave,car,99,116,11484,0.853,1,0.0,0.0,False
2026-08-15T19:20,1786821594.9,2293205b-2b15-44da-8220-6833a13c5a80,Ocean Pkwy @ Church Ave,bus,46,71,3266,0.648,1,0.0,0.0,False
2026-08-15T19:20,1786821594.9,2293205b-2b15-44da-8220-6833a13c5a80,Ocean Pkwy @ Church Ave,car,58,48,2784,1.208,2,60.3,4.03,False
2026-08-15T19:20,1786821594.9,2293205b-2b15-44da-8220-6833a13c5a80,Ocean Pkwy @ Church Ave,truck,144,119,17136,1.21,2,160.4,38.75,False
2026-08-15T19:20,1786821594.9,2293205b-2b15-44da-8220-6833a13c5a80,Ocean Pkwy @ Church Ave,car,101,80,8080,1.262,2,154.1,37.79,False
2026-08-15T19:20,1786821594.9,2293205b-2b15-44da-8220-6833a13c5a80,Ocean Pkwy @ Church Ave,car,50,42,2100,1.19,2,11.3,12.75,False
2026-08-15T19:20,1786821596.9,2293205b-2b15-44da-8220-6833a13c5a80,Ocean Pkwy @ Church Ave,car,55,60,3300,0.917,1,0.0,0.0,False
2026-08-15T19:20,1786821596.9,2293205b-2b15-44da-8220-6833a13c5a80,Ocean Pkwy @ Church Ave,car,37,41,1517,0.902,1,0.0,0.0,False
2026-08-15T19:20,1786821578.9,3c079db6-117c-4e79-94ed-5178c1517091,Prospect Expwy @ Prospect Park W @ 19 St,truck,66,61,4026,1.082,1,0.0,0.0,False
2026-08-15T19:20,1786821578.9,3c079db6-117c-4e79-94ed-5178c1517091,Prospect Expwy @ Prospect Park W @ 19 St,car,55,54,2970,1.019,1,0.0,0.0,False
2026-08-15T19:20,1786821578.9,3c079db6-117c-4e79-94ed-5178c1517091,Prospect Expwy @ Prospect Park W @ 19 St,truck,57,54,3078,1.056,1,0.0,0.0,False
2026-08-15T19:20,1786821578.9,3c079db6-117c-4e79-94ed-5178c1517091,Prospect Expwy @ Prospect Park W @ 19 St,truck,38,36,1368,1.056,1,0.0,0.0,False
2026-08-15T19:20,1786821578.9,3c079db6-117c-4e79-94ed-5178c1517091,Prospect Expwy @ Prospect Park W @ 19 St,car,37,40,1480,0.925,1,0.0,0.0,False
2026-08-15T19:20,1786821578.9,3c079db6-117c-4e79-94ed-5178c1517091,Prospect Expwy @ Prospect Park W @ 19 St,car,11,57,627,0.193,1,0.0,0.0,False
2026-08-15T19:20,1786821578.9,3c079db6-117c-4e79-94ed-5178c1517091,Prospect Expwy @ Prospect Park W @ 19 St,car,27,27,729,1.0,1,0.0,0.0,False
2026-08-15T19:20,1786821578.9,3c079db6-117c-4e79-94ed-5178c1517091,Prospect Expwy @ Prospect Park W @ 19 St,truck,72,60,4320,1.2,2,124.1,35.64,True
2026-08-15T19:20,1786821578.9,3c079db6-117c-4e79-94ed-5178c1517091,Prospect Expwy @ Prospect Park W @ 19 St,car,40,25,1000,1.6,2,352.9,4.03,False
2026-08-15T19:20,1786821580.9,3c079db6-117c-4e79-94ed-5178c1517091,Prospect Expwy @ Prospect Park W @ 19 St,car,74,59,4366,1.254,1,0.0,0.0,False
2026-08-15T19:20,1786821580.9,3c079db6-117c-4e79-94ed-5178c1517091,Prospect Expwy @ Prospect Park W @ 19 St,truck,64,50,3200,1.28,1,0.0,0.0,False
2026-08-15T19:20,1786821580.9,3c079db6-117c-4e79-94ed-5178c1517091,Prospect Expwy @ Prospect Park W @ 19 St,truck,50,50,2500,1.0,1,0.0,0.0,False
2026-08-15T19:20,1786821578.9,3c079db6-117c-4e79-94ed-5178c1517091,Prospect Expwy @ Prospect Park W @ 19 St,truck,39,37,1443,1.054,3,248.7,4.83,False
2026-08-15T19:20,1786821578.9,3c079db6-117c-4e79-94ed-5178c1517091,Prospect Expwy @ Prospect Park W @ 19 St,truck,46,48,2208,0.958,2,209.7,4.03,False
2026-08-15T19:20,1786821580.9,3c079db6-117c-4e79-94ed-5178c1517091,Prospect Expwy @ Prospect Park W @ 19 St,car,55,47,2585,1.17,2,270.0,10.5,False
2026-08-15T19:20,1786821580.9,3c079db6-117c-4e79-94ed-5178c1517091,Prospect Expwy @ Prospect Park W @ 19 St,truck,80,61,4880,1.311,2,357.1,10.01,False
2026-08-15T19:20,1786821580.9,3c079db6-117c-4e79-94ed-5178c1517091,Prospect Expwy @ Prospect Park W @ 19 St,truck,36,34,1224,1.059,2,183.3,17.53,True
2026-08-15T19:20,1786821580.9,3c079db6-117c-4e79-94ed-5178c1517091,Prospect Expwy @ Prospect Park W @ 19 St,car,48,47,2256,1.021,2,0.0,16.5,False
2026-08-15T19:20,1786821582.9,3c079db6-117c-4e79-94ed-5178c1517091,Prospect Expwy @ Prospect Park W @ 19 St,truck,49,42,2058,1.167,1,0.0,0.0,False
2026-08-15T19:20,1786821582.9,3c079db6-117c-4e79-94ed-5178c1517091,Prospect Expwy @ Prospect Park W @ 19 St,car,54,49,2646,1.102,1,0.0,0.0,False
2026-08-15T19:20,1786821582.9,3c079db6-117c-4e79-94ed-5178c1517091,Prospect Expwy @ Prospect Park W @ 19 St,car,78,61,4758,1.279,1,0.0,0.0,False
2026-08-15T19:20,1786821582.9,3c079db6-117c-4e79-94ed-5178c1517091,Prospect Expwy @ Prospect Park W @ 19 St,car,29,24,696,1.208,1,0.0,0.0,False
2026-08-15T19:20,1786821582.9,3c079db6-117c-4e79-94ed-5178c1517091,Prospect Expwy @ Prospect Park W @ 19 St,car,49,39,1911,1.256,1,0.0,0.0,False
2026-08-15T19:20,1786821582.9,3c079db6-117c-4e79-94ed-5178c1517091,Prospect Expwy @ Prospect Park W @ 19 St,car,36,34,1224,1.059,1,0.0,0.0,False
2026-08-15T19:20,1786821580.9,3c079db6-117c-4e79-94ed-5178c1517091,Prospect Expwy @ Prospect Park W @ 19 St,car,54,44,2376,1.227,3,303.7,17.13,True
2026-08-15T19:20,1786821584.9,3c079db6-117c-4e79-94ed-5178c1517091,Prospect Expwy @ Prospect Park W @ 19 St,car,30,24,720,1.25,1,0.0,0.0,False
2026-08-15T19:20,1786821584.9,3c079db6-117c-4e79-94ed-5178c1517091,Prospect Expwy @ Prospect Park W @ 19 St,truck,47,50,2350,0.94,1,0.0,0.0,False
2026-08-15T19:20,1786821584.9,3c079db6-117c-4e79-94ed-5178c1517091,Prospect Expwy @ Prospect Park W @ 19 St,car,47,49,2303,0.959,1,0.0,0.0,False
2026-08-15T19:20,1786821578.9,3c079db6-117c-4e79-94ed-5178c1517091,Prospect Expwy @ Prospect Park W @ 19 St,truck,49,51,2499,0.961,4,115.9,6.86,True
2026-08-15T19:20,1786821580.9,3c079db6-117c-4e79-94ed-5178c1517091,Prospect Expwy @ Prospect Park W @ 19 St,truck,53,48,2544,1.104,3,294.1,7.95,False
2026-08-15T19:20,1786821580.9,3c079db6-117c-4e79-94ed-5178c1517091,Prospect Expwy @ Prospect Park W @ 19 St,car,43,33,1419,1.303,5,328.6,9.37,True
2026-08-15T19:20,1786821580.9,3c079db6-117c-4e79-94ed-5178c1517091,Prospect Expwy @ Prospect Park W @ 19 St,car,79,60,4740,1.317,3,13.2,4.37,False
2026-08-15T19:20,1786821580.9,3c079db6-117c-4e79-94ed-5178c1517091,Prospect Expwy @ Prospect Park W @ 19 St,truck,86,67,5762,1.284,4,287.1,4.53,False
2026-08-15T19:20,1786821580.9,3c079db6-117c-4e79-94ed-5178c1517091,Prospect Expwy @ Prospect Park W @ 19 St,car,33,26,858,1.269,4,274.4,2.17,False
2026-08-15T19:20,1786821582.9,3c079db6-117c-4e79-94ed-5178c1517091,Prospect Expwy @ Prospect Park W @ 19 St,car,54,46,2484,1.174,3,301.7,9.99,False
2026-08-15T19:20,1786821582.9,3c079db6-117c-4e79-94ed-5178c1517091,Prospect Expwy @ Prospect Park W @ 19 St,truck,66,58,3828,1.138,4,142.5,27.1,True
2026-08-15T19:20,1786821584.9,3c079db6-117c-4e79-94ed-5178c1517091,Prospect Expwy @ Prospect Park W @ 19 St,truck,36,35,1260,1.029,2,328.7,13.46,False
2026-08-15T19:20,1786821586.9,3c079db6-117c-4e79-94ed-5178c1517091,Prospect Expwy @ Prospect Park W @ 19 St,car,12,55,660,0.218,1,0.0,0.0,False
2026-08-15T19:20,1786821586.9,3c079db6-117c-4e79-94ed-5178c1517091,Prospect Expwy @ Prospect Park W @ 19 St,car,65,50,3250,1.3,1,0.0,0.0,False
2026-08-15T19:20,1786821586.9,3c079db6-117c-4e79-94ed-5178c1517091,Prospect Expwy @ Prospect Park W @ 19 St,car,44,41,1804,1.073,2,267.7,12.51,False
2026-08-15T19:20,1786821586.9,3c079db6-117c-4e79-94ed-5178c1517091,Prospect Expwy @ Prospect Park W @ 19 St,car,55,46,2530,1.196,2,162.5,28.31,True
2026-08-15T19:20,1786821586.9,3c079db6-117c-4e79-94ed-5178c1517091,Prospect Expwy @ Prospect Park W @ 19 St,truck,72,66,4752,1.091,2,119.1,5.15,False
2026-08-15T19:20,1786821586.9,3c079db6-117c-4e79-94ed-5178c1517091,Prospect Expwy @ Prospect Park W @ 19 St,truck,75,60,4500,1.25,2,264.6,16.07,False
2026-08-15T19:20,1786821588.9,3c079db6-117c-4e79-94ed-5178c1517091,Prospect Expwy @ Prospect Park W @ 19 St,car,54,50,2700,1.08,1,0.0,0.0,False
2026-08-15T19:20,1786821588.9,3c079db6-117c-4e79-94ed-5178c1517091,Prospect Expwy @ Prospect Park W @ 19 St,car,42,35,1470,1.2,1,0.0,0.0,False
2026-08-15T19:20,1786821588.9,3c079db6-117c-4e79-94ed-5178c1517091,Prospect Expwy @ Prospect Park W @ 19 St,car,53,48,2544,1.104,1,0.0,0.0,False
2026-08-15T19:20,1786821588.9,3c079db6-117c-4e79-94ed-5178c1517091,Prospect Expwy @ Prospect Park W @ 19 St,car,52,38,1976,1.368,1,0.0,0.0,False
2026-08-15T19:20,1786821590.9,3c079db6-117c-4e79-94ed-5178c1517091,Prospect Expwy @ Prospect Park W @ 19 St,car,22,16,352,1.375,1,0.0,0.0,False
2026-08-15T19:20,1786821578.9,5a9ebe48-fb36-4de7-8666-f50de83c7941,Flatbush Ave @ Nostrand Ave,car,50,47,2350,1.064,1,0.0,0.0,False
2026-08-15T19:20,1786821578.9,5a9ebe48-fb36-4de7-8666-f50de83c7941,Flatbush Ave @ Nostrand Ave,car,61,59,3599,1.034,1,0.0,0.0,False
2026-08-15T19:20,1786821578.9,5a9ebe48-fb36-4de7-8666-f50de83c7941,Flatbush Ave @ Nostrand Ave,car,36,19,684,1.895,1,0.0,0.0,False
2026-08-15T19:20,1786821578.9,5a9ebe48-fb36-4de7-8666-f50de83c7941,Flatbush Ave @ Nostrand Ave,car,70,78,5460,0.897,2,300.3,6.95,False
2026-08-15T19:20,1786821580.9,5a9ebe48-fb36-4de7-8666-f50de83c7941,Flatbush Ave @ Nostrand Ave,car,89,94,8366,0.947,1,0.0,0.0,False
2026-08-15T19:20,1786821580.9,5a9ebe48-fb36-4de7-8666-f50de83c7941,Flatbush Ave @ Nostrand Ave,car,69,45,3105,1.533,1,0.0,0.0,False
2026-08-15T19:20,1786821580.9,5a9ebe48-fb36-4de7-8666-f50de83c7941,Flatbush Ave @ Nostrand Ave,truck,70,48,3360,1.458,1,0.0,0.0,False
2026-08-15T19:20,1786821582.9,5a9ebe48-fb36-4de7-8666-f50de83c7941,Flatbush Ave @ Nostrand Ave,car,29,23,667,1.261,1,0.0,0.0,False
2026-08-15T19:20,1786821582.9,5a9ebe48-fb36-4de7-8666-f50de83c7941,Flatbush Ave @ Nostrand Ave,car,19,14,266,1.357,1,0.0,0.0,False
2026-08-15T19:20,1786821582.9,5a9ebe48-fb36-4de7-8666-f50de83c7941,Flatbush Ave @ Nostrand Ave,car,17,12,204,1.417,1,0.0,0.0,False
2026-08-15T19:20,1786821582.9,5a9ebe48-fb36-4de7-8666-f50de83c7941,Flatbush Ave @ Nostrand Ave,car,46,28,1288,1.643,1,0.0,0.0,False
2026-08-15T19:20,1786821578.9,5a9ebe48-fb36-4de7-8666-f50de83c7941,Flatbush Ave @ Nostrand Ave,car,38,35,1330,1.086,4,323.1,0.83,False
2026-08-15T19:20,1786821580.9,5a9ebe48-fb36-4de7-8666-f50de83c7941,Flatbush Ave @ Nostrand Ave,car,43,45,1935,0.956,3,49.4,4.61,False
2026-08-15T19:20,1786821582.9,5a9ebe48-fb36-4de7-8666-f50de83c7941,Flatbush Ave @ Nostrand Ave,car,87,84,7308,1.036,2,123.4,24.55,False
2026-08-15T19:20,1786821584.9,5a9ebe48-fb36-4de7-8666-f50de83c7941,Flatbush Ave @ Nostrand Ave,car,40,29,1160,1.379,1,0.0,0.0,False
2026-08-15T19:20,1786821580.9,5a9ebe48-fb36-4de7-8666-f50de83c7941,Flatbush Ave @ Nostrand Ave,car,70,78,5460,0.897,3,10.4,9.66,False
2026-08-15T19:20,1786821582.9,5a9ebe48-fb36-4de7-8666-f50de83c7941,Flatbush Ave @ Nostrand Ave,car,70,83,5810,0.843,3,179.0,28.0,True
2026-08-15T19:20,1786821578.9,5a9ebe48-fb36-4de7-8666-f50de83c7941,Flatbush Ave @ Nostrand Ave,car,38,35,1330,1.086,4,243.4,5.59,True
2026-08-15T19:20,1786821588.9,5a9ebe48-fb36-4de7-8666-f50de83c7941,Flatbush Ave @ Nostrand Ave,car,66,60,3960,1.1,1,0.0,0.0,False
2026-08-15T19:20,1786821588.9,5a9ebe48-fb36-4de7-8666-f50de83c7941,Flatbush Ave @ Nostrand Ave,car,58,39,2262,1.487,1,0.0,0.0,False
2026-08-15T19:20,1786821588.9,5a9ebe48-fb36-4de7-8666-f50de83c7941,Flatbush Ave @ Nostrand Ave,car,38,30,1140,1.267,1,0.0,0.0,False
2026-08-15T19:20,1786821588.9,5a9ebe48-fb36-4de7-8666-f50de83c7941,Flatbush Ave @ Nostrand Ave,car,104,85,8840,1.224,1,0.0,0.0,False
2026-08-15T19:20,1786821588.9,5a9ebe48-fb36-4de7-8666-f50de83c7941,Flatbush Ave @ Nostrand Ave,car,51,34,1734,1.5,1,0.0,0.0,False
2026-08-15T19:20,1786821588.9,5a9ebe48-fb36-4de7-8666-f50de83c7941,Flatbush Ave @ Nostrand Ave,car,25,18,450,1.389,1,0.0,0.0,False
2026-08-15T19:20,1786821590.9,5a9ebe48-fb36-4de7-8666-f50de83c7941,Flatbush Ave @ Nostrand Ave,car,120,62,7440,1.935,1,0.0,0.0,False
2026-08-15T19:20,1786821590.9,5a9ebe48-fb36-4de7-8666-f50de83c7941,Flatbush Ave @ Nostrand Ave,car,16,13,208,1.231,1,0.0,0.0,False
2026-08-15T19:20,1786821590.9,5a9ebe48-fb36-4de7-8666-f50de83c7941,Flatbush Ave @ Nostrand Ave,car,20,41,820,0.488,1,0.0,0.0,False
2026-08-15T19:20,1786821590.9,5a9ebe48-fb36-4de7-8666-f50de83c7941,Flatbush Ave @ Nostrand Ave,car,21,15,315,1.4,1,0.0,0.0,False
2026-08-15T19:20,1786821592.9,5a9ebe48-fb36-4de7-8666-f50de83c7941,Flatbush Ave @ Nostrand Ave,car,37,25,925,1.48,1,0.0,0.0,False
2026-08-15T19:20,1786821578.9,5a9ebe48-fb36-4de7-8666-f50de83c7941,Flatbush Ave @ Nostrand Ave,car,60,51,3060,1.176,11,296.6,0.11,False
2026-08-15T19:20,1786821578.9,5a9ebe48-fb36-4de7-8666-f50de83c7941,Flatbush Ave @ Nostrand Ave,car,51,34,1734,1.5,10,7.1,0.45,False
2026-08-15T19:20,1786821582.9,5a9ebe48-fb36-4de7-8666-f50de83c7941,Flatbush Ave @ Nostrand Ave,car,63,47,2961,1.34,9,67.4,0.81,False
2026-08-15T19:20,1786821590.9,5a9ebe48-fb36-4de7-8666-f50de83c7941,Flatbush Ave @ Nostrand Ave,car,47,46,2162,1.022,5,235.0,3.05,False
2026-08-15T19:20,1786821590.9,5a9ebe48-fb36-4de7-8666-f50de83c7941,Flatbush Ave @ Nostrand Ave,car,34,29,986,1.172,2,246.8,7.62,False
2026-08-15T19:20,1786821590.9,5a9ebe48-fb36-4de7-8666-f50de83c7941,Flatbush Ave @ Nostrand Ave,car,69,63,4347,1.095,3,108.9,10.04,False
2026-08-15T19:20,1786821592.9,5a9ebe48-fb36-4de7-8666-f50de83c7941,Flatbush Ave @ Nostrand Ave,car,59,47,2773,1.255,3,103.3,9.76,False
2026-08-15T19:20,1786821594.9,5a9ebe48-fb36-4de7-8666-f50de83c7941,Flatbush Ave @ Nostrand Ave,car,80,100,8000,0.8,1,0.0,0.0,False
2026-08-15T19:20,1786821594.9,5a9ebe48-fb36-4de7-8666-f50de83c7941,Flatbush Ave @ Nostrand Ave,bus,89,76,6764,1.171,3,182.4,12.01,False
2026-08-15T19:20,1786821596.9,5a9ebe48-fb36-4de7-8666-f50de83c7941,Flatbush Ave @ Nostrand Ave,car,21,26,546,0.808,1,0.0,0.0,False
2026-08-15T19:20,1786821596.9,5a9ebe48-fb36-4de7-8666-f50de83c7941,Flatbush Ave @ Nostrand Ave,car,53,46,2438,1.152,1,0.0,0.0,False
2026-08-15T19:20,1786821596.9,5a9ebe48-fb36-4de7-8666-f50de83c7941,Flatbush Ave @ Nostrand Ave,car,80,48,3840,1.667,1,0.0,0.0,False
2026-08-15T19:20,1786821596.9,5a9ebe48-fb36-4de7-8666-f50de83c7941,Flatbush Ave @ Nostrand Ave,car,128,85,10880,1.506,1,0.0,0.0,False
2026-08-15T19:20,1786821598.9,5a9ebe48-fb36-4de7-8666-f50de83c7941,Flatbush Ave @ Nostrand Ave,car,39,45,1755,0.867,1,0.0,0.0,False
2026-08-15T19:20,1786821598.9,5a9ebe48-fb36-4de7-8666-f50de83c7941,Flatbush Ave @ Nostrand Ave,car,35,28,980,1.25,1,0.0,0.0,False
2026-08-15T19:20,1786821598.9,5a9ebe48-fb36-4de7-8666-f50de83c7941,Flatbush Ave @ Nostrand Ave,car,22,13,286,1.692,1,0.0,0.0,False
2026-08-15T19:20,1786821578.9,88895623-f6fa-4509-a927-8eae076725da,Ft. Hamilton Pkwy @ McDonald Ave,car,143,144,20592,0.993,1,0.0,0.0,False
2026-08-15T19:20,1786821578.9,88895623-f6fa-4509-a927-8eae076725da,Ft. Hamilton Pkwy @ McDonald Ave,car,63,47,2961,1.34,2,168.7,5.1,False
2026-08-15T19:20,1786821580.9,88895623-f6fa-4509-a927-8eae076725da,Ft. Hamilton Pkwy @ McDonald Ave,car,139,107,14873,1.299,1,0.0,0.0,False
2026-08-15T19:20,1786821578.9,88895623-f6fa-4509-a927-8eae076725da,Ft. Hamilton Pkwy @ McDonald Ave,truck,99,79,7821,1.253,3,142.4,12.3,False
2026-08-15T19:20,1786821578.9,88895623-f6fa-4509-a927-8eae076725da,Ft. Hamilton Pkwy @ McDonald Ave,bus,86,92,7912,0.935,2,138.0,26.91,False
2026-08-15T19:20,1786821578.9,88895623-f6fa-4509-a927-8eae076725da,Ft. Hamilton Pkwy @ McDonald Ave,truck,88,92,8096,0.957,3,138.0,13.45,False
2026-08-15T19:20,1786821582.9,88895623-f6fa-4509-a927-8eae076725da,Ft. Hamilton Pkwy @ McDonald Ave,car,67,54,3618,1.241,1,0.0,0.0,False
2026-08-15T19:20,1786821582.9,88895623-f6fa-4509-a927-8eae076725da,Ft. Hamilton Pkwy @ McDonald Ave,car,150,52,7800,2.885,1,0.0,0.0,False
2026-08-15T19:20,1786821582.9,88895623-f6fa-4509-a927-8eae076725da,Ft. Hamilton Pkwy @ McDonald Ave,car,41,44,1804,0.932,1,0.0,0.0,False
2026-08-15T19:20,1786821582.9,88895623-f6fa-4509-a927-8eae076725da,Ft. Hamilton Pkwy @ McDonald Ave,truck,153,134,20502,1.142,1,0.0,0.0,False
2026-08-15T19:20,1786821578.9,88895623-f6fa-4509-a927-8eae076725da,Ft. Hamilton Pkwy @ McDonald Ave,car,216,213,46008,1.014,3,194.3,13.16,False
2026-08-15T19:20,1786821584.9,88895623-f6fa-4509-a927-8eae076725da,Ft. Hamilton Pkwy @ McDonald Ave,car,33,32,1056,1.031,1,0.0,0.0,False
2026-08-15T19:20,1786821584.9,88895623-f6fa-4509-a927-8eae076725da,Ft. Hamilton Pkwy @ McDonald Ave,bus,216,214,46224,1.009,1,0.0,0.0,False
2026-08-15T19:20,1786821584.9,88895623-f6fa-4509-a927-8eae076725da,Ft. Hamilton Pkwy @ McDonald Ave,car,27,32,864,0.844,1,0.0,0.0,False
2026-08-15T19:20,1786821584.9,88895623-f6fa-4509-a927-8eae076725da,Ft. Hamilton Pkwy @ McDonald Ave,truck,30,34,1020,0.882,1,0.0,0.0,False
2026-08-15T19:20,1786821578.9,88895623-f6fa-4509-a927-8eae076725da,Ft. Hamilton Pkwy @ McDonald Ave,car,257,197,50629,1.305,5,130.7,14.18,False
2026-08-15T19:20,1786821582.9,88895623-f6fa-4509-a927-8eae076725da,Ft. Hamilton Pkwy @ McDonald Ave,truck,125,92,11500,1.359,3,146.3,24.34,False
2026-08-15T19:20,1786821590.9,88895623-f6fa-4509-a927-8eae076725da,Ft. Hamilton Pkwy @ McDonald Ave,car,98,77,7546,1.273,1,0.0,0.0,False
2026-08-15T19:20,1786821578.9,88895623-f6fa-4509-a927-8eae076725da,Ft. Hamilton Pkwy @ McDonald Ave,car,37,27,999,1.37,7,0.0,0.0,False
2026-08-15T19:20,1786821592.9,88895623-f6fa-4509-a927-8eae076725da,Ft. Hamilton Pkwy @ McDonald Ave,car,66,57,3762,1.158,1,0.0,0.0,False
2026-08-15T19:20,1786821592.9,88895623-f6fa-4509-a927-8eae076725da,Ft. Hamilton Pkwy @ McDonald Ave,car,41,36,1476,1.139,1,0.0,0.0,False
2026-08-15T19:20,1786821592.9,88895623-f6fa-4509-a927-8eae076725da,Ft. Hamilton Pkwy @ McDonald Ave,car,28,24,672,1.167,1,0.0,0.0,False
2026-08-15T19:20,1786821578.9,88895623-f6fa-4509-a927-8eae076725da,Ft. Hamilton Pkwy @ McDonald Ave,car,65,61,3965,1.066,11,346.0,0.21,False
2026-08-15T19:20,1786821594.9,88895623-f6fa-4509-a927-8eae076725da,Ft. Hamilton Pkwy @ McDonald Ave,car,36,27,972,1.333,1,0.0,0.0,False
2026-08-15T19:20,1786821594.9,88895623-f6fa-4509-a927-8eae076725da,Ft. Hamilton Pkwy @ McDonald Ave,car,49,31,1519,1.581,1,0.0,0.0,False
2026-08-15T19:20,1786821594.9,88895623-f6fa-4509-a927-8eae076725da,Ft. Hamilton Pkwy @ McDonald Ave,car,17,15,255,1.133,1,0.0,0.0,False
2026-08-15T19:20,1786821596.9,88895623-f6fa-4509-a927-8eae076725da,Ft. Hamilton Pkwy @ McDonald Ave,car,188,83,15604,2.265,1,0.0,0.0,False
2026-08-15T19:20,1786821596.9,88895623-f6fa-4509-a927-8eae076725da,Ft. Hamilton Pkwy @ McDonald Ave,truck,221,85,18785,2.6,1,0.0,0.0,False
2026-08-15T19:20,1786821578.9,0bbea8bd-10f1-4126-b3c5-9e9432eab749,Atlantic Ave @ Pennsylvania Ave,car,57,29,1653,1.966,1,0.0,0.0,False
2026-08-15T19:20,1786821578.9,0bbea8bd-10f1-4126-b3c5-9e9432eab749,Atlantic Ave @ Pennsylvania Ave,car,55,17,935,3.235,1,0.0,0.0,False
2026-08-15T19:20,1786821578.9,0bbea8bd-10f1-4126-b3c5-9e9432eab749,Atlantic Ave @ Pennsylvania Ave,car,52,26,1352,2.0,2,47.4,16.99,False
2026-08-15T19:20,1786821578.9,0bbea8bd-10f1-4126-b3c5-9e9432eab749,Atlantic Ave @ Pennsylvania Ave,car,24,19,456,1.263,2,243.4,1.12,False
2026-08-15T19:20,1786821580.9,0bbea8bd-10f1-4126-b3c5-9e9432eab749,Atlantic Ave @ Pennsylvania Ave,car,86,74,6364,1.162,1,0.0,0.0,False
2026-08-15T19:20,1786821580.9,0bbea8bd-10f1-4126-b3c5-9e9432eab749,Atlantic Ave @ Pennsylvania Ave,car,58,32,1856,1.812,1,0.0,0.0,False
2026-08-15T19:20,1786821580.9,0bbea8bd-10f1-4126-b3c5-9e9432eab749,Atlantic Ave @ Pennsylvania Ave,car,16,15,240,1.067,1,0.0,0.0,False
2026-08-15T19:20,1786821580.9,0bbea8bd-10f1-4126-b3c5-9e9432eab749,Atlantic Ave @ Pennsylvania Ave,car,37,26,962,1.423,1,0.0,0.0,False
2026-08-15T19:20,1786821582.9,0bbea8bd-10f1-4126-b3c5-9e9432eab749,Atlantic Ave @ Pennsylvania Ave,car,30,21,630,1.429,1,0.0,0.0,False
2026-08-15T19:20,1786821582.9,0bbea8bd-10f1-4126-b3c5-9e9432eab749,Atlantic Ave @ Pennsylvania Ave,car,36,30,1080,1.2,1,0.0,0.0,False
2026-08-15T19:20,1786821582.9,0bbea8bd-10f1-4126-b3c5-9e9432eab749,Atlantic Ave @ Pennsylvania Ave,car,51,31,1581,1.645,1,0.0,0.0,False
2026-08-15T19:20,1786821580.9,0bbea8bd-10f1-4126-b3c5-9e9432eab749,Atlantic Ave @ Pennsylvania Ave,car,79,65,5135,1.215,3,100.1,7.11,False
2026-08-15T19:20,1786821580.9,0bbea8bd-10f1-4126-b3c5-9e9432eab749,Atlantic Ave @ Pennsylvania Ave,car,187,157,29359,1.191,2,90.0,1.5,False
2026-08-15T19:20,1786821584.9,0bbea8bd-10f1-4126-b3c5-9e9432eab749,Atlantic Ave @ Pennsylvania Ave,car,188,158,29704,1.19,1,0.0,0.0,False
2026-08-15T19:20,1786821586.9,0bbea8bd-10f1-4126-b3c5-9e9432eab749,Atlantic Ave @ Pennsylvania Ave,car,27,17,459,1.588,1,0.0,0.0,False
2026-08-15T19:20,1786821588.9,0bbea8bd-10f1-4126-b3c5-9e9432eab749,Atlantic Ave @ Pennsylvania Ave,car,36,26,936,1.385,2,163.3,15.66,True
2026-08-15T19:20,1786821590.9,0bbea8bd-10f1-4126-b3c5-9e9432eab749,Atlantic Ave @ Pennsylvania Ave,car,82,42,3444,1.952,1,0.0,0.0,False
2026-08-15T19:20,1786821590.9,0bbea8bd-10f1-4126-b3c5-9e9432eab749,Atlantic Ave @ Pennsylvania Ave,car,27,21,567,1.286,1,0.0,0.0,False
2026-08-15T19:20,1786821590.9,0bbea8bd-10f1-4126-b3c5-9e9432eab749,Atlantic Ave @ Pennsylvania Ave,car,17,16,272,1.062,2,111.8,2.69,False
2026-08-15T19:20,1786821592.9,0bbea8bd-10f1-4126-b3c5-9e9432eab749,Atlantic Ave @ Pennsylvania Ave,car,153,158,24174,0.968,1,0.0,0.0,False
2026-08-15T19:20,1786821592.9,0bbea8bd-10f1-4126-b3c5-9e9432eab749,Atlantic Ave @ Pennsylvania Ave,car,39,18,702,2.167,1,0.0,0.0,False
2026-08-15T19:20,1786821592.9,0bbea8bd-10f1-4126-b3c5-9e9432eab749,Atlantic Ave @ Pennsylvania Ave,car,23,21,483,1.095,1,0.0,0.0,False
2026-08-15T19:20,1786821578.9,0bbea8bd-10f1-4126-b3c5-9e9432eab749,Atlantic Ave @ Pennsylvania Ave,car,97,61,5917,1.59,11,20.0,0.59,False
2026-08-15T19:20,1786821578.9,0bbea8bd-10f1-4126-b3c5-9e9432eab749,Atlantic Ave @ Pennsylvania Ave,car,186,159,29574,1.17,11,39.5,5.9,False
2026-08-15T19:20,1786821578.9,0bbea8bd-10f1-4126-b3c5-9e9432eab749,Atlantic Ave @ Pennsylvania Ave,car,31,30,930,1.033,10,116.6,0.12,False
2026-08-15T19:20,1786821578.9,0bbea8bd-10f1-4126-b3c5-9e9432eab749,Atlantic Ave @ Pennsylvania Ave,car,125,94,11750,1.33,10,26.6,0.12,False
2026-08-15T19:20,1786821578.9,0bbea8bd-10f1-4126-b3c5-9e9432eab749,Atlantic Ave @ Pennsylvania Ave,car,71,45,3195,1.578,8,259.3,2.69,False
2026-08-15T19:20,1786821586.9,0bbea8bd-10f1-4126-b3c5-9e9432eab749,Atlantic Ave @ Pennsylvania Ave,car,65,32,2080,2.031,4,24.4,11.71,True
2026-08-15T19:20,1786821590.9,0bbea8bd-10f1-4126-b3c5-9e9432eab749,Atlantic Ave @ Pennsylvania Ave,car,77,49,3773,1.571,2,149.0,29.15,False
2026-08-15T19:20,1786821590.9,0bbea8bd-10f1-4126-b3c5-9e9432eab749,Atlantic Ave @ Pennsylvania Ave,car,68,46,3128,1.478,3,102.1,10.74,False
2026-08-15T19:20,1786821590.9,0bbea8bd-10f1-4126-b3c5-9e9432eab749,Atlantic Ave @ Pennsylvania Ave,car,104,63,6552,1.651,5,296.9,9.11,False
2026-08-15T19:20,1786821592.9,0bbea8bd-10f1-4126-b3c5-9e9432eab749,Atlantic Ave @ Pennsylvania Ave,car,173,109,18857,1.587,2,159.1,44.94,False
2026-08-15T19:20,1786821592.9,0bbea8bd-10f1-4126-b3c5-9e9432eab749,Atlantic Ave @ Pennsylvania Ave,car,46,34,1564,1.353,3,171.4,8.34,False
2026-08-15T19:20,1786821592.9,0bbea8bd-10f1-4126-b3c5-9e9432eab749,Atlantic Ave @ Pennsylvania Ave,car,35,23,805,1.522,2,270.0,0.5,False
2026-08-15T19:20,1786821592.9,0bbea8bd-10f1-4126-b3c5-9e9432eab749,Atlantic Ave @ Pennsylvania Ave,bus,186,153,28458,1.216,4,265.2,2.01,False
2026-08-15T19:20,1786821594.9,0bbea8bd-10f1-4126-b3c5-9e9432eab749,Atlantic Ave @ Pennsylvania Ave,car,78,51,3978,1.529,1,0.0,0.0,False
2026-08-15T19:20,1786821594.9,0bbea8bd-10f1-4126-b3c5-9e9432eab749,Atlantic Ave @ Pennsylvania Ave,car,108,74,7992,1.459,3,7.8,18.42,False
2026-08-15T19:20,1786821594.9,0bbea8bd-10f1-4126-b3c5-9e9432eab749,Atlantic Ave @ Pennsylvania Ave,truck,99,95,9405,1.042,1,0.0,0.0,False
2026-08-15T19:20,1786821594.9,0bbea8bd-10f1-4126-b3c5-9e9432eab749,Atlantic Ave @ Pennsylvania Ave,car,37,28,1036,1.321,1,0.0,0.0,False
2026-08-15T19:20,1786821594.9,0bbea8bd-10f1-4126-b3c5-9e9432eab749,Atlantic Ave @ Pennsylvania Ave,car,99,93,9207,1.065,1,0.0,0.0,False
2026-08-15T19:20,1786821596.9,0bbea8bd-10f1-4126-b3c5-9e9432eab749,Atlantic Ave @ Pennsylvania Ave,car,29,25,725,1.16,1,0.0,0.0,False
2026-08-15T19:20,1786821596.9,0bbea8bd-10f1-4126-b3c5-9e9432eab749,Atlantic Ave @ Pennsylvania Ave,car,64,61,3904,1.049,1,0.0,0.0,False
2026-08-15T19:20,1786821596.9,0bbea8bd-10f1-4126-b3c5-9e9432eab749,Atlantic Ave @ Pennsylvania Ave,car,69,60,4140,1.15,1,0.0,0.0,False
2026-08-15T19:20,1786821596.9,0bbea8bd-10f1-4126-b3c5-9e9432eab749,Atlantic Ave @ Pennsylvania Ave,car,23,16,368,1.438,2,198.4,3.16,False
2026-08-15T19:20,1786821596.9,0bbea8bd-10f1-4126-b3c5-9e9432eab749,Atlantic Ave @ Pennsylvania Ave,car,60,36,2160,1.667,1,0.0,0.0,False
2026-08-15T19:20,1786821596.9,0bbea8bd-10f1-4126-b3c5-9e9432eab749,Atlantic Ave @ Pennsylvania Ave,car,39,30,1170,1.3,1,0.0,0.0,False
2026-08-15T19:20,1786821598.9,0bbea8bd-10f1-4126-b3c5-9e9432eab749,Atlantic Ave @ Pennsylvania Ave,car,81,83,6723,0.976,1,0.0,0.0,False
2026-08-15T19:20,1786821598.9,0bbea8bd-10f1-4126-b3c5-9e9432eab749,Atlantic Ave @ Pennsylvania Ave,car,38,32,1216,1.188,1,0.0,0.0,False
2026-08-15T19:20,1786821598.9,0bbea8bd-10f1-4126-b3c5-9e9432eab749,Atlantic Ave @ Pennsylvania Ave,car,30,16,480,1.875,1,0.0,0.0,False
2026-08-15T19:20,1786821598.9,0bbea8bd-10f1-4126-b3c5-9e9432eab749,Atlantic Ave @ Pennsylvania Ave,car,61,31,1891,1.968,1,0.0,0.0,False
2026-08-15T19:20,1786821598.9,0bbea8bd-10f1-4126-b3c5-9e9432eab749,Atlantic Ave @ Pennsylvania Ave,car,26,13,338,2.0,1,0.0,0.0,False
2026-08-15T19:20,1786821598.9,0bbea8bd-10f1-4126-b3c5-9e9432eab749,Atlantic Ave @ Pennsylvania Ave,car,26,29,754,0.897,1,0.0,0.0,False
2026-08-15T19:20,1786821578.9,d401c83b-2f78-49dd-8974-14c819a992b2,C2-PE-05-Ctr_at_7th_Ave-Ex4,car,223,95,21185,2.347,1,0.0,0.0,False
2026-08-15T19:20,1786821578.9,d401c83b-2f78-49dd-8974-14c819a992b2,C2-PE-05-Ctr_at_7th_Ave-Ex4,car,56,52,2912,1.077,1,0.0,0.0,False
2026-08-15T19:20,1786821578.9,d401c83b-2f78-49dd-8974-14c819a992b2,C2-PE-05-Ctr_at_7th_Ave-Ex4,moto,106,95,10070,1.116,2,28.1,8.5,False
2026-08-15T19:20,1786821582.9,d401c83b-2f78-49dd-8974-14c819a992b2,C2-PE-05-Ctr_at_7th_Ave-Ex4,car,127,101,12827,1.257,1,0.0,0.0,False
2026-08-15T19:20,1786821582.9,d401c83b-2f78-49dd-8974-14c819a992b2,C2-PE-05-Ctr_at_7th_Ave-Ex4,car,58,44,2552,1.318,1,0.0,0.0,False
2026-08-15T19:20,1786821584.9,d401c83b-2f78-49dd-8974-14c819a992b2,C2-PE-05-Ctr_at_7th_Ave-Ex4,car,191,119,22729,1.605,1,0.0,0.0,False
2026-08-15T19:20,1786821588.9,d401c83b-2f78-49dd-8974-14c819a992b2,C2-PE-05-Ctr_at_7th_Ave-Ex4,car,148,64,9472,2.312,1,0.0,0.0,False
2026-08-15T19:20,1786821588.9,d401c83b-2f78-49dd-8974-14c819a992b2,C2-PE-05-Ctr_at_7th_Ave-Ex4,car,127,119,15113,1.067,1,0.0,0.0,False
2026-08-15T19:20,1786821586.9,d401c83b-2f78-49dd-8974-14c819a992b2,C2-PE-05-Ctr_at_7th_Ave-Ex4,car,61,55,3355,1.109,3,233.8,8.05,False
2026-08-15T19:20,1786821592.9,d401c83b-2f78-49dd-8974-14c819a992b2,C2-PE-05-Ctr_at_7th_Ave-Ex4,car,79,47,3713,1.681,1,0.0,0.0,False
2026-08-15T19:20,1786821590.9,d401c83b-2f78-49dd-8974-14c819a992b2,C2-PE-05-Ctr_at_7th_Ave-Ex4,car,133,146,19418,0.911,3,102.9,24.62,False
2026-08-15T19:20,1786821594.9,d401c83b-2f78-49dd-8974-14c819a992b2,C2-PE-05-Ctr_at_7th_Ave-Ex4,car,176,161,28336,1.093,1,0.0,0.0,False
2026-08-15T19:20,1786821594.9,d401c83b-2f78-49dd-8974-14c819a992b2,C2-PE-05-Ctr_at_7th_Ave-Ex4,car,138,95,13110,1.453,1,0.0,0.0,False
2026-08-15T19:20,1786821594.9,d401c83b-2f78-49dd-8974-14c819a992b2,C2-PE-05-Ctr_at_7th_Ave-Ex4,car,69,59,4071,1.169,2,36.0,6.8,False
2026-08-15T19:20,1786821594.9,d401c83b-2f78-49dd-8974-14c819a992b2,C2-PE-05-Ctr_at_7th_Ave-Ex4,truck,163,115,18745,1.417,2,235.2,56.04,False
2026-08-15T19:20,1786821594.9,d401c83b-2f78-49dd-8974-14c819a992b2,C2-PE-05-Ctr_at_7th_Ave-Ex4,car,163,118,19234,1.381,1,0.0,0.0,False
2026-08-15T19:20,1786821594.9,d401c83b-2f78-49dd-8974-14c819a992b2,C2-PE-05-Ctr_at_7th_Ave-Ex4,car,51,30,1530,1.7,1,0.0,0.0,False
2026-08-15T19:20,1786821596.9,d401c83b-2f78-49dd-8974-14c819a992b2,C2-PE-05-Ctr_at_7th_Ave-Ex4,car,111,91,10101,1.22,1,0.0,0.0,False
2026-08-15T19:20,1786821596.9,d401c83b-2f78-49dd-8974-14c819a992b2,C2-PE-05-Ctr_at_7th_Ave-Ex4,car,93,79,7347,1.177,1,0.0,0.0,False
2026-08-15T19:20,1786821596.9,d401c83b-2f78-49dd-8974-14c819a992b2,C2-PE-05-Ctr_at_7th_Ave-Ex4,car,146,85,12410,1.718,1,0.0,0.0,False
2026-08-15T19:20,1786821598.9,d401c83b-2f78-49dd-8974-14c819a992b2,C2-PE-05-Ctr_at_7th_Ave-Ex4,car,73,65,4745,1.123,1,0.0,0.0,False
2026-08-15T19:20,1786821580.9,40961631-fb83-4f48-8ffb-3385448d4e5f,7 Ave @ 18 St,car,39,34,1326,1.147,1,0.0,0.0,False
2026-08-15T19:20,1786821580.9,40961631-fb83-4f48-8ffb-3385448d4e5f,7 Ave @ 18 St,truck,86,52,4472,1.654,1,0.0,0.0,False
2026-08-15T19:20,1786821580.9,40961631-fb83-4f48-8ffb-3385448d4e5f,7 Ave @ 18 St,truck,60,43,2580,1.395,1,0.0,0.0,False
2026-08-15T19:20,1786821580.9,40961631-fb83-4f48-8ffb-3385448d4e5f,7 Ave @ 18 St,car,15,21,315,0.714,1,0.0,0.0,False
2026-08-15T19:20,1786821580.9,40961631-fb83-4f48-8ffb-3385448d4e5f,7 Ave @ 18 St,car,27,20,540,1.35,1,0.0,0.0,False
2026-08-15T19:20,1786821582.9,40961631-fb83-4f48-8ffb-3385448d4e5f,7 Ave @ 18 St,car,30,23,690,1.304,1,0.0,0.0,False
2026-08-15T19:20,1786821582.9,40961631-fb83-4f48-8ffb-3385448d4e5f,7 Ave @ 18 St,car,20,12,240,1.667,1,0.0,0.0,False
2026-08-15T19:20,1786821586.9,40961631-fb83-4f48-8ffb-3385448d4e5f,7 Ave @ 18 St,truck,66,50,3300,1.32,1,0.0,0.0,False
2026-08-15T19:20,1786821586.9,40961631-fb83-4f48-8ffb-3385448d4e5f,7 Ave @ 18 St,car,24,13,312,1.846,1,0.0,0.0,False
2026-08-15T19:20,1786821586.9,40961631-fb83-4f48-8ffb-3385448d4e5f,7 Ave @ 18 St,car,38,27,1026,1.407,1,0.0,0.0,False
2026-08-15T19:20,1786821588.9,40961631-fb83-4f48-8ffb-3385448d4e5f,7 Ave @ 18 St,truck,47,29,1363,1.621,1,0.0,0.0,False
2026-08-15T19:20,1786821588.9,40961631-fb83-4f48-8ffb-3385448d4e5f,7 Ave @ 18 St,truck,78,53,4134,1.472,1,0.0,0.0,False
2026-08-15T19:20,1786821588.9,40961631-fb83-4f48-8ffb-3385448d4e5f,7 Ave @ 18 St,car,47,29,1363,1.621,1,0.0,0.0,False
2026-08-15T19:20,1786821590.9,40961631-fb83-4f48-8ffb-3385448d4e5f,7 Ave @ 18 St,car,99,51,5049,1.941,1,0.0,0.0,False
2026-08-15T19:20,1786821590.9,40961631-fb83-4f48-8ffb-3385448d4e5f,7 Ave @ 18 St,truck,102,53,5406,1.925,1,0.0,0.0,False
2026-08-15T19:20,1786821592.9,40961631-fb83-4f48-8ffb-3385448d4e5f,7 Ave @ 18 St,car,34,20,680,1.7,2,22.2,11.88,False
2026-08-15T19:20,1786821592.9,40961631-fb83-4f48-8ffb-3385448d4e5f,7 Ave @ 18 St,truck,55,33,1815,1.667,2,211.0,8.75,False
2026-08-15T19:20,1786821592.9,40961631-fb83-4f48-8ffb-3385448d4e5f,7 Ave @ 18 St,truck,47,31,1457,1.516,1,0.0,0.0,False
2026-08-15T19:20,1786821592.9,40961631-fb83-4f48-8ffb-3385448d4e5f,7 Ave @ 18 St,truck,30,30,900,1.0,1,0.0,0.0,False
2026-08-15T19:20,1786821592.9,40961631-fb83-4f48-8ffb-3385448d4e5f,7 Ave @ 18 St,truck,49,31,1519,1.581,1,0.0,0.0,False
2026-08-15T19:20,1786821594.9,40961631-fb83-4f48-8ffb-3385448d4e5f,7 Ave @ 18 St,truck,51,27,1377,1.889,1,0.0,0.0,False
2026-08-15T19:20,1786821594.9,40961631-fb83-4f48-8ffb-3385448d4e5f,7 Ave @ 18 St,car,19,15,285,1.267,2,21.8,2.69,False
2026-08-15T19:20,1786821596.9,40961631-fb83-4f48-8ffb-3385448d4e5f,7 Ave @ 18 St,car,39,22,858,1.773,1,0.0,0.0,False
2026-08-15T19:20,1786821596.9,40961631-fb83-4f48-8ffb-3385448d4e5f,7 Ave @ 18 St,car,24,12,288,2.0,1,0.0,0.0,False
2026-08-15T19:20,1786821596.9,40961631-fb83-4f48-8ffb-3385448d4e5f,7 Ave @ 18 St,car,29,17,493,1.706,1,0.0,0.0,False
2026-08-15T19:20,1786821596.9,40961631-fb83-4f48-8ffb-3385448d4e5f,7 Ave @ 18 St,car,26,16,416,1.625,1,0.0,0.0,False
2026-08-15T19:20,1786821596.9,40961631-fb83-4f48-8ffb-3385448d4e5f,7 Ave @ 18 St,truck,38,22,836,1.727,1,0.0,0.0,False
2026-08-15T19:20,1786821596.9,40961631-fb83-4f48-8ffb-3385448d4e5f,7 Ave @ 18 St,car,18,16,288,1.125,1,0.0,0.0,False
2026-08-15T19:20,1786821596.9,40961631-fb83-4f48-8ffb-3385448d4e5f,7 Ave @ 18 St,car,76,38,2888,2.0,1,0.0,0.0,False
2026-08-15T19:20,1786821596.9,40961631-fb83-4f48-8ffb-3385448d4e5f,7 Ave @ 18 St,truck,75,38,2850,1.974,1,0.0,0.0,False
2026-08-15T19:20,1786821580.9,f801cf2f-cd02-4077-aa53-99ee8a00e1ab,3 Ave @ Atlantic Ave,car,32,26,832,1.231,1,0.0,0.0,False
2026-08-15T19:20,1786821580.9,f801cf2f-cd02-4077-aa53-99ee8a00e1ab,3 Ave @ Atlantic Ave,car,46,33,1518,1.394,1,0.0,0.0,False
2026-08-15T19:20,1786821580.9,f801cf2f-cd02-4077-aa53-99ee8a00e1ab,3 Ave @ Atlantic Ave,car,28,32,896,0.875,1,0.0,0.0,False
2026-08-15T19:20,1786821580.9,f801cf2f-cd02-4077-aa53-99ee8a00e1ab,3 Ave @ Atlantic Ave,car,23,19,437,1.211,1,0.0,0.0,False
2026-08-15T19:20,1786821580.9,f801cf2f-cd02-4077-aa53-99ee8a00e1ab,3 Ave @ Atlantic Ave,truck,29,32,928,0.906,1,0.0,0.0,False
2026-08-15T19:20,1786821582.9,f801cf2f-cd02-4077-aa53-99ee8a00e1ab,3 Ave @ Atlantic Ave,car,198,78,15444,2.538,1,0.0,0.0,False
2026-08-15T19:20,1786821582.9,f801cf2f-cd02-4077-aa53-99ee8a00e1ab,3 Ave @ Atlantic Ave,car,26,18,468,1.444,1,0.0,0.0,False
2026-08-15T19:20,1786821582.9,f801cf2f-cd02-4077-aa53-99ee8a00e1ab,3 Ave @ Atlantic Ave,car,36,36,1296,1.0,2,296.6,4.47,False
2026-08-15T19:20,1786821584.9,f801cf2f-cd02-4077-aa53-99ee8a00e1ab,3 Ave @ Atlantic Ave,car,133,93,12369,1.43,1,0.0,0.0,False
2026-08-15T19:20,1786821584.9,f801cf2f-cd02-4077-aa53-99ee8a00e1ab,3 Ave @ Atlantic Ave,car,47,40,1880,1.175,1,0.0,0.0,False
2026-08-15T19:20,1786821582.9,f801cf2f-cd02-4077-aa53-99ee8a00e1ab,3 Ave @ Atlantic Ave,car,28,28,784,1.0,2,0.0,0.5,False
2026-08-15T19:20,1786821584.9,f801cf2f-cd02-4077-aa53-99ee8a00e1ab,3 Ave @ Atlantic Ave,car,25,22,550,1.136,2,254.1,10.92,True
2026-08-15T19:20,1786821586.9,f801cf2f-cd02-4077-aa53-99ee8a00e1ab,3 Ave @ Atlantic Ave,car,20,24,480,0.833,1,0.0,0.0,False
2026-08-15T19:20,1786821582.9,f801cf2f-cd02-4077-aa53-99ee8a00e1ab,3 Ave @ Atlantic Ave,car,24,25,600,0.96,3,90.0,0.5,False
2026-08-15T19:20,1786821592.9,f801cf2f-cd02-4077-aa53-99ee8a00e1ab,3 Ave @ Atlantic Ave,moto,103,107,11021,0.963,1,0.0,0.0,False
2026-08-15T19:20,1786821592.9,f801cf2f-cd02-4077-aa53-99ee8a00e1ab,3 Ave @ Atlantic Ave,car,33,33,1089,1.0,2,206.6,1.12,False
2026-08-15T19:20,1786821578.9,ed0f8bd4-fe44-4f86-98a9-91f45b446200,3 Ave @ Union St,car,85,79,6715,1.076,1,0.0,0.0,False
2026-08-15T19:20,1786821578.9,ed0f8bd4-fe44-4f86-98a9-91f45b446200,3 Ave @ Union St,car,36,28,1008,1.286,1,0.0,0.0,False
2026-08-15T19:20,1786821578.9,ed0f8bd4-fe44-4f86-98a9-91f45b446200,3 Ave @ Union St,car,52,53,2756,0.981,1,0.0,0.0,False
2026-08-15T19:20,1786821578.9,ed0f8bd4-fe44-4f86-98a9-91f45b446200,3 Ave @ Union St,car,53,49,2597,1.082,3,146.8,8.67,False
2026-08-15T19:20,1786821578.9,ed0f8bd4-fe44-4f86-98a9-91f45b446200,3 Ave @ Union St,truck,118,112,13216,1.054,4,136.2,22.4,True
2026-08-15T19:20,1786821578.9,ed0f8bd4-fe44-4f86-98a9-91f45b446200,3 Ave @ Union St,car,47,39,1833,1.205,3,140.3,13.32,True
2026-08-15T19:20,1786821586.9,ed0f8bd4-fe44-4f86-98a9-91f45b446200,3 Ave @ Union St,car,48,40,1920,1.2,1,0.0,0.0,False
2026-08-15T19:20,1786821578.9,ed0f8bd4-fe44-4f86-98a9-91f45b446200,3 Ave @ Union St,truck,82,73,5986,1.123,10,0.0,0.06,False
2026-08-15T19:20,1786821582.9,ed0f8bd4-fe44-4f86-98a9-91f45b446200,3 Ave @ Union St,car,70,59,4130,1.186,7,150.8,3.25,False
2026-08-15T19:20,1786821584.9,ed0f8bd4-fe44-4f86-98a9-91f45b446200,3 Ave @ Union St,truck,159,134,21306,1.187,6,146.8,9.68,False
2026-08-15T19:20,1786821584.9,ed0f8bd4-fe44-4f86-98a9-91f45b446200,3 Ave @ Union St,truck,70,60,4200,1.167,7,311.2,0.89,False
2026-08-15T19:20,1786821590.9,ed0f8bd4-fe44-4f86-98a9-91f45b446200,3 Ave @ Union St,truck,136,101,13736,1.347,2,59.5,22.64,False
2026-08-15T19:20,1786821590.9,ed0f8bd4-fe44-4f86-98a9-91f45b446200,3 Ave @ Union St,car,49,40,1960,1.225,2,296.6,1.12,False
2026-08-15T19:20,1786821592.9,ed0f8bd4-fe44-4f86-98a9-91f45b446200,3 Ave @ Union St,car,83,54,4482,1.537,2,151.4,31.32,False
2026-08-15T19:20,1786821592.9,ed0f8bd4-fe44-4f86-98a9-91f45b446200,3 Ave @ Union St,bus,157,134,21038,1.172,2,90.0,0.5,False
2026-08-15T19:20,1786821594.9,ed0f8bd4-fe44-4f86-98a9-91f45b446200,3 Ave @ Union St,truck,69,61,4209,1.131,1,0.0,0.0,False
2026-08-15T19:20,1786821594.9,ed0f8bd4-fe44-4f86-98a9-91f45b446200,3 Ave @ Union St,car,68,61,4148,1.115,1,0.0,0.0,False
2026-08-15T19:20,1786821594.9,ed0f8bd4-fe44-4f86-98a9-91f45b446200,3 Ave @ Union St,truck,133,62,8246,2.145,1,0.0,0.0,False
2026-08-15T19:20,1786821594.9,ed0f8bd4-fe44-4f86-98a9-91f45b446200,3 Ave @ Union St,truck,67,45,3015,1.489,1,0.0,0.0,False
2026-08-15T19:20,1786821596.9,ed0f8bd4-fe44-4f86-98a9-91f45b446200,3 Ave @ Union St,car,81,81,6561,1.0,1,0.0,0.0,False
2026-08-15T19:20,1786821582.9,2e0d5197-6073-411f-9d1a-326b30841679,Flushing Ave @ Williamsburg W St,car,49,34,1666,1.441,1,0.0,0.0,False
2026-08-15T19:20,1786821590.9,2e0d5197-6073-411f-9d1a-326b30841679,Flushing Ave @ Williamsburg W St,car,37,24,888,1.542,3,31.8,8.53,True
2026-08-15T19:20,1786821592.9,2e0d5197-6073-411f-9d1a-326b30841679,Flushing Ave @ Williamsburg W St,car,41,28,1148,1.464,1,0.0,0.0,False
2026-08-15T19:20,1786821594.9,2e0d5197-6073-411f-9d1a-326b30841679,Flushing Ave @ Williamsburg W St,car,45,25,1125,1.8,1,0.0,0.0,False
2026-08-15T19:20,1786821596.9,2e0d5197-6073-411f-9d1a-326b30841679,Flushing Ave @ Williamsburg W St,truck,148,153,22644,0.967,1,0.0,0.0,False
2026-08-15T19:20,1786821596.9,2e0d5197-6073-411f-9d1a-326b30841679,Flushing Ave @ Williamsburg W St,truck,75,52,3900,1.442,1,0.0,0.0,False
2026-08-15T19:20,1786821596.9,2e0d5197-6073-411f-9d1a-326b30841679,Flushing Ave @ Williamsburg W St,car,74,52,3848,1.423,1,0.0,0.0,False
2026-08-15T19:20,1786821596.9,2e0d5197-6073-411f-9d1a-326b30841679,Flushing Ave @ Williamsburg W St,car,91,24,2184,3.792,1,0.0,0.0,False
2026-08-15T19:20,1786821578.9,9a01683c-321a-421b-b9c3-056bbf851f25,C2-PE-06-WB_at_6th_Ave-Ex2,car,60,50,3000,1.2,1,0.0,0.0,False
2026-08-15T19:20,1786821578.9,9a01683c-321a-421b-b9c3-056bbf851f25,C2-PE-06-WB_at_6th_Ave-Ex2,car,72,48,3456,1.5,1,0.0,0.0,False
2026-08-15T19:20,1786821578.9,9a01683c-321a-421b-b9c3-056bbf851f25,C2-PE-06-WB_at_6th_Ave-Ex2,car,69,56,3864,1.232,1,0.0,0.0,False
2026-08-15T19:20,1786821580.9,9a01683c-321a-421b-b9c3-056bbf851f25,C2-PE-06-WB_at_6th_Ave-Ex2,car,27,50,1350,0.54,1,0.0,0.0,False
2026-08-15T19:20,1786821578.9,9a01683c-321a-421b-b9c3-056bbf851f25,C2-PE-06-WB_at_6th_Ave-Ex2,car,140,97,13580,1.443,2,146.3,12.62,False
2026-08-15T19:20,1786821580.9,9a01683c-321a-421b-b9c3-056bbf851f25,C2-PE-06-WB_at_6th_Ave-Ex2,car,104,72,7488,1.444,2,167.9,28.64,False
2026-08-15T19:20,1786821580.9,9a01683c-321a-421b-b9c3-056bbf851f25,C2-PE-06-WB_at_6th_Ave-Ex2,car,53,44,2332,1.205,2,344.5,9.34,False
2026-08-15T19:20,1786821582.9,9a01683c-321a-421b-b9c3-056bbf851f25,C2-PE-06-WB_at_6th_Ave-Ex2,car,116,93,10788,1.247,1,0.0,0.0,False
2026-08-15T19:20,1786821582.9,9a01683c-321a-421b-b9c3-056bbf851f25,C2-PE-06-WB_at_6th_Ave-Ex2,car,84,64,5376,1.312,1,0.0,0.0,False
2026-08-15T19:20,1786821584.9,9a01683c-321a-421b-b9c3-056bbf851f25,C2-PE-06-WB_at_6th_Ave-Ex2,car,126,103,12978,1.223,1,0.0,0.0,False
2026-08-15T19:20,1786821586.9,9a01683c-321a-421b-b9c3-056bbf851f25,C2-PE-06-WB_at_6th_Ave-Ex2,car,98,72,7056,1.361,1,0.0,0.0,False
2026-08-15T19:20,1786821586.9,9a01683c-321a-421b-b9c3-056bbf851f25,C2-PE-06-WB_at_6th_Ave-Ex2,car,86,74,6364,1.162,1,0.0,0.0,False
2026-08-15T19:20,1786821590.9,9a01683c-321a-421b-b9c3-056bbf851f25,C2-PE-06-WB_at_6th_Ave-Ex2,car,110,80,8800,1.375,1,0.0,0.0,False
2026-08-15T19:20,1786821590.9,9a01683c-321a-421b-b9c3-056bbf851f25,C2-PE-06-WB_at_6th_Ave-Ex2,car,88,53,4664,1.66,1,0.0,0.0,False
2026-08-15T19:20,1786821590.9,9a01683c-321a-421b-b9c3-056bbf851f25,C2-PE-06-WB_at_6th_Ave-Ex2,car,111,81,8991,1.37,1,0.0,0.0,False
2026-08-15T19:20,1786821590.9,9a01683c-321a-421b-b9c3-056bbf851f25,C2-PE-06-WB_at_6th_Ave-Ex2,car,59,49,2891,1.204,1,0.0,0.0,False
2026-08-15T19:20,1786821592.9,9a01683c-321a-421b-b9c3-056bbf851f25,C2-PE-06-WB_at_6th_Ave-Ex2,car,104,71,7384,1.465,1,0.0,0.0,False
2026-08-15T19:20,1786821590.9,9a01683c-321a-421b-b9c3-056bbf851f25,C2-PE-06-WB_at_6th_Ave-Ex2,car,74,63,4662,1.175,3,141.3,19.21,True
2026-08-15T19:20,1786821592.9,9a01683c-321a-421b-b9c3-056bbf851f25,C2-PE-06-WB_at_6th_Ave-Ex2,car,131,106,13886,1.236,2,15.5,9.34,False
2026-08-15T19:20,1786821594.9,9a01683c-321a-421b-b9c3-056bbf851f25,C2-PE-06-WB_at_6th_Ave-Ex2,car,77,55,4235,1.4,1,0.0,0.0,False
2026-08-15T19:20,1786821594.9,9a01683c-321a-421b-b9c3-056bbf851f25,C2-PE-06-WB_at_6th_Ave-Ex2,car,43,29,1247,1.483,1,0.0,0.0,False
2026-08-15T19:20,1786821594.9,9a01683c-321a-421b-b9c3-056bbf851f25,C2-PE-06-WB_at_6th_Ave-Ex2,car,78,71,5538,1.099,1,0.0,0.0,False
2026-08-15T19:20,1786821594.9,9a01683c-321a-421b-b9c3-056bbf851f25,C2-PE-06-WB_at_6th_Ave-Ex2,car,46,18,828,2.556,1,0.0,0.0,False
2026-08-15T19:20,1786821596.9,9a01683c-321a-421b-b9c3-056bbf851f25,C2-PE-06-WB_at_6th_Ave-Ex2,car,96,120,11520,0.8,2,159.1,11.24,False
2026-08-15T19:20,1786821596.9,9a01683c-321a-421b-b9c3-056bbf851f25,C2-PE-06-WB_at_6th_Ave-Ex2,truck,82,86,7052,0.953,1,0.0,0.0,False
2026-08-15T19:20,1786821598.9,9a01683c-321a-421b-b9c3-056bbf851f25,C2-PE-06-WB_at_6th_Ave-Ex2,car,89,64,5696,1.391,1,0.0,0.0,False
2026-08-15T19:20,1786821598.9,9a01683c-321a-421b-b9c3-056bbf851f25,C2-PE-06-WB_at_6th_Ave-Ex2,car,57,48,2736,1.188,1,0.0,0.0,False
2026-08-15T19:20,1786821598.9,9a01683c-321a-421b-b9c3-056bbf851f25,C2-PE-06-WB_at_6th_Ave-Ex2,car,66,78,5148,0.846,1,0.0,0.0,False
2026-08-15T19:20,1786821598.9,9a01683c-321a-421b-b9c3-056bbf851f25,C2-PE-06-WB_at_6th_Ave-Ex2,car,87,85,7395,1.024,1,0.0,0.0,False
2026-08-15T19:21,1786821659.3,c89b62d1-35be-4bb8-b22b-a77c2583733c,Eastern Pkwy @ Utica Ave,car,82,92,7544,0.891,1,0.0,0.0,False
2026-08-15T19:21,1786821661.3,c89b62d1-35be-4bb8-b22b-a77c2583733c,Eastern Pkwy @ Utica Ave,bus,206,171,35226,1.205,1,0.0,0.0,False
2026-08-15T19:21,1786821661.3,c89b62d1-35be-4bb8-b22b-a77c2583733c,Eastern Pkwy @ Utica Ave,car,116,90,10440,1.289,1,0.0,0.0,False
2026-08-15T19:21,1786821661.3,c89b62d1-35be-4bb8-b22b-a77c2583733c,Eastern Pkwy @ Utica Ave,truck,97,119,11543,0.815,1,0.0,0.0,False
2026-08-15T19:21,1786821661.3,c89b62d1-35be-4bb8-b22b-a77c2583733c,Eastern Pkwy @ Utica Ave,car,96,118,11328,0.814,1,0.0,0.0,False
2026-08-15T19:21,1786821661.3,c89b62d1-35be-4bb8-b22b-a77c2583733c,Eastern Pkwy @ Utica Ave,car,50,44,2200,1.136,1,0.0,0.0,False
2026-08-15T19:21,1786821663.3,c89b62d1-35be-4bb8-b22b-a77c2583733c,Eastern Pkwy @ Utica Ave,car,33,27,891,1.222,1,0.0,0.0,False
2026-08-15T19:21,1786821667.3,c89b62d1-35be-4bb8-b22b-a77c2583733c,Eastern Pkwy @ Utica Ave,car,97,118,11446,0.822,2,352.9,36.28,False
2026-08-15T19:21,1786821669.3,c89b62d1-35be-4bb8-b22b-a77c2583733c,Eastern Pkwy @ Utica Ave,car,35,30,1050,1.167,1,0.0,0.0,False
2026-08-15T19:21,1786821673.3,c89b62d1-35be-4bb8-b22b-a77c2583733c,Eastern Pkwy @ Utica Ave,bus,147,157,23079,0.936,1,0.0,0.0,False
2026-08-15T19:21,1786821673.3,c89b62d1-35be-4bb8-b22b-a77c2583733c,Eastern Pkwy @ Utica Ave,truck,148,157,23236,0.943,1,0.0,0.0,False
2026-08-15T19:21,1786821653.3,f4c47f52-9c8d-494a-92da-4dcc09a19fab,Eastern Pkwy @ Bedford Ave,car,223,210,46830,1.062,1,0.0,0.0,False
2026-08-15T19:21,1786821653.3,f4c47f52-9c8d-494a-92da-4dcc09a19fab,Eastern Pkwy @ Bedford Ave,car,170,152,25840,1.118,1,0.0,0.0,False
2026-08-15T19:21,1786821653.3,f4c47f52-9c8d-494a-92da-4dcc09a19fab,Eastern Pkwy @ Bedford Ave,truck,173,151,26123,1.146,2,225.9,23.69,False
2026-08-15T19:21,1786821655.3,f4c47f52-9c8d-494a-92da-4dcc09a19fab,Eastern Pkwy @ Bedford Ave,car,125,54,6750,2.315,1,0.0,0.0,False
2026-08-15T19:21,1786821655.3,f4c47f52-9c8d-494a-92da-4dcc09a19fab,Eastern Pkwy @ Bedford Ave,truck,58,139,8062,0.417,1,0.0,0.0,False
2026-08-15T19:21,1786821653.3,f4c47f52-9c8d-494a-92da-4dcc09a19fab,Eastern Pkwy @ Bedford Ave,car,280,282,78960,0.993,3,313.0,10.26,False
2026-08-15T19:21,1786821653.3,f4c47f52-9c8d-494a-92da-4dcc09a19fab,Eastern Pkwy @ Bedford Ave,car,308,255,78540,1.208,4,133.7,15.68,False
2026-08-15T19:21,1786821653.3,f4c47f52-9c8d-494a-92da-4dcc09a19fab,Eastern Pkwy @ Bedford Ave,car,271,286,77506,0.948,5,226.0,37.22,True
2026-08-15T19:21,1786821653.3,f4c47f52-9c8d-494a-92da-4dcc09a19fab,Eastern Pkwy @ Bedford Ave,car,247,179,44213,1.38,4,100.4,10.17,False
2026-08-15T19:21,1786821655.3,f4c47f52-9c8d-494a-92da-4dcc09a19fab,Eastern Pkwy @ Bedford Ave,car,67,169,11323,0.396,3,105.3,8.55,False
2026-08-15T19:21,1786821657.3,f4c47f52-9c8d-494a-92da-4dcc09a19fab,Eastern Pkwy @ Bedford Ave,car,144,89,12816,1.618,2,32.6,27.88,False
2026-08-15T19:21,1786821659.3,f4c47f52-9c8d-494a-92da-4dcc09a19fab,Eastern Pkwy @ Bedford Ave,car,170,139,23630,1.223,2,26.7,72.23,True
2026-08-15T19:21,1786821661.3,f4c47f52-9c8d-494a-92da-4dcc09a19fab,Eastern Pkwy @ Bedford Ave,car,207,211,43677,0.981,1,0.0,0.0,False
2026-08-15T19:21,1786821653.3,2fe54994-17f6-499d-a3ab-8c6dc9dbda9e,Atlantic Ave @ Bedford Ave,car,29,28,812,1.036,1,0.0,0.0,False
2026-08-15T19:21,1786821653.3,2fe54994-17f6-499d-a3ab-8c6dc9dbda9e,Atlantic Ave @ Bedford Ave,bus,127,165,20955,0.77,1,0.0,0.0,False
2026-08-15T19:21,1786821655.3,2fe54994-17f6-499d-a3ab-8c6dc9dbda9e,Atlantic Ave @ Bedford Ave,bus,52,60,3120,0.867,1,0.0,0.0,False
2026-08-15T19:21,1786821655.3,2fe54994-17f6-499d-a3ab-8c6dc9dbda9e,Atlantic Ave @ Bedford Ave,car,32,26,832,1.231,1,0.0,0.0,False
2026-08-15T19:21,1786821655.3,2fe54994-17f6-499d-a3ab-8c6dc9dbda9e,Atlantic Ave @ Bedford Ave,car,38,39,1482,0.974,1,0.0,0.0,False
2026-08-15T19:21,1786821655.3,2fe54994-17f6-499d-a3ab-8c6dc9dbda9e,Atlantic Ave @ Bedford Ave,truck,106,120,12720,0.883,1,0.0,0.0,False
2026-08-15T19:21,1786821661.3,2fe54994-17f6-499d-a3ab-8c6dc9dbda9e,Atlantic Ave @ Bedford Ave,bus,54,58,3132,0.931,1,0.0,0.0,False
2026-08-15T19:21,1786821657.3,2fe54994-17f6-499d-a3ab-8c6dc9dbda9e,Atlantic Ave @ Bedford Ave,car,55,60,3300,0.917,3,201.8,1.35,False
2026-08-15T19:21,1786821661.3,2fe54994-17f6-499d-a3ab-8c6dc9dbda9e,Atlantic Ave @ Bedford Ave,bus,35,54,1890,0.648,2,63.4,1.12,False
2026-08-15T19:21,1786821653.3,2fe54994-17f6-499d-a3ab-8c6dc9dbda9e,Atlantic Ave @ Bedford Ave,car,99,105,10395,0.943,11,0.0,0.05,False
2026-08-15T19:21,1786821653.3,2fe54994-17f6-499d-a3ab-8c6dc9dbda9e,Atlantic Ave @ Bedford Ave,car,73,68,4964,1.074,10,66.4,0.97,False
2026-08-15T19:21,1786821653.3,2fe54994-17f6-499d-a3ab-8c6dc9dbda9e,Atlantic Ave @ Bedford Ave,car,114,128,14592,0.891,11,116.6,0.11,False
2026-08-15T19:21,1786821653.3,2fe54994-17f6-499d-a3ab-8c6dc9dbda9e,Atlantic Ave @ Bedford Ave,car,57,60,3420,0.95,11,63.4,0.22,False
2026-08-15T19:21,1786821653.3,2fe54994-17f6-499d-a3ab-8c6dc9dbda9e,Atlantic Ave @ Bedford Ave,car,142,140,19880,1.014,11,333.4,0.11,False
2026-08-15T19:21,1786821653.3,2fe54994-17f6-499d-a3ab-8c6dc9dbda9e,Atlantic Ave @ Bedford Ave,bus,104,120,12480,0.867,9,288.4,0.2,False
2026-08-15T19:21,1786821653.3,2fe54994-17f6-499d-a3ab-8c6dc9dbda9e,Atlantic Ave @ Bedford Ave,car,67,67,4489,1.0,11,198.4,0.16,False
2026-08-15T19:21,1786821657.3,2fe54994-17f6-499d-a3ab-8c6dc9dbda9e,Atlantic Ave @ Bedford Ave,bus,141,141,19881,1.0,6,323.1,0.5,False
2026-08-15T19:21,1786821667.3,2fe54994-17f6-499d-a3ab-8c6dc9dbda9e,Atlantic Ave @ Bedford Ave,bus,103,109,11227,0.945,2,153.4,2.24,False
2026-08-15T19:21,1786821671.3,2fe54994-17f6-499d-a3ab-8c6dc9dbda9e,Atlantic Ave @ Bedford Ave,bus,54,59,3186,0.915,2,0.0,0.0,False
2026-08-15T19:21,1786821671.3,2fe54994-17f6-499d-a3ab-8c6dc9dbda9e,Atlantic Ave @ Bedford Ave,bus,34,53,1802,0.642,2,270.0,1.0,False
2026-08-15T19:21,1786821653.3,2e43a9d0-1df8-4a38-ae20-2e0f359bb55d,Flatbush Ave @ Empire Blvd,car,30,21,630,1.429,1,0.0,0.0,False
2026-08-15T19:21,1786821653.3,2e43a9d0-1df8-4a38-ae20-2e0f359bb55d,Flatbush Ave @ Empire Blvd,truck,47,46,2162,1.022,1,0.0,0.0,False
2026-08-15T19:21,1786821655.3,2e43a9d0-1df8-4a38-ae20-2e0f359bb55d,Flatbush Ave @ Empire Blvd,car,62,42,2604,1.476,1,0.0,0.0,False
2026-08-15T19:21,1786821655.3,2e43a9d0-1df8-4a38-ae20-2e0f359bb55d,Flatbush Ave @ Empire Blvd,truck,51,34,1734,1.5,2,191.0,15.79,False
2026-08-15T19:21,1786821659.3,2e43a9d0-1df8-4a38-ae20-2e0f359bb55d,Flatbush Ave @ Empire Blvd,car,31,27,837,1.148,1,0.0,0.0,False
2026-08-15T19:21,1786821659.3,2e43a9d0-1df8-4a38-ae20-2e0f359bb55d,Flatbush Ave @ Empire Blvd,car,37,21,777,1.762,1,0.0,0.0,False
2026-08-15T19:21,1786821653.3,2e43a9d0-1df8-4a38-ae20-2e0f359bb55d,Flatbush Ave @ Empire Blvd,car,148,91,13468,1.626,4,21.4,9.13,False
2026-08-15T19:21,1786821657.3,2e43a9d0-1df8-4a38-ae20-2e0f359bb55d,Flatbush Ave @ Empire Blvd,truck,49,57,2793,0.86,3,315.0,0.71,False
2026-08-15T19:21,1786821659.3,2e43a9d0-1df8-4a38-ae20-2e0f359bb55d,Flatbush Ave @ Empire Blvd,car,87,51,4437,1.706,2,11.3,10.2,False
2026-08-15T19:21,1786821663.3,2e43a9d0-1df8-4a38-ae20-2e0f359bb55d,Flatbush Ave @ Empire Blvd,car,22,24,528,0.917,1,0.0,0.0,False
2026-08-15T19:21,1786821653.3,2e43a9d0-1df8-4a38-ae20-2e0f359bb55d,Flatbush Ave @ Empire Blvd,truck,111,99,10989,1.121,7,100.0,15.32,True
2026-08-15T19:21,1786821665.3,2e43a9d0-1df8-4a38-ae20-2e0f359bb55d,Flatbush Ave @ Empire Blvd,car,48,50,2400,0.96,1,0.0,0.0,False
2026-08-15T19:21,1786821655.3,2e43a9d0-1df8-4a38-ae20-2e0f359bb55d,Flatbush Ave @ Empire Blvd,car,78,66,5148,1.182,7,213.9,6.73,True
2026-08-15T19:21,1786821663.3,2e43a9d0-1df8-4a38-ae20-2e0f359bb55d,Flatbush Ave @ Empire Blvd,car,144,98,14112,1.469,3,226.9,20.87,False
2026-08-15T19:21,1786821665.3,2e43a9d0-1df8-4a38-ae20-2e0f359bb55d,Flatbush Ave @ Empire Blvd,truck,69,60,4140,1.15,2,202.6,19.5,False
2026-08-15T19:21,1786821667.3,2e43a9d0-1df8-4a38-ae20-2e0f359bb55d,Flatbush Ave @ Empire Blvd,truck,133,89,11837,1.494,1,0.0,0.0,False
2026-08-15T19:21,1786821667.3,2e43a9d0-1df8-4a38-ae20-2e0f359bb55d,Flatbush Ave @ Empire Blvd,truck,56,42,2352,1.333,1,0.0,0.0,False
2026-08-15T19:21,1786821667.3,2e43a9d0-1df8-4a38-ae20-2e0f359bb55d,Flatbush Ave @ Empire Blvd,car,57,40,2280,1.425,1,0.0,0.0,False
2026-08-15T19:21,1786821653.3,2e43a9d0-1df8-4a38-ae20-2e0f359bb55d,Flatbush Ave @ Empire Blvd,car,18,16,288,1.125,8,135.0,0.1,False
2026-08-15T19:21,1786821669.3,2e43a9d0-1df8-4a38-ae20-2e0f359bb55d,Flatbush Ave @ Empire Blvd,truck,154,134,20636,1.149,1,0.0,0.0,False
2026-08-15T19:21,1786821669.3,2e43a9d0-1df8-4a38-ae20-2e0f359bb55d,Flatbush Ave @ Empire Blvd,truck,79,56,4424,1.411,1,0.0,0.0,False
2026-08-15T19:21,1786821673.3,2e43a9d0-1df8-4a38-ae20-2e0f359bb55d,Flatbush Ave @ Empire Blvd,truck,59,46,2714,1.283,1,0.0,0.0,False
2026-08-15T19:21,1786821653.3,1c51b3ec-3d29-4025-928d-4e182e7c0bd5,Grand Army Plaza,car,32,13,416,2.462,1,0.0,0.0,False
2026-08-15T19:21,1786821653.3,1c51b3ec-3d29-4025-928d-4e182e7c0bd5,Grand Army Plaza,car,47,25,1175,1.88,1,0.0,0.0,False
2026-08-15T19:21,1786821653.3,1c51b3ec-3d29-4025-928d-4e182e7c0bd5,Grand Army Plaza,car,33,16,528,2.062,1,0.0,0.0,False
2026-08-15T19:21,1786821657.3,1c51b3ec-3d29-4025-928d-4e182e7c0bd5,Grand Army Plaza,car,32,18,576,1.778,1,0.0,0.0,False
2026-08-15T19:21,1786821661.3,1c51b3ec-3d29-4025-928d-4e182e7c0bd5,Grand Army Plaza,car,23,13,299,1.769,1,0.0,0.0,False
2026-08-15T19:21,1786821661.3,1c51b3ec-3d29-4025-928d-4e182e7c0bd5,Grand Army Plaza,car,41,30,1230,1.367,1,0.0,0.0,False
2026-08-15T19:21,1786821663.3,1c51b3ec-3d29-4025-928d-4e182e7c0bd5,Grand Army Plaza,truck,201,145,29145,1.386,1,0.0,0.0,False
2026-08-15T19:21,1786821655.3,1c51b3ec-3d29-4025-928d-4e182e7c0bd5,Grand Army Plaza,truck,291,118,34338,2.466,6,0.0,12.2,False
2026-08-15T19:21,1786821665.3,1c51b3ec-3d29-4025-928d-4e182e7c0bd5,Grand Army Plaza,truck,67,63,4221,1.063,1,0.0,0.0,False
2026-08-15T19:21,1786821655.3,1c51b3ec-3d29-4025-928d-4e182e7c0bd5,Grand Army Plaza,car,43,41,1763,1.049,8,63.4,0.16,False
2026-08-15T19:21,1786821661.3,1c51b3ec-3d29-4025-928d-4e182e7c0bd5,Grand Army Plaza,truck,207,160,33120,1.294,5,171.8,10.48,False
2026-08-15T19:21,1786821663.3,1c51b3ec-3d29-4025-928d-4e182e7c0bd5,Grand Army Plaza,car,30,15,450,2.0,3,201.8,1.35,False
2026-08-15T19:21,1786821665.3,1c51b3ec-3d29-4025-928d-4e182e7c0bd5,Grand Army Plaza,car,52,31,1612,1.677,2,180.0,7.0,False
2026-08-15T19:21,1786821665.3,1c51b3ec-3d29-4025-928d-4e182e7c0bd5,Grand Army Plaza,car,76,34,2584,2.235,4,5.2,1.84,False
2026-08-15T19:21,1786821667.3,1c51b3ec-3d29-4025-928d-4e182e7c0bd5,Grand Army Plaza,car,105,63,6615,1.667,1,0.0,0.0,False
2026-08-15T19:21,1786821667.3,1c51b3ec-3d29-4025-928d-4e182e7c0bd5,Grand Army Plaza,car,77,49,3773,1.571,2,8.1,21.21,False
2026-08-15T19:21,1786821667.3,1c51b3ec-3d29-4025-928d-4e182e7c0bd5,Grand Army Plaza,car,149,65,9685,2.292,3,353.8,32.44,True
2026-08-15T19:21,1786821667.3,1c51b3ec-3d29-4025-928d-4e182e7c0bd5,Grand Army Plaza,car,93,63,5859,1.476,2,21.3,31.66,False
2026-08-15T19:21,1786821667.3,1c51b3ec-3d29-4025-928d-4e182e7c0bd5,Grand Army Plaza,car,49,31,1519,1.581,2,180.0,1.0,False
2026-08-15T19:21,1786821667.3,1c51b3ec-3d29-4025-928d-4e182e7c0bd5,Grand Army Plaza,truck,45,53,2385,0.849,2,46.5,26.17,True
2026-08-15T19:21,1786821669.3,1c51b3ec-3d29-4025-928d-4e182e7c0bd5,Grand Army Plaza,car,80,46,3680,1.739,1,0.0,0.0,False
2026-08-15T19:21,1786821669.3,1c51b3ec-3d29-4025-928d-4e182e7c0bd5,Grand Army Plaza,car,43,30,1290,1.433,1,0.0,0.0,False
2026-08-15T19:21,1786821669.3,1c51b3ec-3d29-4025-928d-4e182e7c0bd5,Grand Army Plaza,car,72,45,3240,1.6,2,204.1,15.89,False
2026-08-15T19:21,1786821669.3,1c51b3ec-3d29-4025-928d-4e182e7c0bd5,Grand Army Plaza,car,34,26,884,1.308,2,169.5,13.73,True
2026-08-15T19:21,1786821671.3,1c51b3ec-3d29-4025-928d-4e182e7c0bd5,Grand Army Plaza,car,22,13,286,1.692,1,0.0,0.0,False
2026-08-15T19:21,1786821653.3,cb68b8b1-9093-4f2e-acf2-8133b047e8df,Flatbush Ave @ Eastern Pkwy,car,24,17,408,1.412,2,0.0,0.0,False
2026-08-15T19:21,1786821655.3,cb68b8b1-9093-4f2e-acf2-8133b047e8df,Flatbush Ave @ Eastern Pkwy,truck,37,57,2109,0.649,1,0.0,0.0,False
2026-08-15T19:21,1786821657.3,cb68b8b1-9093-4f2e-acf2-8133b047e8df,Flatbush Ave @ Eastern Pkwy,car,48,39,1872,1.231,2,180.0,1.5,False
2026-08-15T19:21,1786821653.3,cb68b8b1-9093-4f2e-acf2-8133b047e8df,Flatbush Ave @ Eastern Pkwy,car,33,26,858,1.269,8,157.9,2.47,True
2026-08-15T19:21,1786821663.3,cb68b8b1-9093-4f2e-acf2-8133b047e8df,Flatbush Ave @ Eastern Pkwy,car,24,17,408,1.412,2,243.4,1.12,False
2026-08-15T19:21,1786821667.3,cb68b8b1-9093-4f2e-acf2-8133b047e8df,Flatbush Ave @ Eastern Pkwy,car,49,39,1911,1.256,4,180.0,0.17,False
2026-08-15T19:21,1786821667.3,cb68b8b1-9093-4f2e-acf2-8133b047e8df,Flatbush Ave @ Eastern Pkwy,car,48,26,1248,1.846,2,15.4,15.04,False
2026-08-15T19:21,1786821669.3,cb68b8b1-9093-4f2e-acf2-8133b047e8df,Flatbush Ave @ Eastern Pkwy,car,73,38,2774,1.921,2,219.8,3.91,False
2026-08-15T19:21,1786821653.3,2064d8ab-597a-45d8-a3c9-5ab95a4e69e6,7 Ave @ Union St,car,55,34,1870,1.618,1,0.0,0.0,False
2026-08-15T19:21,1786821655.3,2064d8ab-597a-45d8-a3c9-5ab95a4e69e6,7 Ave @ Union St,car,34,30,1020,1.133,1,0.0,0.0,False
2026-08-15T19:21,1786821657.3,2064d8ab-597a-45d8-a3c9-5ab95a4e69e6,7 Ave @ Union St,car,21,16,336,1.312,1,0.0,0.0,False
2026-08-15T19:21,1786821655.3,2064d8ab-597a-45d8-a3c9-5ab95a4e69e6,7 Ave @ Union St,car,50,35,1750,1.429,5,146.3,2.7,False
2026-08-15T19:21,1786821653.3,2064d8ab-597a-45d8-a3c9-5ab95a4e69e6,7 Ave @ Union St,car,53,38,2014,1.395,9,206.6,0.28,False
2026-08-15T19:21,1786821661.3,2064d8ab-597a-45d8-a3c9-5ab95a4e69e6,7 Ave @ Union St,car,76,38,2888,2.0,4,288.4,0.53,False
2026-08-15T19:21,1786821669.3,2064d8ab-597a-45d8-a3c9-5ab95a4e69e6,7 Ave @ Union St,car,85,77,6545,1.104,2,316.7,24.05,False
2026-08-15T19:21,1786821653.3,fde1748c-7c0f-4df8-8acd-120df29a9305,Atlantic Ave @ Eastern Pkwy,car,85,79,6715,1.076,1,0.0,0.0,False
2026-08-15T19:21,1786821653.3,fde1748c-7c0f-4df8-8acd-120df29a9305,Atlantic Ave @ Eastern Pkwy,car,55,47,2585,1.17,1,0.0,0.0,False
2026-08-15T19:21,1786821653.3,fde1748c-7c0f-4df8-8acd-120df29a9305,Atlantic Ave @ Eastern Pkwy,truck,55,48,2640,1.146,1,0.0,0.0,False
2026-08-15T19:21,1786821653.3,fde1748c-7c0f-4df8-8acd-120df29a9305,Atlantic Ave @ Eastern Pkwy,car,55,52,2860,1.058,2,119.2,19.47,False
2026-08-15T19:21,1786821653.3,fde1748c-7c0f-4df8-8acd-120df29a9305,Atlantic Ave @ Eastern Pkwy,car,58,42,2436,1.381,2,327.2,18.45,False
2026-08-15T19:21,1786821653.3,fde1748c-7c0f-4df8-8acd-120df29a9305,Atlantic Ave @ Eastern Pkwy,truck,45,68,3060,0.662,2,270.0,1.0,False
2026-08-15T19:21,1786821653.3,fde1748c-7c0f-4df8-8acd-120df29a9305,Atlantic Ave @ Eastern Pkwy,car,42,39,1638,1.077,2,63.4,20.12,True
2026-08-15T19:21,1786821655.3,fde1748c-7c0f-4df8-8acd-120df29a9305,Atlantic Ave @ Eastern Pkwy,car,57,42,2394,1.357,1,0.0,0.0,False
2026-08-15T19:21,1786821653.3,fde1748c-7c0f-4df8-8acd-120df29a9305,Atlantic Ave @ Eastern Pkwy,car,69,63,4347,1.095,3,157.8,11.88,False
2026-08-15T19:21,1786821655.3,fde1748c-7c0f-4df8-8acd-120df29a9305,Atlantic Ave @ Eastern Pkwy,car,30,34,1020,0.882,2,275.9,14.58,True
2026-08-15T19:21,1786821655.3,fde1748c-7c0f-4df8-8acd-120df29a9305,Atlantic Ave @ Eastern Pkwy,truck,147,101,14847,1.455,2,154.9,53.01,False
2026-08-15T19:21,1786821657.3,fde1748c-7c0f-4df8-8acd-120df29a9305,Atlantic Ave @ Eastern Pkwy,car,18,23,414,0.783,1,0.0,0.0,False
2026-08-15T19:21,1786821657.3,fde1748c-7c0f-4df8-8acd-120df29a9305,Atlantic Ave @ Eastern Pkwy,car,29,25,725,1.16,1,0.0,0.0,False
2026-08-15T19:21,1786821657.3,fde1748c-7c0f-4df8-8acd-120df29a9305,Atlantic Ave @ Eastern Pkwy,car,17,18,306,0.944,1,0.0,0.0,False
2026-08-15T19:21,1786821657.3,fde1748c-7c0f-4df8-8acd-120df29a9305,Atlantic Ave @ Eastern Pkwy,car,44,31,1364,1.419,1,0.0,0.0,False
2026-08-15T19:21,1786821653.3,fde1748c-7c0f-4df8-8acd-120df29a9305,Atlantic Ave @ Eastern Pkwy,car,28,28,784,1.0,4,63.4,0.37,False
2026-08-15T19:21,1786821657.3,fde1748c-7c0f-4df8-8acd-120df29a9305,Atlantic Ave @ Eastern Pkwy,car,124,86,10664,1.442,2,116.6,2.24,False
2026-08-15T19:21,1786821665.3,fde1748c-7c0f-4df8-8acd-120df29a9305,Atlantic Ave @ Eastern Pkwy,car,43,29,1247,1.483,1,0.0,0.0,False
2026-08-15T19:21,1786821665.3,fde1748c-7c0f-4df8-8acd-120df29a9305,Atlantic Ave @ Eastern Pkwy,car,33,25,825,1.32,1,0.0,0.0,False
2026-08-15T19:21,1786821665.3,fde1748c-7c0f-4df8-8acd-120df29a9305,Atlantic Ave @ Eastern Pkwy,car,26,28,728,0.929,1,0.0,0.0,False
2026-08-15T19:21,1786821665.3,fde1748c-7c0f-4df8-8acd-120df29a9305,Atlantic Ave @ Eastern Pkwy,truck,65,98,6370,0.663,1,0.0,0.0,False
2026-08-15T19:21,1786821663.3,fde1748c-7c0f-4df8-8acd-120df29a9305,Atlantic Ave @ Eastern Pkwy,car,73,46,3358,1.587,2,83.0,20.65,False
2026-08-15T19:21,1786821665.3,fde1748c-7c0f-4df8-8acd-120df29a9305,Atlantic Ave @ Eastern Pkwy,truck,116,85,9860,1.365,2,225.0,0.71,False
2026-08-15T19:21,1786821667.3,fde1748c-7c0f-4df8-8acd-120df29a9305,Atlantic Ave @ Eastern Pkwy,car,20,24,480,0.833,1,0.0,0.0,False
2026-08-15T19:21,1786821653.3,fde1748c-7c0f-4df8-8acd-120df29a9305,Atlantic Ave @ Eastern Pkwy,car,42,41,1722,1.024,11,284.0,0.21,False
2026-08-15T19:21,1786821653.3,fde1748c-7c0f-4df8-8acd-120df29a9305,Atlantic Ave @ Eastern Pkwy,car,33,30,990,1.1,9,213.7,0.23,False
2026-08-15T19:21,1786821665.3,fde1748c-7c0f-4df8-8acd-120df29a9305,Atlantic Ave @ Eastern Pkwy,car,83,49,4067,1.694,4,160.6,3.0,False
2026-08-15T19:21,1786821669.3,fde1748c-7c0f-4df8-8acd-120df29a9305,Atlantic Ave @ Eastern Pkwy,car,21,17,357,1.235,1,0.0,0.0,False
2026-08-15T19:21,1786821671.3,fde1748c-7c0f-4df8-8acd-120df29a9305,Atlantic Ave @ Eastern Pkwy,car,68,51,3468,1.333,2,116.6,2.24,False
2026-08-15T19:21,1786821671.3,fde1748c-7c0f-4df8-8acd-120df29a9305,Atlantic Ave @ Eastern Pkwy,car,55,36,1980,1.528,2,342.6,16.76,False
2026-08-15T19:21,1786821671.3,fde1748c-7c0f-4df8-8acd-120df29a9305,Atlantic Ave @ Eastern Pkwy,car,88,49,4312,1.796,1,0.0,0.0,False
2026-08-15T19:21,1786821671.3,fde1748c-7c0f-4df8-8acd-120df29a9305,Atlantic Ave @ Eastern Pkwy,car,38,28,1064,1.357,1,0.0,0.0,False
2026-08-15T19:21,1786821673.3,fde1748c-7c0f-4df8-8acd-120df29a9305,Atlantic Ave @ Eastern Pkwy,car,46,34,1564,1.353,1,0.0,0.0,False
2026-08-15T19:21,1786821673.3,fde1748c-7c0f-4df8-8acd-120df29a9305,Atlantic Ave @ Eastern Pkwy,car,64,43,2752,1.488,1,0.0,0.0,False
2026-08-15T19:21,1786821653.3,6851bbf7-e079-4379-b021-e5c7dafcb8c9,8 Ave @ 9 St,car,47,136,6392,0.346,1,0.0,0.0,False
2026-08-15T19:21,1786821653.3,6851bbf7-e079-4379-b021-e5c7dafcb8c9,8 Ave @ 9 St,car,67,70,4690,0.957,2,270.0,0.5,False
2026-08-15T19:21,1786821653.3,6851bbf7-e079-4379-b021-e5c7dafcb8c9,8 Ave @ 9 St,truck,78,94,7332,0.83,3,86.4,15.78,False
2026-08-15T19:21,1786821657.3,6851bbf7-e079-4379-b021-e5c7dafcb8c9,8 Ave @ 9 St,truck,45,49,2205,0.918,1,0.0,0.0,False
2026-08-15T19:21,1786821655.3,6851bbf7-e079-4379-b021-e5c7dafcb8c9,8 Ave @ 9 St,truck,97,79,7663,1.228,3,135.0,0.35,False
2026-08-15T19:21,1786821659.3,6851bbf7-e079-4379-b021-e5c7dafcb8c9,8 Ave @ 9 St,car,165,80,13200,2.062,1,0.0,0.0,False
2026-08-15T19:21,1786821659.3,6851bbf7-e079-4379-b021-e5c7dafcb8c9,8 Ave @ 9 St,car,60,54,3240,1.111,2,127.8,31.0,True
2026-08-15T19:21,1786821659.3,6851bbf7-e079-4379-b021-e5c7dafcb8c9,8 Ave @ 9 St,car,44,43,1892,1.023,2,180.0,0.5,False
2026-08-15T19:21,1786821661.3,6851bbf7-e079-4379-b021-e5c7dafcb8c9,8 Ave @ 9 St,car,67,58,3886,1.155,1,0.0,0.0,False
2026-08-15T19:21,1786821661.3,6851bbf7-e079-4379-b021-e5c7dafcb8c9,8 Ave @ 9 St,car,30,31,930,0.968,1,0.0,0.0,False
2026-08-15T19:21,1786821661.3,6851bbf7-e079-4379-b021-e5c7dafcb8c9,8 Ave @ 9 St,car,186,184,34224,1.011,3,306.6,36.1,False
2026-08-15T19:21,1786821665.3,6851bbf7-e079-4379-b021-e5c7dafcb8c9,8 Ave @ 9 St,car,155,106,16430,1.462,1,0.0,0.0,False
2026-08-15T19:21,1786821665.3,6851bbf7-e079-4379-b021-e5c7dafcb8c9,8 Ave @ 9 St,car,52,43,2236,1.209,1,0.0,0.0,False
2026-08-15T19:21,1786821653.3,6851bbf7-e079-4379-b021-e5c7dafcb8c9,8 Ave @ 9 St,truck,98,79,7742,1.241,9,18.4,0.2,False
2026-08-15T19:21,1786821653.3,6851bbf7-e079-4379-b021-e5c7dafcb8c9,8 Ave @ 9 St,car,93,57,5301,1.632,10,175.2,0.67,False
2026-08-15T19:21,1786821667.3,6851bbf7-e079-4379-b021-e5c7dafcb8c9,8 Ave @ 9 St,car,63,67,4221,0.94,3,105.9,1.82,False
2026-08-15T19:21,1786821667.3,6851bbf7-e079-4379-b021-e5c7dafcb8c9,8 Ave @ 9 St,truck,96,79,7584,1.215,3,0.0,0.5,False
2026-08-15T19:21,1786821667.3,6851bbf7-e079-4379-b021-e5c7dafcb8c9,8 Ave @ 9 St,car,34,32,1088,1.062,1,0.0,0.0,False
2026-08-15T19:21,1786821667.3,6851bbf7-e079-4379-b021-e5c7dafcb8c9,8 Ave @ 9 St,truck,42,43,1806,0.977,1,0.0,0.0,False
2026-08-15T19:21,1786821667.3,6851bbf7-e079-4379-b021-e5c7dafcb8c9,8 Ave @ 9 St,car,42,41,1722,1.024,1,0.0,0.0,False
2026-08-15T19:21,1786821667.3,6851bbf7-e079-4379-b021-e5c7dafcb8c9,8 Ave @ 9 St,car,53,40,2120,1.325,1,0.0,0.0,False
2026-08-15T19:21,1786821669.3,6851bbf7-e079-4379-b021-e5c7dafcb8c9,8 Ave @ 9 St,car,66,61,4026,1.082,1,0.0,0.0,False
2026-08-15T19:21,1786821669.3,6851bbf7-e079-4379-b021-e5c7dafcb8c9,8 Ave @ 9 St,truck,65,68,4420,0.956,2,225.0,1.41,False
2026-08-15T19:21,1786821653.3,74707723-013b-4bf1-9a8b-c209dbf71984,Bushwick Ave @ Gates Ave,car,26,22,572,1.182,1,0.0,0.0,False
2026-08-15T19:21,1786821653.3,74707723-013b-4bf1-9a8b-c209dbf71984,Bushwick Ave @ Gates Ave,bus,34,49,1666,0.694,1,0.0,0.0,False
2026-08-15T19:21,1786821653.3,74707723-013b-4bf1-9a8b-c209dbf71984,Bushwick Ave @ Gates Ave,car,18,19,342,0.947,1,0.0,0.0,False
2026-08-15T19:21,1786821653.3,74707723-013b-4bf1-9a8b-c209dbf71984,Bushwick Ave @ Gates Ave,car,16,14,224,1.143,1,0.0,0.0,False
2026-08-15T19:21,1786821659.3,74707723-013b-4bf1-9a8b-c209dbf71984,Bushwick Ave @ Gates Ave,car,34,43,1462,0.791,1,0.0,0.0,False
2026-08-15T19:21,1786821661.3,74707723-013b-4bf1-9a8b-c209dbf71984,Bushwick Ave @ Gates Ave,car,87,95,8265,0.916,1,0.0,0.0,False
2026-08-15T19:21,1786821663.3,74707723-013b-4bf1-9a8b-c209dbf71984,Bushwick Ave @ Gates Ave,car,19,19,361,1.0,1,0.0,0.0,False
2026-08-15T19:21,1786821667.3,74707723-013b-4bf1-9a8b-c209dbf71984,Bushwick Ave @ Gates Ave,car,86,125,10750,0.688,1,0.0,0.0,False
2026-08-15T19:21,1786821667.3,74707723-013b-4bf1-9a8b-c209dbf71984,Bushwick Ave @ Gates Ave,truck,85,124,10540,0.685,1,0.0,0.0,False
2026-08-15T19:21,1786821653.3,74707723-013b-4bf1-9a8b-c209dbf71984,Bushwick Ave @ Gates Ave,truck,65,43,2795,1.512,8,153.4,0.16,False
2026-08-15T19:21,1786821653.3,74707723-013b-4bf1-9a8b-c209dbf71984,Bushwick Ave @ Gates Ave,car,85,119,10115,0.714,11,137.7,1.49,False
2026-08-15T19:21,1786821665.3,74707723-013b-4bf1-9a8b-c209dbf71984,Bushwick Ave @ Gates Ave,car,48,58,2784,0.828,4,216.0,2.27,False
2026-08-15T19:21,1786821665.3,74707723-013b-4bf1-9a8b-c209dbf71984,Bushwick Ave @ Gates Ave,car,31,34,1054,0.912,2,60.9,15.44,True
2026-08-15T19:21,1786821669.3,74707723-013b-4bf1-9a8b-c209dbf71984,Bushwick Ave @ Gates Ave,car,64,77,4928,0.831,3,77.9,3.58,False
2026-08-15T19:21,1786821673.3,74707723-013b-4bf1-9a8b-c209dbf71984,Bushwick Ave @ Gates Ave,car,98,153,14994,0.641,1,0.0,0.0,False
2026-08-15T19:21,1786821653.3,a8805cdb-e305-42d0-b011-cb825380cf8e,Bushwick Ave @ Cooper St,car,90,16,1440,5.625,1,0.0,0.0,False
2026-08-15T19:21,1786821653.3,a8805cdb-e305-42d0-b011-cb825380cf8e,Bushwick Ave @ Cooper St,car,71,75,5325,0.947,1,0.0,0.0,False
2026-08-15T19:21,1786821653.3,a8805cdb-e305-42d0-b011-cb825380cf8e,Bushwick Ave @ Cooper St,truck,72,74,5328,0.973,1,0.0,0.0,False
2026-08-15T19:21,1786821653.3,a8805cdb-e305-42d0-b011-cb825380cf8e,Bushwick Ave @ Cooper St,car,21,18,378,1.167,1,0.0,0.0,False
2026-08-15T19:21,1786821653.3,a8805cdb-e305-42d0-b011-cb825380cf8e,Bushwick Ave @ Cooper St,car,34,28,952,1.214,2,180.0,0.5,False
2026-08-15T19:21,1786821653.3,a8805cdb-e305-42d0-b011-cb825380cf8e,Bushwick Ave @ Cooper St,car,25,19,475,1.316,2,286.7,10.44,True
2026-08-15T19:21,1786821655.3,a8805cdb-e305-42d0-b011-cb825380cf8e,Bushwick Ave @ Cooper St,truck,90,108,9720,0.833,1,0.0,0.0,False
2026-08-15T19:21,1786821655.3,a8805cdb-e305-42d0-b011-cb825380cf8e,Bushwick Ave @ Cooper St,car,28,45,1260,0.622,1,0.0,0.0,False
2026-08-15T19:21,1786821653.3,a8805cdb-e305-42d0-b011-cb825380cf8e,Bushwick Ave @ Cooper St,truck,137,155,21235,0.884,3,116.6,8.94,False
2026-08-15T19:21,1786821655.3,a8805cdb-e305-42d0-b011-cb825380cf8e,Bushwick Ave @ Cooper St,truck,18,106,1908,0.17,2,90.0,1.5,False
2026-08-15T19:21,1786821657.3,a8805cdb-e305-42d0-b011-cb825380cf8e,Bushwick Ave @ Cooper St,car,28,22,616,1.273,1,0.0,0.0,False
2026-08-15T19:21,1786821653.3,a8805cdb-e305-42d0-b011-cb825380cf8e,Bushwick Ave @ Cooper St,truck,66,72,4752,0.917,4,118.4,11.93,True
2026-08-15T19:21,1786821655.3,a8805cdb-e305-42d0-b011-cb825380cf8e,Bushwick Ave @ Cooper St,car,86,115,9890,0.748,3,263.0,14.36,False
2026-08-15T19:21,1786821657.3,a8805cdb-e305-42d0-b011-cb825380cf8e,Bushwick Ave @ Cooper St,car,44,49,2156,0.898,2,137.6,15.57,False
2026-08-15T19:21,1786821659.3,a8805cdb-e305-42d0-b011-cb825380cf8e,Bushwick Ave @ Cooper St,car,47,46,2162,1.022,2,265.4,12.54,False
2026-08-15T19:21,1786821655.3,a8805cdb-e305-42d0-b011-cb825380cf8e,Bushwick Ave @ Cooper St,car,111,123,13653,0.902,3,137.7,11.15,False
2026-08-15T19:21,1786821659.3,a8805cdb-e305-42d0-b011-cb825380cf8e,Bushwick Ave @ Cooper St,car,155,125,19375,1.24,3,313.7,7.6,False
2026-08-15T19:21,1786821661.3,a8805cdb-e305-42d0-b011-cb825380cf8e,Bushwick Ave @ Cooper St,truck,99,133,13167,0.744,2,279.0,38.47,False
2026-08-15T19:21,1786821663.3,a8805cdb-e305-42d0-b011-cb825380cf8e,Bushwick Ave @ Cooper St,car,29,32,928,0.906,1,0.0,0.0,False
2026-08-15T19:21,1786821667.3,a8805cdb-e305-42d0-b011-cb825380cf8e,Bushwick Ave @ Cooper St,car,18,16,288,1.125,1,0.0,0.0,False
2026-08-15T19:21,1786821667.3,a8805cdb-e305-42d0-b011-cb825380cf8e,Bushwick Ave @ Cooper St,car,24,17,408,1.412,1,0.0,0.0,False
2026-08-15T19:21,1786821653.3,a8805cdb-e305-42d0-b011-cb825380cf8e,Bushwick Ave @ Cooper St,car,86,94,8084,0.915,11,0.0,0.05,False
2026-08-15T19:21,1786821653.3,a8805cdb-e305-42d0-b011-cb825380cf8e,Bushwick Ave @ Cooper St,car,127,29,3683,4.379,11,191.3,0.25,False
2026-08-15T19:21,1786821653.3,a8805cdb-e305-42d0-b011-cb825380cf8e,Bushwick Ave @ Cooper St,truck,52,49,2548,1.061,10,90.0,0.06,False
2026-08-15T19:21,1786821653.3,a8805cdb-e305-42d0-b011-cb825380cf8e,Bushwick Ave @ Cooper St,truck,81,93,7533,0.871,9,315.0,0.18,False
2026-08-15T19:21,1786821653.3,a8805cdb-e305-42d0-b011-cb825380cf8e,Bushwick Ave @ Cooper St,car,27,16,432,1.688,9,143.1,0.31,False
2026-08-15T19:21,1786821657.3,a8805cdb-e305-42d0-b011-cb825380cf8e,Bushwick Ave @ Cooper St,car,57,70,3990,0.814,7,278.7,2.19,False
2026-08-15T19:21,1786821657.3,a8805cdb-e305-42d0-b011-cb825380cf8e,Bushwick Ave @ Cooper St,car,72,82,5904,0.878,7,88.5,6.17,True
2026-08-15T19:21,1786821661.3,a8805cdb-e305-42d0-b011-cb825380cf8e,Bushwick Ave @ Cooper St,car,80,88,7040,0.909,5,123.7,0.45,False
2026-08-15T19:21,1786821665.3,a8805cdb-e305-42d0-b011-cb825380cf8e,Bushwick Ave @ Cooper St,car,26,44,1144,0.591,3,225.0,0.35,False
2026-08-15T19:21,1786821665.3,a8805cdb-e305-42d0-b011-cb825380cf8e,Bushwick Ave @ Cooper St,truck,18,110,1980,0.164,2,270.0,2.0,False
2026-08-15T19:21,1786821665.3,a8805cdb-e305-42d0-b011-cb825380cf8e,Bushwick Ave @ Cooper St,truck,38,45,1710,0.844,2,0.0,6.5,False
2026-08-15T19:21,1786821665.3,a8805cdb-e305-42d0-b011-cb825380cf8e,Bushwick Ave @ Cooper St,car,34,31,1054,1.097,3,270.0,0.5,False
2026-08-15T19:21,1786821665.3,a8805cdb-e305-42d0-b011-cb825380cf8e,Bushwick Ave @ Cooper St,car,53,47,2491,1.128,3,333.4,0.56,False
2026-08-15T19:21,1786821667.3,a8805cdb-e305-42d0-b011-cb825380cf8e,Bushwick Ave @ Cooper St,truck,93,113,10509,0.823,2,314.4,35.71,False
2026-08-15T19:21,1786821669.3,a8805cdb-e305-42d0-b011-cb825380cf8e,Bushwick Ave @ Cooper St,truck,101,120,12120,0.842,2,145.4,27.32,False
2026-08-15T19:21,1786821669.3,a8805cdb-e305-42d0-b011-cb825380cf8e,Bushwick Ave @ Cooper St,truck,101,122,12322,0.828,3,261.9,46.21,True
2026-08-15T19:21,1786821671.3,a8805cdb-e305-42d0-b011-cb825380cf8e,Bushwick Ave @ Cooper St,truck,51,57,2907,0.895,1,0.0,0.0,False
2026-08-15T19:21,1786821671.3,a8805cdb-e305-42d0-b011-cb825380cf8e,Bushwick Ave @ Cooper St,car,36,40,1440,0.9,2,147.8,15.95,False
2026-08-15T19:21,1786821671.3,a8805cdb-e305-42d0-b011-cb825380cf8e,Bushwick Ave @ Cooper St,car,26,19,494,1.368,2,270.0,0.5,False
2026-08-15T19:21,1786821673.3,a8805cdb-e305-42d0-b011-cb825380cf8e,Bushwick Ave @ Cooper St,car,82,105,8610,0.781,1,0.0,0.0,False
2026-08-15T19:21,1786821673.3,a8805cdb-e305-42d0-b011-cb825380cf8e,Bushwick Ave @ Cooper St,car,93,98,9114,0.949,1,0.0,0.0,False
2026-08-15T19:21,1786821673.3,a8805cdb-e305-42d0-b011-cb825380cf8e,Bushwick Ave @ Cooper St,truck,47,45,2115,1.044,1,0.0,0.0,False
2026-08-15T19:21,1786821673.3,a8805cdb-e305-42d0-b011-cb825380cf8e,Bushwick Ave @ Cooper St,truck,94,98,9212,0.959,1,0.0,0.0,False
2026-08-15T19:21,1786821655.3,068461e2-c62f-4ce4-adac-5f9efe92af1d,Bushwick Ave @ De Kalb Ave,truck,193,133,25669,1.451,1,0.0,0.0,False
2026-08-15T19:21,1786821655.3,068461e2-c62f-4ce4-adac-5f9efe92af1d,Bushwick Ave @ De Kalb Ave,car,75,75,5625,1.0,1,0.0,0.0,False
2026-08-15T19:21,1786821655.3,068461e2-c62f-4ce4-adac-5f9efe92af1d,Bushwick Ave @ De Kalb Ave,car,39,46,1794,0.848,1,0.0,0.0,False
2026-08-15T19:21,1786821657.3,068461e2-c62f-4ce4-adac-5f9efe92af1d,Bushwick Ave @ De Kalb Ave,car,135,181,24435,0.746,1,0.0,0.0,False
2026-08-15T19:21,1786821661.3,068461e2-c62f-4ce4-adac-5f9efe92af1d,Bushwick Ave @ De Kalb Ave,car,81,81,6561,1.0,1,0.0,0.0,False
2026-08-15T19:21,1786821661.3,068461e2-c62f-4ce4-adac-5f9efe92af1d,Bushwick Ave @ De Kalb Ave,car,44,42,1848,1.048,1,0.0,0.0,False
2026-08-15T19:21,1786821661.3,068461e2-c62f-4ce4-adac-5f9efe92af1d,Bushwick Ave @ De Kalb Ave,car,27,26,702,1.038,1,0.0,0.0,False
2026-08-15T19:21,1786821663.3,068461e2-c62f-4ce4-adac-5f9efe92af1d,Bushwick Ave @ De Kalb Ave,car,38,37,1406,1.027,1,0.0,0.0,False
2026-08-15T19:21,1786821663.3,068461e2-c62f-4ce4-adac-5f9efe92af1d,Bushwick Ave @ De Kalb Ave,truck,38,39,1482,0.974,1,0.0,0.0,False
2026-08-15T19:21,1786821663.3,068461e2-c62f-4ce4-adac-5f9efe92af1d,Bushwick Ave @ De Kalb Ave,car,56,53,2968,1.057,1,0.0,0.0,False
2026-08-15T19:21,1786821663.3,068461e2-c62f-4ce4-adac-5f9efe92af1d,Bushwick Ave @ De Kalb Ave,car,171,148,25308,1.155,2,145.6,11.51,False
2026-08-15T19:21,1786821667.3,068461e2-c62f-4ce4-adac-5f9efe92af1d,Bushwick Ave @ De Kalb Ave,car,49,41,2009,1.195,1,0.0,0.0,False
2026-08-15T19:21,1786821665.3,068461e2-c62f-4ce4-adac-5f9efe92af1d,Bushwick Ave @ De Kalb Ave,car,131,218,28558,0.601,3,63.2,23.26,False
2026-08-15T19:21,1786821669.3,068461e2-c62f-4ce4-adac-5f9efe92af1d,Bushwick Ave @ De Kalb Ave,truck,40,48,1920,0.833,3,265.6,3.26,False
2026-08-15T19:21,1786821653.3,089d8066-4e5e-4549-9496-a5f4ffb56ef5,7 Ave @ 9 St,car,155,75,11625,2.067,1,0.0,0.0,False
2026-08-15T19:21,1786821653.3,089d8066-4e5e-4549-9496-a5f4ffb56ef5,7 Ave @ 9 St,car,107,108,11556,0.991,1,0.0,0.0,False
2026-08-15T19:21,1786821653.3,089d8066-4e5e-4549-9496-a5f4ffb56ef5,7 Ave @ 9 St,car,98,31,3038,3.161,1,0.0,0.0,False
2026-08-15T19:21,1786821653.3,089d8066-4e5e-4549-9496-a5f4ffb56ef5,7 Ave @ 9 St,bus,158,74,11692,2.135,1,0.0,0.0,False
2026-08-15T19:21,1786821657.3,089d8066-4e5e-4549-9496-a5f4ffb56ef5,7 Ave @ 9 St,car,59,47,2773,1.255,1,0.0,0.0,False
2026-08-15T19:21,1786821657.3,089d8066-4e5e-4549-9496-a5f4ffb56ef5,7 Ave @ 9 St,car,41,36,1476,1.139,1,0.0,0.0,False
2026-08-15T19:21,1786821659.3,089d8066-4e5e-4549-9496-a5f4ffb56ef5,7 Ave @ 9 St,car,44,36,1584,1.222,1,0.0,0.0,False
2026-08-15T19:21,1786821659.3,089d8066-4e5e-4549-9496-a5f4ffb56ef5,7 Ave @ 9 St,car,119,73,8687,1.63,1,0.0,0.0,False
2026-08-15T19:21,1786821653.3,089d8066-4e5e-4549-9496-a5f4ffb56ef5,7 Ave @ 9 St,car,65,195,12675,0.333,3,95.1,28.11,False
2026-08-15T19:21,1786821661.3,089d8066-4e5e-4549-9496-a5f4ffb56ef5,7 Ave @ 9 St,car,31,53,1643,0.585,1,0.0,0.0,False
2026-08-15T19:21,1786821655.3,089d8066-4e5e-4549-9496-a5f4ffb56ef5,7 Ave @ 9 St,car,38,30,1140,1.267,4,45.0,0.24,False
2026-08-15T19:21,1786821653.3,089d8066-4e5e-4549-9496-a5f4ffb56ef5,7 Ave @ 9 St,truck,66,155,10230,0.426,10,90.0,0.06,False
2026-08-15T19:21,1786821669.3,089d8066-4e5e-4549-9496-a5f4ffb56ef5,7 Ave @ 9 St,truck,132,123,16236,1.073,2,40.7,23.75,False
2026-08-15T19:21,1786821669.3,089d8066-4e5e-4549-9496-a5f4ffb56ef5,7 Ave @ 9 St,car,133,123,16359,1.081,2,41.0,25.16,False
2026-08-15T19:21,1786821671.3,089d8066-4e5e-4549-9496-a5f4ffb56ef5,7 Ave @ 9 St,moto,41,54,2214,0.759,1,0.0,0.0,False
2026-08-15T19:21,1786821671.3,089d8066-4e5e-4549-9496-a5f4ffb56ef5,7 Ave @ 9 St,truck,131,124,16244,1.056,1,0.0,0.0,False
2026-08-15T19:21,1786821671.3,089d8066-4e5e-4549-9496-a5f4ffb56ef5,7 Ave @ 9 St,moto,38,39,1482,0.974,1,0.0,0.0,False
2026-08-15T19:21,1786821653.3,a8f2d065-c266-4378-ac63-50b81677da84,C2-PE-02-Ctr_at_Ft_Hamltn_Pkwy-Ex5,car,277,61,16897,4.541,1,0.0,0.0,False
2026-08-15T19:21,1786821653.3,053afe02-e1b3-4bea-9995-787e72c7fff4,Atlantic Ave @ Barclays Center,car,80,52,4160,1.538,1,0.0,0.0,False
2026-08-15T19:21,1786821653.3,053afe02-e1b3-4bea-9995-787e72c7fff4,Atlantic Ave @ Barclays Center,car,48,30,1440,1.6,2,90.0,0.5,False
2026-08-15T19:21,1786821655.3,053afe02-e1b3-4bea-9995-787e72c7fff4,Atlantic Ave @ Barclays Center,car,20,60,1200,0.333,1,0.0,0.0,False
2026-08-15T19:21,1786821653.3,053afe02-e1b3-4bea-9995-787e72c7fff4,Atlantic Ave @ Barclays Center,car,146,66,9636,2.212,3,31.4,15.82,False
2026-08-15T19:21,1786821657.3,053afe02-e1b3-4bea-9995-787e72c7fff4,Atlantic Ave @ Barclays Center,car,25,31,775,0.806,1,0.0,0.0,False
2026-08-15T19:21,1786821657.3,053afe02-e1b3-4bea-9995-787e72c7fff4,Atlantic Ave @ Barclays Center,car,49,47,2303,1.043,1,0.0,0.0,False
2026-08-15T19:21,1786821653.3,053afe02-e1b3-4bea-9995-787e72c7fff4,Atlantic Ave @ Barclays Center,car,42,31,1302,1.355,5,189.9,2.92,False
2026-08-15T19:21,1786821661.3,053afe02-e1b3-4bea-9995-787e72c7fff4,Atlantic Ave @ Barclays Center,car,83,56,4648,1.482,1,0.0,0.0,False
2026-08-15T19:21,1786821661.3,053afe02-e1b3-4bea-9995-787e72c7fff4,Atlantic Ave @ Barclays Center,car,56,40,2240,1.4,1,0.0,0.0,False
2026-08-15T19:21,1786821661.3,053afe02-e1b3-4bea-9995-787e72c7fff4,Atlantic Ave @ Barclays Center,car,39,26,1014,1.5,1,0.0,0.0,False
2026-08-15T19:21,1786821661.3,053afe02-e1b3-4bea-9995-787e72c7fff4,Atlantic Ave @ Barclays Center,car,30,23,690,1.304,1,0.0,0.0,False
2026-08-15T19:21,1786821659.3,053afe02-e1b3-4bea-9995-787e72c7fff4,Atlantic Ave @ Barclays Center,car,33,24,792,1.375,2,18.4,6.32,False
2026-08-15T19:21,1786821661.3,053afe02-e1b3-4bea-9995-787e72c7fff4,Atlantic Ave @ Barclays Center,car,179,113,20227,1.584,2,57.1,42.3,False
2026-08-15T19:21,1786821663.3,053afe02-e1b3-4bea-9995-787e72c7fff4,Atlantic Ave @ Barclays Center,car,66,46,3036,1.435,1,0.0,0.0,False
2026-08-15T19:21,1786821663.3,053afe02-e1b3-4bea-9995-787e72c7fff4,Atlantic Ave @ Barclays Center,car,81,33,2673,2.455,1,0.0,0.0,False
2026-08-15T19:21,1786821663.3,053afe02-e1b3-4bea-9995-787e72c7fff4,Atlantic Ave @ Barclays Center,car,37,24,888,1.542,1,0.0,0.0,False
2026-08-15T19:21,1786821657.3,053afe02-e1b3-4bea-9995-787e72c7fff4,Atlantic Ave @ Barclays Center,car,79,54,4266,1.463,4,14.4,6.02,False
2026-08-15T19:21,1786821663.3,053afe02-e1b3-4bea-9995-787e72c7fff4,Atlantic Ave @ Barclays Center,car,35,17,595,2.059,2,180.0,13.5,False
2026-08-15T19:21,1786821665.3,053afe02-e1b3-4bea-9995-787e72c7fff4,Atlantic Ave @ Barclays Center,truck,96,77,7392,1.247,1,0.0,0.0,False
2026-08-15T19:21,1786821665.3,053afe02-e1b3-4bea-9995-787e72c7fff4,Atlantic Ave @ Barclays Center,car,12,31,372,0.387,1,0.0,0.0,False
2026-08-15T19:21,1786821665.3,053afe02-e1b3-4bea-9995-787e72c7fff4,Atlantic Ave @ Barclays Center,car,98,76,7448,1.289,2,152.6,29.3,False
2026-08-15T19:21,1786821667.3,053afe02-e1b3-4bea-9995-787e72c7fff4,Atlantic Ave @ Barclays Center,truck,39,33,1287,1.182,1,0.0,0.0,False
2026-08-15T19:21,1786821667.3,053afe02-e1b3-4bea-9995-787e72c7fff4,Atlantic Ave @ Barclays Center,car,30,15,450,2.0,1,0.0,0.0,False
2026-08-15T19:21,1786821653.3,053afe02-e1b3-4bea-9995-787e72c7fff4,Atlantic Ave @ Barclays Center,car,135,91,12285,1.484,11,45.0,0.14,False
2026-08-15T19:21,1786821653.3,053afe02-e1b3-4bea-9995-787e72c7fff4,Atlantic Ave @ Barclays Center,car,62,46,2852,1.348,7,215.9,4.12,False
2026-08-15T19:21,1786821653.3,053afe02-e1b3-4bea-9995-787e72c7fff4,Atlantic Ave @ Barclays Center,car,87,102,8874,0.853,11,180.0,0.05,False
2026-08-15T19:21,1786821653.3,053afe02-e1b3-4bea-9995-787e72c7fff4,Atlantic Ave @ Barclays Center,car,99,84,8316,1.179,11,38.7,0.32,False
2026-08-15T19:21,1786821653.3,053afe02-e1b3-4bea-9995-787e72c7fff4,Atlantic Ave @ Barclays Center,car,61,54,3294,1.13,10,342.6,0.93,False
2026-08-15T19:21,1786821657.3,053afe02-e1b3-4bea-9995-787e72c7fff4,Atlantic Ave @ Barclays Center,car,110,69,7590,1.594,6,172.1,9.49,True
2026-08-15T19:21,1786821661.3,053afe02-e1b3-4bea-9995-787e72c7fff4,Atlantic Ave @ Barclays Center,car,79,68,5372,1.162,6,281.3,1.02,False
2026-08-15T19:21,1786821663.3,053afe02-e1b3-4bea-9995-787e72c7fff4,Atlantic Ave @ Barclays Center,car,227,105,23835,2.162,5,157.7,12.84,False
2026-08-15T19:21,1786821665.3,053afe02-e1b3-4bea-9995-787e72c7fff4,Atlantic Ave @ Barclays Center,car,149,106,15794,1.406,2,43.4,24.76,False
2026-08-15T19:21,1786821667.3,053afe02-e1b3-4bea-9995-787e72c7fff4,Atlantic Ave @ Barclays Center,car,33,59,1947,0.559,2,276.3,9.06,False
2026-08-15T19:21,1786821669.3,053afe02-e1b3-4bea-9995-787e72c7fff4,Atlantic Ave @ Barclays Center,car,75,46,3450,1.63,2,239.7,13.89,False
2026-08-15T19:21,1786821669.3,053afe02-e1b3-4bea-9995-787e72c7fff4,Atlantic Ave @ Barclays Center,car,45,29,1305,1.552,1,0.0,0.0,False
2026-08-15T19:21,1786821669.3,053afe02-e1b3-4bea-9995-787e72c7fff4,Atlantic Ave @ Barclays Center,car,38,23,874,1.652,2,250.3,7.43,False
2026-08-15T19:21,1786821669.3,053afe02-e1b3-4bea-9995-787e72c7fff4,Atlantic Ave @ Barclays Center,car,30,13,390,2.308,1,0.0,0.0,False
2026-08-15T19:21,1786821669.3,053afe02-e1b3-4bea-9995-787e72c7fff4,Atlantic Ave @ Barclays Center,car,48,22,1056,2.182,2,169.9,14.22,False
2026-08-15T19:21,1786821669.3,053afe02-e1b3-4bea-9995-787e72c7fff4,Atlantic Ave @ Barclays Center,car,57,54,3078,1.056,1,0.0,0.0,False
2026-08-15T19:21,1786821669.3,053afe02-e1b3-4bea-9995-787e72c7fff4,Atlantic Ave @ Barclays Center,car,34,14,476,2.429,1,0.0,0.0,False
2026-08-15T19:21,1786821671.3,053afe02-e1b3-4bea-9995-787e72c7fff4,Atlantic Ave @ Barclays Center,car,57,23,1311,2.478,1,0.0,0.0,False
2026-08-15T19:21,1786821671.3,053afe02-e1b3-4bea-9995-787e72c7fff4,Atlantic Ave @ Barclays Center,car,38,29,1102,1.31,2,319.8,8.51,False
2026-08-15T19:21,1786821671.3,053afe02-e1b3-4bea-9995-787e72c7fff4,Atlantic Ave @ Barclays Center,car,97,46,4462,2.109,1,0.0,0.0,False
2026-08-15T19:21,1786821653.3,fa287d30-44a9-48ef-90d6-5ab0a54eab15,Flatbush Ave and Atlantic Ave,car,36,34,1224,1.059,1,0.0,0.0,False
2026-08-15T19:21,1786821653.3,fa287d30-44a9-48ef-90d6-5ab0a54eab15,Flatbush Ave and Atlantic Ave,truck,128,73,9344,1.753,2,180.0,1.0,False
2026-08-15T19:21,1786821655.3,fa287d30-44a9-48ef-90d6-5ab0a54eab15,Flatbush Ave and Atlantic Ave,truck,62,112,6944,0.554,1,0.0,0.0,False
2026-08-15T19:21,1786821653.3,fa287d30-44a9-48ef-90d6-5ab0a54eab15,Flatbush Ave and Atlantic Ave,truck,126,74,9324,1.703,6,315.0,0.14,False
2026-08-15T19:21,1786821653.3,fa287d30-44a9-48ef-90d6-5ab0a54eab15,Flatbush Ave and Atlantic Ave,truck,72,76,5472,0.947,6,114.4,1.21,False
2026-08-15T19:21,1786821653.3,fa287d30-44a9-48ef-90d6-5ab0a54eab15,Flatbush Ave and Atlantic Ave,car,53,56,2968,0.946,10,98.1,0.39,False
2026-08-15T19:21,1786821653.3,fa287d30-44a9-48ef-90d6-5ab0a54eab15,Flatbush Ave and Atlantic Ave,truck,55,56,3080,0.982,9,108.4,0.4,False
2026-08-15T19:21,1786821663.3,fa287d30-44a9-48ef-90d6-5ab0a54eab15,Flatbush Ave and Atlantic Ave,car,125,74,9250,1.689,6,26.6,0.22,False
2026-08-15T19:21,1786821671.3,fa287d30-44a9-48ef-90d6-5ab0a54eab15,Flatbush Ave and Atlantic Ave,car,70,73,5110,0.959,1,0.0,0.0,False
2026-08-15T19:21,1786821653.3,5f4bef40-ddee-41fa-a623-6388d561f416,C2-PE-01-Cntr_at_Caton_Ave-Ex6,car,235,203,47705,1.158,1,0.0,0.0,False
2026-08-15T19:21,1786821653.3,5f4bef40-ddee-41fa-a623-6388d561f416,C2-PE-01-Cntr_at_Caton_Ave-Ex6,car,285,191,54435,1.492,1,0.0,0.0,False
2026-08-15T19:21,1786821653.3,5f4bef40-ddee-41fa-a623-6388d561f416,C2-PE-01-Cntr_at_Caton_Ave-Ex6,car,190,129,24510,1.473,1,0.0,0.0,False
2026-08-15T19:21,1786821653.3,5f4bef40-ddee-41fa-a623-6388d561f416,C2-PE-01-Cntr_at_Caton_Ave-Ex6,car,117,90,10530,1.3,1,0.0,0.0,False
2026-08-15T19:21,1786821653.3,5f4bef40-ddee-41fa-a623-6388d561f416,C2-PE-01-Cntr_at_Caton_Ave-Ex6,car,177,115,20355,1.539,1,0.0,0.0,False
2026-08-15T19:21,1786821653.3,5f4bef40-ddee-41fa-a623-6388d561f416,C2-PE-01-Cntr_at_Caton_Ave-Ex6,car,173,139,24047,1.245,1,0.0,0.0,False
2026-08-15T19:21,1786821653.3,5f4bef40-ddee-41fa-a623-6388d561f416,C2-PE-01-Cntr_at_Caton_Ave-Ex6,car,114,126,14364,0.905,1,0.0,0.0,False
2026-08-15T19:21,1786821655.3,5f4bef40-ddee-41fa-a623-6388d561f416,C2-PE-01-Cntr_at_Caton_Ave-Ex6,car,363,221,80223,1.643,1,0.0,0.0,False
2026-08-15T19:21,1786821655.3,5f4bef40-ddee-41fa-a623-6388d561f416,C2-PE-01-Cntr_at_Caton_Ave-Ex6,car,361,285,102885,1.267,1,0.0,0.0,False
2026-08-15T19:21,1786821655.3,5f4bef40-ddee-41fa-a623-6388d561f416,C2-PE-01-Cntr_at_Caton_Ave-Ex6,truck,364,290,105560,1.255,1,0.0,0.0,False
2026-08-15T19:21,1786821655.3,5f4bef40-ddee-41fa-a623-6388d561f416,C2-PE-01-Cntr_at_Caton_Ave-Ex6,car,145,123,17835,1.179,1,0.0,0.0,False
2026-08-15T19:21,1786821655.3,5f4bef40-ddee-41fa-a623-6388d561f416,C2-PE-01-Cntr_at_Caton_Ave-Ex6,car,94,74,6956,1.27,1,0.0,0.0,False
2026-08-15T19:21,1786821657.3,5f4bef40-ddee-41fa-a623-6388d561f416,C2-PE-01-Cntr_at_Caton_Ave-Ex6,car,701,567,397467,1.236,1,0.0,0.0,False
2026-08-15T19:21,1786821659.3,5f4bef40-ddee-41fa-a623-6388d561f416,C2-PE-01-Cntr_at_Caton_Ave-Ex6,car,709,465,329685,1.525,1,0.0,0.0,False
2026-08-15T19:21,1786821659.3,5f4bef40-ddee-41fa-a623-6388d561f416,C2-PE-01-Cntr_at_Caton_Ave-Ex6,car,307,212,65084,1.448,1,0.0,0.0,False
2026-08-15T19:21,1786821659.3,5f4bef40-ddee-41fa-a623-6388d561f416,C2-PE-01-Cntr_at_Caton_Ave-Ex6,car,264,192,50688,1.375,1,0.0,0.0,False
2026-08-15T19:21,1786821659.3,5f4bef40-ddee-41fa-a623-6388d561f416,C2-PE-01-Cntr_at_Caton_Ave-Ex6,car,131,114,14934,1.149,1,0.0,0.0,False
2026-08-15T19:21,1786821659.3,5f4bef40-ddee-41fa-a623-6388d561f416,C2-PE-01-Cntr_at_Caton_Ave-Ex6,car,169,98,16562,1.724,1,0.0,0.0,False
2026-08-15T19:21,1786821661.3,5f4bef40-ddee-41fa-a623-6388d561f416,C2-PE-01-Cntr_at_Caton_Ave-Ex6,car,136,98,13328,1.388,1,0.0,0.0,False
2026-08-15T19:21,1786821661.3,5f4bef40-ddee-41fa-a623-6388d561f416,C2-PE-01-Cntr_at_Caton_Ave-Ex6,car,661,172,113692,3.843,1,0.0,0.0,False
2026-08-15T19:21,1786821661.3,5f4bef40-ddee-41fa-a623-6388d561f416,C2-PE-01-Cntr_at_Caton_Ave-Ex6,car,208,144,29952,1.444,1,0.0,0.0,False
2026-08-15T19:21,1786821661.3,5f4bef40-ddee-41fa-a623-6388d561f416,C2-PE-01-Cntr_at_Caton_Ave-Ex6,car,365,320,116800,1.141,1,0.0,0.0,False
2026-08-15T19:21,1786821659.3,5f4bef40-ddee-41fa-a623-6388d561f416,C2-PE-01-Cntr_at_Caton_Ave-Ex6,car,594,363,215622,1.636,2,213.9,248.92,True
2026-08-15T19:21,1786821659.3,5f4bef40-ddee-41fa-a623-6388d561f416,C2-PE-01-Cntr_at_Caton_Ave-Ex6,car,110,77,8470,1.429,2,90.0,10.0,False
2026-08-15T19:21,1786821661.3,5f4bef40-ddee-41fa-a623-6388d561f416,C2-PE-01-Cntr_at_Caton_Ave-Ex6,car,232,143,33176,1.622,2,52.4,66.31,False
2026-08-15T19:21,1786821661.3,5f4bef40-ddee-41fa-a623-6388d561f416,C2-PE-01-Cntr_at_Caton_Ave-Ex6,car,78,71,5538,1.099,2,120.7,18.61,False
2026-08-15T19:21,1786821663.3,5f4bef40-ddee-41fa-a623-6388d561f416,C2-PE-01-Cntr_at_Caton_Ave-Ex6,car,171,136,23256,1.257,1,0.0,0.0,False
2026-08-15T19:21,1786821663.3,5f4bef40-ddee-41fa-a623-6388d561f416,C2-PE-01-Cntr_at_Caton_Ave-Ex6,car,160,130,20800,1.231,1,0.0,0.0,False
2026-08-15T19:21,1786821661.3,5f4bef40-ddee-41fa-a623-6388d561f416,C2-PE-01-Cntr_at_Caton_Ave-Ex6,car,79,56,4424,1.411,2,251.6,15.81,False
2026-08-15T19:21,1786821663.3,5f4bef40-ddee-41fa-a623-6388d561f416,C2-PE-01-Cntr_at_Caton_Ave-Ex6,car,132,90,11880,1.467,2,330.5,17.24,False
2026-08-15T19:21,1786821665.3,5f4bef40-ddee-41fa-a623-6388d561f416,C2-PE-01-Cntr_at_Caton_Ave-Ex6,car,240,148,35520,1.622,1,0.0,0.0,False
2026-08-15T19:21,1786821665.3,f9608ba1-608f-4dad-a8aa-9a9c1978b363,McDonald Ave @ 10th Ave / 20th St,car,59,56,3304,1.054,1,0.0,0.0,False
2026-08-15T19:21,1786821667.3,f9608ba1-608f-4dad-a8aa-9a9c1978b363,McDonald Ave @ 10th Ave / 20th St,car,23,17,391,1.353,1,0.0,0.0,False
2026-08-15T19:21,1786821653.3,9955d671-39ad-4fb7-b63e-4e78cf6ac157,Flatbush Ave and 4 Ave,car,91,87,7917,1.046,1,0.0,0.0,False
2026-08-15T19:21,1786821653.3,9955d671-39ad-4fb7-b63e-4e78cf6ac157,Flatbush Ave and 4 Ave,car,18,16,288,1.125,1,0.0,0.0,False
2026-08-15T19:21,1786821653.3,9955d671-39ad-4fb7-b63e-4e78cf6ac157,Flatbush Ave and 4 Ave,truck,48,97,4656,0.495,1,0.0,0.0,False
2026-08-15T19:21,1786821653.3,9955d671-39ad-4fb7-b63e-4e78cf6ac157,Flatbush Ave and 4 Ave,truck,50,40,2000,1.25,2,288.4,3.16,False
2026-08-15T19:21,1786821657.3,9955d671-39ad-4fb7-b63e-4e78cf6ac157,Flatbush Ave and 4 Ave,car,30,28,840,1.071,1,0.0,0.0,False
2026-08-15T19:21,1786821655.3,9955d671-39ad-4fb7-b63e-4e78cf6ac157,Flatbush Ave and 4 Ave,car,81,100,8100,0.81,2,95.2,5.52,False
2026-08-15T19:21,1786821659.3,9955d671-39ad-4fb7-b63e-4e78cf6ac157,Flatbush Ave and 4 Ave,car,29,29,841,1.0,1,0.0,0.0,False
2026-08-15T19:21,1786821661.3,9955d671-39ad-4fb7-b63e-4e78cf6ac157,Flatbush Ave and 4 Ave,truck,48,99,4752,0.485,1,0.0,0.0,False
2026-08-15T19:21,1786821661.3,9955d671-39ad-4fb7-b63e-4e78cf6ac157,Flatbush Ave and 4 Ave,bus,47,98,4606,0.48,1,0.0,0.0,False
2026-08-15T19:21,1786821661.3,9955d671-39ad-4fb7-b63e-4e78cf6ac157,Flatbush Ave and 4 Ave,truck,42,44,1848,0.955,2,284.0,2.06,False
2026-08-15T19:21,1786821667.3,9955d671-39ad-4fb7-b63e-4e78cf6ac157,Flatbush Ave and 4 Ave,truck,49,91,4459,0.538,1,0.0,0.0,False
2026-08-15T19:21,1786821655.3,9955d671-39ad-4fb7-b63e-4e78cf6ac157,Flatbush Ave and 4 Ave,car,82,134,10988,0.612,9,135.0,0.09,False
2026-08-15T19:21,1786821659.3,9955d671-39ad-4fb7-b63e-4e78cf6ac157,Flatbush Ave and 4 Ave,truck,45,57,2565,0.789,8,135.0,0.1,False
2026-08-15T19:21,1786821661.3,9955d671-39ad-4fb7-b63e-4e78cf6ac157,Flatbush Ave and 4 Ave,truck,40,48,1920,0.833,7,63.4,0.37,False
2026-08-15T19:21,1786821653.3,2293205b-2b15-44da-8220-6833a13c5a80,Ocean Pkwy @ Church Ave,car,187,111,20757,1.685,1,0.0,0.0,False
2026-08-15T19:21,1786821653.3,2293205b-2b15-44da-8220-6833a13c5a80,Ocean Pkwy @ Church Ave,car,46,47,2162,0.979,1,0.0,0.0,False
2026-08-15T19:21,1786821653.3,2293205b-2b15-44da-8220-6833a13c5a80,Ocean Pkwy @ Church Ave,car,31,30,930,1.033,1,0.0,0.0,False
2026-08-15T19:21,1786821653.3,2293205b-2b15-44da-8220-6833a13c5a80,Ocean Pkwy @ Church Ave,car,67,77,5159,0.87,1,0.0,0.0,False
2026-08-15T19:21,1786821653.3,2293205b-2b15-44da-8220-6833a13c5a80,Ocean Pkwy @ Church Ave,truck,88,125,11000,0.704,2,102.7,50.22,True
2026-08-15T19:21,1786821655.3,2293205b-2b15-44da-8220-6833a13c5a80,Ocean Pkwy @ Church Ave,truck,65,74,4810,0.878,1,0.0,0.0,False
2026-08-15T19:21,1786821655.3,2293205b-2b15-44da-8220-6833a13c5a80,Ocean Pkwy @ Church Ave,car,53,55,2915,0.964,1,0.0,0.0,False
2026-08-15T19:21,1786821653.3,2293205b-2b15-44da-8220-6833a13c5a80,Ocean Pkwy @ Church Ave,car,23,23,529,1.0,2,299.1,5.15,False
2026-08-15T19:21,1786821659.3,2293205b-2b15-44da-8220-6833a13c5a80,Ocean Pkwy @ Church Ave,car,40,39,1560,1.026,2,135.0,0.71,False
2026-08-15T19:21,1786821661.3,2293205b-2b15-44da-8220-6833a13c5a80,Ocean Pkwy @ Church Ave,moto,64,39,2496,1.641,1,0.0,0.0,False
2026-08-15T19:21,1786821663.3,2293205b-2b15-44da-8220-6833a13c5a80,Ocean Pkwy @ Church Ave,car,28,19,532,1.474,1,0.0,0.0,False
2026-08-15T19:21,1786821665.3,2293205b-2b15-44da-8220-6833a13c5a80,Ocean Pkwy @ Church Ave,car,46,104,4784,0.442,1,0.0,0.0,False
2026-08-15T19:21,1786821655.3,2293205b-2b15-44da-8220-6833a13c5a80,Ocean Pkwy @ Church Ave,car,92,106,9752,0.868,8,271.9,2.14,False
2026-08-15T19:21,1786821659.3,2293205b-2b15-44da-8220-6833a13c5a80,Ocean Pkwy @ Church Ave,truck,80,83,6640,0.964,4,90.0,0.67,False
2026-08-15T19:21,1786821665.3,2293205b-2b15-44da-8220-6833a13c5a80,Ocean Pkwy @ Church Ave,car,49,45,2205,1.089,3,288.4,0.79,False
2026-08-15T19:21,1786821669.3,2293205b-2b15-44da-8220-6833a13c5a80,Ocean Pkwy @ Church Ave,car,75,53,3975,1.415,1,0.0,0.0,False
2026-08-15T19:21,1786821653.3,3c079db6-117c-4e79-94ed-5178c1517091,Prospect Expwy @ Prospect Park W @ 19 St,truck,47,44,2068,1.068,1,0.0,0.0,False
2026-08-15T19:21,1786821653.3,3c079db6-117c-4e79-94ed-5178c1517091,Prospect Expwy @ Prospect Park W @ 19 St,truck,70,46,3220,1.522,1,0.0,0.0,False
2026-08-15T19:21,1786821653.3,3c079db6-117c-4e79-94ed-5178c1517091,Prospect Expwy @ Prospect Park W @ 19 St,car,38,35,1330,1.086,1,0.0,0.0,False
2026-08-15T19:21,1786821653.3,3c079db6-117c-4e79-94ed-5178c1517091,Prospect Expwy @ Prospect Park W @ 19 St,truck,55,43,2365,1.279,1,0.0,0.0,False
2026-08-15T19:21,1786821653.3,3c079db6-117c-4e79-94ed-5178c1517091,Prospect Expwy @ Prospect Park W @ 19 St,car,44,38,1672,1.158,1,0.0,0.0,False
2026-08-15T19:21,1786821653.3,3c079db6-117c-4e79-94ed-5178c1517091,Prospect Expwy @ Prospect Park W @ 19 St,car,46,42,1932,1.095,1,0.0,0.0,False
2026-08-15T19:21,1786821653.3,3c079db6-117c-4e79-94ed-5178c1517091,Prospect Expwy @ Prospect Park W @ 19 St,truck,45,38,1710,1.184,1,0.0,0.0,False
2026-08-15T19:21,1786821653.3,3c079db6-117c-4e79-94ed-5178c1517091,Prospect Expwy @ Prospect Park W @ 19 St,truck,38,37,1406,1.027,1,0.0,0.0,False
2026-08-15T19:21,1786821655.3,3c079db6-117c-4e79-94ed-5178c1517091,Prospect Expwy @ Prospect Park W @ 19 St,truck,59,52,3068,1.135,1,0.0,0.0,False
2026-08-15T19:21,1786821655.3,3c079db6-117c-4e79-94ed-5178c1517091,Prospect Expwy @ Prospect Park W @ 19 St,car,65,53,3445,1.226,1,0.0,0.0,False
2026-08-15T19:21,1786821653.3,3c079db6-117c-4e79-94ed-5178c1517091,Prospect Expwy @ Prospect Park W @ 19 St,truck,50,51,2550,0.98,2,94.9,29.11,True
2026-08-15T19:21,1786821655.3,3c079db6-117c-4e79-94ed-5178c1517091,Prospect Expwy @ Prospect Park W @ 19 St,truck,64,53,3392,1.208,2,216.9,25.0,False
2026-08-15T19:21,1786821655.3,3c079db6-117c-4e79-94ed-5178c1517091,Prospect Expwy @ Prospect Park W @ 19 St,car,34,21,714,1.619,2,15.9,3.64,False
2026-08-15T19:21,1786821657.3,3c079db6-117c-4e79-94ed-5178c1517091,Prospect Expwy @ Prospect Park W @ 19 St,truck,77,87,6699,0.885,1,0.0,0.0,False
2026-08-15T19:21,1786821657.3,3c079db6-117c-4e79-94ed-5178c1517091,Prospect Expwy @ Prospect Park W @ 19 St,car,40,35,1400,1.143,1,0.0,0.0,False
2026-08-15T19:21,1786821657.3,3c079db6-117c-4e79-94ed-5178c1517091,Prospect Expwy @ Prospect Park W @ 19 St,truck,54,59,3186,0.915,1,0.0,0.0,False
2026-08-15T19:21,1786821657.3,3c079db6-117c-4e79-94ed-5178c1517091,Prospect Expwy @ Prospect Park W @ 19 St,car,36,20,720,1.8,1,0.0,0.0,False
2026-08-15T19:21,1786821659.3,3c079db6-117c-4e79-94ed-5178c1517091,Prospect Expwy @ Prospect Park W @ 19 St,car,77,46,3542,1.674,1,0.0,0.0,False
2026-08-15T19:21,1786821659.3,3c079db6-117c-4e79-94ed-5178c1517091,Prospect Expwy @ Prospect Park W @ 19 St,truck,64,61,3904,1.049,1,0.0,0.0,False
2026-08-15T19:21,1786821659.3,3c079db6-117c-4e79-94ed-5178c1517091,Prospect Expwy @ Prospect Park W @ 19 St,car,29,23,667,1.261,1,0.0,0.0,False
2026-08-15T19:21,1786821657.3,3c079db6-117c-4e79-94ed-5178c1517091,Prospect Expwy @ Prospect Park W @ 19 St,truck,71,60,4260,1.183,3,296.1,30.63,True
2026-08-15T19:21,1786821657.3,3c079db6-117c-4e79-94ed-5178c1517091,Prospect Expwy @ Prospect Park W @ 19 St,car,49,39,1911,1.256,2,240.6,18.36,False
2026-08-15T19:21,1786821657.3,3c079db6-117c-4e79-94ed-5178c1517091,Prospect Expwy @ Prospect Park W @ 19 St,car,34,44,1496,0.773,2,273.8,7.52,False
2026-08-15T19:21,1786821659.3,3c079db6-117c-4e79-94ed-5178c1517091,Prospect Expwy @ Prospect Park W @ 19 St,truck,55,52,2860,1.058,3,54.9,8.25,False
2026-08-15T19:21,1786821659.3,3c079db6-117c-4e79-94ed-5178c1517091,Prospect Expwy @ Prospect Park W @ 19 St,truck,47,40,1880,1.175,2,103.4,23.65,True
2026-08-15T19:21,1786821661.3,3c079db6-117c-4e79-94ed-5178c1517091,Prospect Expwy @ Prospect Park W @ 19 St,car,59,49,2891,1.204,1,0.0,0.0,False
2026-08-15T19:21,1786821661.3,3c079db6-117c-4e79-94ed-5178c1517091,Prospect Expwy @ Prospect Park W @ 19 St,truck,45,53,2385,0.849,2,131.5,23.38,True
2026-08-15T19:21,1786821661.3,3c079db6-117c-4e79-94ed-5178c1517091,Prospect Expwy @ Prospect Park W @ 19 St,car,39,35,1365,1.114,1,0.0,0.0,False
2026-08-15T19:21,1786821661.3,3c079db6-117c-4e79-94ed-5178c1517091,Prospect Expwy @ Prospect Park W @ 19 St,car,38,35,1330,1.086,1,0.0,0.0,False
2026-08-15T19:21,1786821661.3,3c079db6-117c-4e79-94ed-5178c1517091,Prospect Expwy @ Prospect Park W @ 19 St,car,28,27,756,1.037,1,0.0,0.0,False
2026-08-15T19:21,1786821661.3,3c079db6-117c-4e79-94ed-5178c1517091,Prospect Expwy @ Prospect Park W @ 19 St,car,29,28,812,1.036,1,0.0,0.0,False
2026-08-15T19:21,1786821661.3,3c079db6-117c-4e79-94ed-5178c1517091,Prospect Expwy @ Prospect Park W @ 19 St,truck,29,28,812,1.036,2,203.2,7.62,False
2026-08-15T19:21,1786821661.3,3c079db6-117c-4e79-94ed-5178c1517091,Prospect Expwy @ Prospect Park W @ 19 St,truck,40,38,1520,1.053,2,288.9,18.5,True
2026-08-15T19:21,1786821663.3,3c079db6-117c-4e79-94ed-5178c1517091,Prospect Expwy @ Prospect Park W @ 19 St,car,57,46,2622,1.239,1,0.0,0.0,False
2026-08-15T19:21,1786821663.3,3c079db6-117c-4e79-94ed-5178c1517091,Prospect Expwy @ Prospect Park W @ 19 St,truck,53,50,2650,1.06,2,81.6,13.65,False
2026-08-15T19:21,1786821663.3,3c079db6-117c-4e79-94ed-5178c1517091,Prospect Expwy @ Prospect Park W @ 19 St,truck,45,39,1755,1.154,1,0.0,0.0,False
2026-08-15T19:21,1786821663.3,3c079db6-117c-4e79-94ed-5178c1517091,Prospect Expwy @ Prospect Park W @ 19 St,car,45,38,1710,1.184,1,0.0,0.0,False
2026-08-15T19:21,1786821663.3,3c079db6-117c-4e79-94ed-5178c1517091,Prospect Expwy @ Prospect Park W @ 19 St,truck,58,45,2610,1.289,1,0.0,0.0,False
2026-08-15T19:21,1786821663.3,3c079db6-117c-4e79-94ed-5178c1517091,Prospect Expwy @ Prospect Park W @ 19 St,car,67,110,7370,0.609,2,78.8,43.83,False
2026-08-15T19:21,1786821665.3,3c079db6-117c-4e79-94ed-5178c1517091,Prospect Expwy @ Prospect Park W @ 19 St,car,31,25,775,1.24,1,0.0,0.0,False
2026-08-15T19:21,1786821665.3,3c079db6-117c-4e79-94ed-5178c1517091,Prospect Expwy @ Prospect Park W @ 19 St,truck,66,66,4356,1.0,1,0.0,0.0,False
2026-08-15T19:21,1786821665.3,3c079db6-117c-4e79-94ed-5178c1517091,Prospect Expwy @ Prospect Park W @ 19 St,car,22,18,396,1.222,1,0.0,0.0,False
2026-08-15T19:21,1786821665.3,3c079db6-117c-4e79-94ed-5178c1517091,Prospect Expwy @ Prospect Park W @ 19 St,car,41,31,1271,1.323,1,0.0,0.0,False
2026-08-15T19:21,1786821653.3,5a9ebe48-fb36-4de7-8666-f50de83c7941,Flatbush Ave @ Nostrand Ave,car,31,31,961,1.0,2,0.0,1.5,False
2026-08-15T19:21,1786821655.3,5a9ebe48-fb36-4de7-8666-f50de83c7941,Flatbush Ave @ Nostrand Ave,car,61,43,2623,1.419,3,9.5,1.52,False
2026-08-15T19:21,1786821659.3,5a9ebe48-fb36-4de7-8666-f50de83c7941,Flatbush Ave @ Nostrand Ave,car,39,23,897,1.696,1,0.0,0.0,False
2026-08-15T19:21,1786821661.3,5a9ebe48-fb36-4de7-8666-f50de83c7941,Flatbush Ave @ Nostrand Ave,car,26,30,780,0.867,1,0.0,0.0,False
2026-08-15T19:21,1786821659.3,5a9ebe48-fb36-4de7-8666-f50de83c7941,Flatbush Ave @ Nostrand Ave,truck,29,28,812,1.036,2,146.3,1.8,False
2026-08-15T19:21,1786821663.3,5a9ebe48-fb36-4de7-8666-f50de83c7941,Flatbush Ave @ Nostrand Ave,car,48,51,2448,0.941,1,0.0,0.0,False
2026-08-15T19:21,1786821665.3,5a9ebe48-fb36-4de7-8666-f50de83c7941,Flatbush Ave @ Nostrand Ave,car,38,29,1102,1.31,1,0.0,0.0,False
2026-08-15T19:21,1786821665.3,5a9ebe48-fb36-4de7-8666-f50de83c7941,Flatbush Ave @ Nostrand Ave,car,54,43,2322,1.256,1,0.0,0.0,False
2026-08-15T19:21,1786821657.3,5a9ebe48-fb36-4de7-8666-f50de83c7941,Flatbush Ave @ Nostrand Ave,car,77,55,4235,1.4,5,22.0,6.34,False
2026-08-15T19:21,1786821653.3,5a9ebe48-fb36-4de7-8666-f50de83c7941,Flatbush Ave @ Nostrand Ave,car,56,58,3248,0.966,11,204.0,1.48,False
2026-08-15T19:21,1786821653.3,5a9ebe48-fb36-4de7-8666-f50de83c7941,Flatbush Ave @ Nostrand Ave,car,74,51,3774,1.451,11,206.6,0.11,False
2026-08-15T19:21,1786821653.3,5a9ebe48-fb36-4de7-8666-f50de83c7941,Flatbush Ave @ Nostrand Ave,car,41,44,1804,0.932,10,225.0,0.08,False
2026-08-15T19:21,1786821653.3,5a9ebe48-fb36-4de7-8666-f50de83c7941,Flatbush Ave @ Nostrand Ave,car,59,48,2832,1.229,11,18.4,0.47,False
2026-08-15T19:21,1786821655.3,5a9ebe48-fb36-4de7-8666-f50de83c7941,Flatbush Ave @ Nostrand Ave,car,109,103,11227,1.058,10,108.4,0.18,False
2026-08-15T19:21,1786821661.3,5a9ebe48-fb36-4de7-8666-f50de83c7941,Flatbush Ave @ Nostrand Ave,car,32,36,1152,0.889,7,7.1,0.67,False
2026-08-15T19:21,1786821669.3,5a9ebe48-fb36-4de7-8666-f50de83c7941,Flatbush Ave @ Nostrand Ave,car,18,21,378,0.857,1,0.0,0.0,False
2026-08-15T19:21,1786821671.3,5a9ebe48-fb36-4de7-8666-f50de83c7941,Flatbush Ave @ Nostrand Ave,car,51,30,1530,1.7,2,191.9,9.71,False
2026-08-15T19:21,1786821671.3,5a9ebe48-fb36-4de7-8666-f50de83c7941,Flatbush Ave @ Nostrand Ave,car,49,22,1078,2.227,1,0.0,0.0,False
2026-08-15T19:21,1786821673.3,5a9ebe48-fb36-4de7-8666-f50de83c7941,Flatbush Ave @ Nostrand Ave,car,60,40,2400,1.5,1,0.0,0.0,False
2026-08-15T19:21,1786821673.3,5a9ebe48-fb36-4de7-8666-f50de83c7941,Flatbush Ave @ Nostrand Ave,car,36,35,1260,1.029,1,0.0,0.0,False
2026-08-15T19:21,1786821673.3,5a9ebe48-fb36-4de7-8666-f50de83c7941,Flatbush Ave @ Nostrand Ave,car,37,34,1258,1.088,1,0.0,0.0,False
2026-08-15T19:21,1786821673.3,5a9ebe48-fb36-4de7-8666-f50de83c7941,Flatbush Ave @ Nostrand Ave,car,26,25,650,1.04,1,0.0,0.0,False
2026-08-15T19:21,1786821653.3,88895623-f6fa-4509-a927-8eae076725da,Ft. Hamilton Pkwy @ McDonald Ave,truck,74,112,8288,0.661,1,0.0,0.0,False
2026-08-15T19:21,1786821657.3,88895623-f6fa-4509-a927-8eae076725da,Ft. Hamilton Pkwy @ McDonald Ave,car,74,83,6142,0.892,1,0.0,0.0,False
2026-08-15T19:21,1786821661.3,88895623-f6fa-4509-a927-8eae076725da,Ft. Hamilton Pkwy @ McDonald Ave,car,21,13,273,1.615,1,0.0,0.0,False
2026-08-15T19:21,1786821653.3,88895623-f6fa-4509-a927-8eae076725da,Ft. Hamilton Pkwy @ McDonald Ave,car,183,146,26718,1.253,6,163.4,3.86,False
2026-08-15T19:21,1786821663.3,88895623-f6fa-4509-a927-8eae076725da,Ft. Hamilton Pkwy @ McDonald Ave,car,95,96,9120,0.99,1,0.0,0.0,False
2026-08-15T19:21,1786821663.3,88895623-f6fa-4509-a927-8eae076725da,Ft. Hamilton Pkwy @ McDonald Ave,car,42,41,1722,1.024,1,0.0,0.0,False
2026-08-15T19:21,1786821665.3,88895623-f6fa-4509-a927-8eae076725da,Ft. Hamilton Pkwy @ McDonald Ave,car,48,45,2160,1.067,1,0.0,0.0,False
2026-08-15T19:21,1786821665.3,88895623-f6fa-4509-a927-8eae076725da,Ft. Hamilton Pkwy @ McDonald Ave,car,51,35,1785,1.457,1,0.0,0.0,False
2026-08-15T19:21,1786821665.3,88895623-f6fa-4509-a927-8eae076725da,Ft. Hamilton Pkwy @ McDonald Ave,car,72,37,2664,1.946,1,0.0,0.0,False
2026-08-15T19:21,1786821665.3,88895623-f6fa-4509-a927-8eae076725da,Ft. Hamilton Pkwy @ McDonald Ave,car,37,34,1258,1.088,1,0.0,0.0,False
2026-08-15T19:21,1786821653.3,88895623-f6fa-4509-a927-8eae076725da,Ft. Hamilton Pkwy @ McDonald Ave,car,37,28,1036,1.321,6,236.3,0.36,False
2026-08-15T19:21,1786821667.3,88895623-f6fa-4509-a927-8eae076725da,Ft. Hamilton Pkwy @ McDonald Ave,car,21,21,441,1.0,1,0.0,0.0,False
2026-08-15T19:21,1786821667.3,88895623-f6fa-4509-a927-8eae076725da,Ft. Hamilton Pkwy @ McDonald Ave,car,37,28,1036,1.321,1,0.0,0.0,False
2026-08-15T19:21,1786821653.3,88895623-f6fa-4509-a927-8eae076725da,Ft. Hamilton Pkwy @ McDonald Ave,car,146,117,17082,1.248,9,169.7,0.7,False
2026-08-15T19:21,1786821653.3,88895623-f6fa-4509-a927-8eae076725da,Ft. Hamilton Pkwy @ McDonald Ave,car,64,60,3840,1.067,11,341.6,0.16,False
2026-08-15T19:21,1786821673.3,88895623-f6fa-4509-a927-8eae076725da,Ft. Hamilton Pkwy @ McDonald Ave,car,36,27,972,1.333,1,0.0,0.0,False
2026-08-15T19:21,1786821673.3,88895623-f6fa-4509-a927-8eae076725da,Ft. Hamilton Pkwy @ McDonald Ave,car,51,50,2550,1.02,1,0.0,0.0,False
2026-08-15T19:21,1786821653.3,0bbea8bd-10f1-4126-b3c5-9e9432eab749,Atlantic Ave @ Pennsylvania Ave,truck,83,62,5146,1.339,1,0.0,0.0,False
2026-08-15T19:21,1786821655.3,0bbea8bd-10f1-4126-b3c5-9e9432eab749,Atlantic Ave @ Pennsylvania Ave,truck,254,221,56134,1.149,1,0.0,0.0,False
2026-08-15T19:21,1786821655.3,0bbea8bd-10f1-4126-b3c5-9e9432eab749,Atlantic Ave @ Pennsylvania Ave,truck,52,31,1612,1.677,2,26.6,1.12,False
2026-08-15T19:21,1786821657.3,0bbea8bd-10f1-4126-b3c5-9e9432eab749,Atlantic Ave @ Pennsylvania Ave,car,48,37,1776,1.297,1,0.0,0.0,False
2026-08-15T19:21,1786821657.3,0bbea8bd-10f1-4126-b3c5-9e9432eab749,Atlantic Ave @ Pennsylvania Ave,truck,48,37,1776,1.297,1,0.0,0.0,False
2026-08-15T19:21,1786821657.3,0bbea8bd-10f1-4126-b3c5-9e9432eab749,Atlantic Ave @ Pennsylvania Ave,truck,57,77,4389,0.74,1,0.0,0.0,False
2026-08-15T19:21,1786821659.3,0bbea8bd-10f1-4126-b3c5-9e9432eab749,Atlantic Ave @ Pennsylvania Ave,truck,36,43,1548,0.837,1,0.0,0.0,False
2026-08-15T19:21,1786821659.3,0bbea8bd-10f1-4126-b3c5-9e9432eab749,Atlantic Ave @ Pennsylvania Ave,car,50,29,1450,1.724,1,0.0,0.0,False
2026-08-15T19:21,1786821659.3,0bbea8bd-10f1-4126-b3c5-9e9432eab749,Atlantic Ave @ Pennsylvania Ave,car,23,16,368,1.438,1,0.0,0.0,False
2026-08-15T19:21,1786821659.3,0bbea8bd-10f1-4126-b3c5-9e9432eab749,Atlantic Ave @ Pennsylvania Ave,car,44,35,1540,1.257,1,0.0,0.0,False
2026-08-15T19:21,1786821659.3,0bbea8bd-10f1-4126-b3c5-9e9432eab749,Atlantic Ave @ Pennsylvania Ave,car,102,58,5916,1.759,2,98.1,3.54,False
2026-08-15T19:21,1786821661.3,0bbea8bd-10f1-4126-b3c5-9e9432eab749,Atlantic Ave @ Pennsylvania Ave,car,57,42,2394,1.357,2,45.0,1.41,False
2026-08-15T19:21,1786821663.3,0bbea8bd-10f1-4126-b3c5-9e9432eab749,Atlantic Ave @ Pennsylvania Ave,car,104,72,7488,1.444,1,0.0,0.0,False
2026-08-15T19:21,1786821663.3,0bbea8bd-10f1-4126-b3c5-9e9432eab749,Atlantic Ave @ Pennsylvania Ave,car,108,128,13824,0.844,1,0.0,0.0,False
2026-08-15T19:21,1786821663.3,0bbea8bd-10f1-4126-b3c5-9e9432eab749,Atlantic Ave @ Pennsylvania Ave,truck,109,129,14061,0.845,1,0.0,0.0,False
2026-08-15T19:21,1786821663.3,0bbea8bd-10f1-4126-b3c5-9e9432eab749,Atlantic Ave @ Pennsylvania Ave,car,94,42,3948,2.238,1,0.0,0.0,False
2026-08-15T19:21,1786821663.3,0bbea8bd-10f1-4126-b3c5-9e9432eab749,Atlantic Ave @ Pennsylvania Ave,car,24,14,336,1.714,1,0.0,0.0,False
2026-08-15T19:21,1786821655.3,0bbea8bd-10f1-4126-b3c5-9e9432eab749,Atlantic Ave @ Pennsylvania Ave,car,66,38,2508,1.737,5,353.3,2.14,False
2026-08-15T19:21,1786821665.3,0bbea8bd-10f1-4126-b3c5-9e9432eab749,Atlantic Ave @ Pennsylvania Ave,car,51,46,2346,1.109,1,0.0,0.0,False
2026-08-15T19:21,1786821653.3,0bbea8bd-10f1-4126-b3c5-9e9432eab749,Atlantic Ave @ Pennsylvania Ave,car,188,147,27636,1.279,8,278.1,0.51,False
2026-08-15T19:21,1786821667.3,0bbea8bd-10f1-4126-b3c5-9e9432eab749,Atlantic Ave @ Pennsylvania Ave,car,95,48,4560,1.979,1,0.0,0.0,False
2026-08-15T19:21,1786821667.3,0bbea8bd-10f1-4126-b3c5-9e9432eab749,Atlantic Ave @ Pennsylvania Ave,car,84,50,4200,1.68,1,0.0,0.0,False
2026-08-15T19:21,1786821667.3,0bbea8bd-10f1-4126-b3c5-9e9432eab749,Atlantic Ave @ Pennsylvania Ave,car,41,37,1517,1.108,1,0.0,0.0,False
2026-08-15T19:21,1786821653.3,0bbea8bd-10f1-4126-b3c5-9e9432eab749,Atlantic Ave @ Pennsylvania Ave,car,116,85,9860,1.365,10,170.3,1.97,False
2026-08-15T19:21,1786821653.3,0bbea8bd-10f1-4126-b3c5-9e9432eab749,Atlantic Ave @ Pennsylvania Ave,car,27,20,540,1.35,10,252.6,0.93,False
2026-08-15T19:21,1786821653.3,0bbea8bd-10f1-4126-b3c5-9e9432eab749,Atlantic Ave @ Pennsylvania Ave,car,29,20,580,1.45,10,45.0,0.16,False
2026-08-15T19:21,1786821653.3,0bbea8bd-10f1-4126-b3c5-9e9432eab749,Atlantic Ave @ Pennsylvania Ave,car,89,69,6141,1.29,11,154.7,2.1,False
2026-08-15T19:21,1786821653.3,0bbea8bd-10f1-4126-b3c5-9e9432eab749,Atlantic Ave @ Pennsylvania Ave,car,102,54,5508,1.889,10,154.7,2.21,False
2026-08-15T19:21,1786821655.3,0bbea8bd-10f1-4126-b3c5-9e9432eab749,Atlantic Ave @ Pennsylvania Ave,truck,145,101,14645,1.436,7,149.7,1.16,False
2026-08-15T19:21,1786821657.3,0bbea8bd-10f1-4126-b3c5-9e9432eab749,Atlantic Ave @ Pennsylvania Ave,car,81,91,7371,0.89,8,110.7,2.83,False
2026-08-15T19:21,1786821657.3,0bbea8bd-10f1-4126-b3c5-9e9432eab749,Atlantic Ave @ Pennsylvania Ave,car,21,18,378,1.167,6,180.0,0.2,False
2026-08-15T19:21,1786821659.3,0bbea8bd-10f1-4126-b3c5-9e9432eab749,Atlantic Ave @ Pennsylvania Ave,car,65,48,3120,1.354,7,147.7,2.96,False
2026-08-15T19:21,1786821659.3,0bbea8bd-10f1-4126-b3c5-9e9432eab749,Atlantic Ave @ Pennsylvania Ave,car,68,45,3060,1.511,6,153.4,0.22,False
2026-08-15T19:21,1786821659.3,0bbea8bd-10f1-4126-b3c5-9e9432eab749,Atlantic Ave @ Pennsylvania Ave,car,106,83,8798,1.277,6,164.1,0.73,False
2026-08-15T19:21,1786821661.3,0bbea8bd-10f1-4126-b3c5-9e9432eab749,Atlantic Ave @ Pennsylvania Ave,car,66,30,1980,2.2,4,108.4,1.05,False
2026-08-15T19:21,1786821663.3,0bbea8bd-10f1-4126-b3c5-9e9432eab749,Atlantic Ave @ Pennsylvania Ave,car,67,38,2546,1.763,5,45.0,0.35,False
2026-08-15T19:21,1786821667.3,0bbea8bd-10f1-4126-b3c5-9e9432eab749,Atlantic Ave @ Pennsylvania Ave,car,36,30,1080,1.2,2,0.0,16.5,True
2026-08-15T19:21,1786821669.3,0bbea8bd-10f1-4126-b3c5-9e9432eab749,Atlantic Ave @ Pennsylvania Ave,car,27,21,567,1.286,1,0.0,0.0,False
2026-08-15T19:21,1786821669.3,0bbea8bd-10f1-4126-b3c5-9e9432eab749,Atlantic Ave @ Pennsylvania Ave,car,26,27,702,0.963,3,133.2,10.97,True
2026-08-15T19:21,1786821669.3,0bbea8bd-10f1-4126-b3c5-9e9432eab749,Atlantic Ave @ Pennsylvania Ave,truck,68,62,4216,1.097,1,0.0,0.0,False
2026-08-15T19:21,1786821669.3,0bbea8bd-10f1-4126-b3c5-9e9432eab749,Atlantic Ave @ Pennsylvania Ave,car,69,50,3450,1.38,3,110.0,2.93,False
2026-08-15T19:21,1786821669.3,0bbea8bd-10f1-4126-b3c5-9e9432eab749,Atlantic Ave @ Pennsylvania Ave,car,69,62,4278,1.113,1,0.0,0.0,False
2026-08-15T19:21,1786821669.3,0bbea8bd-10f1-4126-b3c5-9e9432eab749,Atlantic Ave @ Pennsylvania Ave,car,61,30,1830,2.033,2,232.3,13.9,False
2026-08-15T19:21,1786821669.3,0bbea8bd-10f1-4126-b3c5-9e9432eab749,Atlantic Ave @ Pennsylvania Ave,car,25,14,350,1.786,3,135.0,1.06,False
2026-08-15T19:21,1786821671.3,0bbea8bd-10f1-4126-b3c5-9e9432eab749,Atlantic Ave @ Pennsylvania Ave,car,35,21,735,1.667,1,0.0,0.0,False
2026-08-15T19:21,1786821671.3,0bbea8bd-10f1-4126-b3c5-9e9432eab749,Atlantic Ave @ Pennsylvania Ave,car,39,28,1092,1.393,1,0.0,0.0,False
2026-08-15T19:21,1786821671.3,0bbea8bd-10f1-4126-b3c5-9e9432eab749,Atlantic Ave @ Pennsylvania Ave,car,13,28,364,0.464,1,0.0,0.0,False
2026-08-15T19:21,1786821673.3,0bbea8bd-10f1-4126-b3c5-9e9432eab749,Atlantic Ave @ Pennsylvania Ave,car,128,81,10368,1.58,1,0.0,0.0,False
2026-08-15T19:21,1786821673.3,0bbea8bd-10f1-4126-b3c5-9e9432eab749,Atlantic Ave @ Pennsylvania Ave,car,47,30,1410,1.567,1,0.0,0.0,False
2026-08-15T19:21,1786821673.3,0bbea8bd-10f1-4126-b3c5-9e9432eab749,Atlantic Ave @ Pennsylvania Ave,car,84,59,4956,1.424,1,0.0,0.0,False
2026-08-15T19:21,1786821673.3,0bbea8bd-10f1-4126-b3c5-9e9432eab749,Atlantic Ave @ Pennsylvania Ave,car,27,24,648,1.125,1,0.0,0.0,False
2026-08-15T19:21,1786821673.3,0bbea8bd-10f1-4126-b3c5-9e9432eab749,Atlantic Ave @ Pennsylvania Ave,car,67,62,4154,1.081,1,0.0,0.0,False
2026-08-15T19:21,1786821673.3,0bbea8bd-10f1-4126-b3c5-9e9432eab749,Atlantic Ave @ Pennsylvania Ave,car,107,61,6527,1.754,1,0.0,0.0,False
2026-08-15T19:21,1786821673.3,0bbea8bd-10f1-4126-b3c5-9e9432eab749,Atlantic Ave @ Pennsylvania Ave,car,41,25,1025,1.64,1,0.0,0.0,False
2026-08-15T19:21,1786821673.3,0bbea8bd-10f1-4126-b3c5-9e9432eab749,Atlantic Ave @ Pennsylvania Ave,car,69,69,4761,1.0,1,0.0,0.0,False
2026-08-15T19:21,1786821673.3,0bbea8bd-10f1-4126-b3c5-9e9432eab749,Atlantic Ave @ Pennsylvania Ave,car,21,18,378,1.167,1,0.0,0.0,False
2026-08-15T19:21,1786821655.3,d401c83b-2f78-49dd-8974-14c819a992b2,C2-PE-05-Ctr_at_7th_Ave-Ex4,car,99,84,8316,1.179,1,0.0,0.0,False
2026-08-15T19:21,1786821657.3,d401c83b-2f78-49dd-8974-14c819a992b2,C2-PE-05-Ctr_at_7th_Ave-Ex4,car,93,76,7068,1.224,1,0.0,0.0,False
2026-08-15T19:21,1786821657.3,d401c83b-2f78-49dd-8974-14c819a992b2,C2-PE-05-Ctr_at_7th_Ave-Ex4,car,88,63,5544,1.397,1,0.0,0.0,False
2026-08-15T19:21,1786821657.3,d401c83b-2f78-49dd-8974-14c819a992b2,C2-PE-05-Ctr_at_7th_Ave-Ex4,car,89,41,3649,2.171,1,0.0,0.0,False
2026-08-15T19:21,1786821657.3,d401c83b-2f78-49dd-8974-14c819a992b2,C2-PE-05-Ctr_at_7th_Ave-Ex4,car,55,38,2090,1.447,1,0.0,0.0,False
2026-08-15T19:21,1786821659.3,d401c83b-2f78-49dd-8974-14c819a992b2,C2-PE-05-Ctr_at_7th_Ave-Ex4,car,129,85,10965,1.518,1,0.0,0.0,False
2026-08-15T19:21,1786821659.3,d401c83b-2f78-49dd-8974-14c819a992b2,C2-PE-05-Ctr_at_7th_Ave-Ex4,car,153,46,7038,3.326,1,0.0,0.0,False
2026-08-15T19:21,1786821661.3,d401c83b-2f78-49dd-8974-14c819a992b2,C2-PE-05-Ctr_at_7th_Ave-Ex4,car,163,67,10921,2.433,1,0.0,0.0,False
2026-08-15T19:21,1786821663.3,d401c83b-2f78-49dd-8974-14c819a992b2,C2-PE-05-Ctr_at_7th_Ave-Ex4,car,81,37,2997,2.189,1,0.0,0.0,False
2026-08-15T19:21,1786821665.3,d401c83b-2f78-49dd-8974-14c819a992b2,C2-PE-05-Ctr_at_7th_Ave-Ex4,car,51,44,2244,1.159,1,0.0,0.0,False
2026-08-15T19:21,1786821665.3,d401c83b-2f78-49dd-8974-14c819a992b2,C2-PE-05-Ctr_at_7th_Ave-Ex4,truck,185,215,39775,0.86,1,0.0,0.0,False
2026-08-15T19:21,1786821665.3,d401c83b-2f78-49dd-8974-14c819a992b2,C2-PE-05-Ctr_at_7th_Ave-Ex4,car,49,41,2009,1.195,1,0.0,0.0,False
2026-08-15T19:21,1786821667.3,d401c83b-2f78-49dd-8974-14c819a992b2,C2-PE-05-Ctr_at_7th_Ave-Ex4,car,79,80,6320,0.988,1,0.0,0.0,False
2026-08-15T19:21,1786821667.3,d401c83b-2f78-49dd-8974-14c819a992b2,C2-PE-05-Ctr_at_7th_Ave-Ex4,moto,38,49,1862,0.776,1,0.0,0.0,False
2026-08-15T19:21,1786821667.3,d401c83b-2f78-49dd-8974-14c819a992b2,C2-PE-05-Ctr_at_7th_Ave-Ex4,car,110,70,7700,1.571,2,236.6,26.35,False
2026-08-15T19:21,1786821671.3,d401c83b-2f78-49dd-8974-14c819a992b2,C2-PE-05-Ctr_at_7th_Ave-Ex4,car,64,58,3712,1.103,1,0.0,0.0,False
2026-08-15T19:21,1786821653.3,40961631-fb83-4f48-8ffb-3385448d4e5f,7 Ave @ 18 St,car,29,20,580,1.45,1,0.0,0.0,False
2026-08-15T19:21,1786821653.3,40961631-fb83-4f48-8ffb-3385448d4e5f,7 Ave @ 18 St,truck,65,34,2210,1.912,1,0.0,0.0,False
2026-08-15T19:21,1786821655.3,40961631-fb83-4f48-8ffb-3385448d4e5f,7 Ave @ 18 St,truck,46,44,2024,1.045,1,0.0,0.0,False
2026-08-15T19:21,1786821657.3,40961631-fb83-4f48-8ffb-3385448d4e5f,7 Ave @ 18 St,truck,78,43,3354,1.814,1,0.0,0.0,False
2026-08-15T19:21,1786821657.3,40961631-fb83-4f48-8ffb-3385448d4e5f,7 Ave @ 18 St,truck,68,48,3264,1.417,1,0.0,0.0,False
2026-08-15T19:21,1786821657.3,40961631-fb83-4f48-8ffb-3385448d4e5f,7 Ave @ 18 St,car,16,14,224,1.143,1,0.0,0.0,False
2026-08-15T19:21,1786821657.3,40961631-fb83-4f48-8ffb-3385448d4e5f,7 Ave @ 18 St,truck,46,34,1564,1.353,2,208.6,18.79,True
2026-08-15T19:21,1786821657.3,40961631-fb83-4f48-8ffb-3385448d4e5f,7 Ave @ 18 St,car,35,18,630,1.944,2,182.3,12.51,False
2026-08-15T19:21,1786821659.3,40961631-fb83-4f48-8ffb-3385448d4e5f,7 Ave @ 18 St,car,31,15,465,2.067,1,0.0,0.0,False
2026-08-15T19:21,1786821659.3,40961631-fb83-4f48-8ffb-3385448d4e5f,7 Ave @ 18 St,car,55,24,1320,2.292,1,0.0,0.0,False
2026-08-15T19:21,1786821661.3,40961631-fb83-4f48-8ffb-3385448d4e5f,7 Ave @ 18 St,car,42,21,882,2.0,1,0.0,0.0,False
2026-08-15T19:21,1786821661.3,40961631-fb83-4f48-8ffb-3385448d4e5f,7 Ave @ 18 St,car,24,18,432,1.333,1,0.0,0.0,False
2026-08-15T19:21,1786821663.3,40961631-fb83-4f48-8ffb-3385448d4e5f,7 Ave @ 18 St,truck,74,55,4070,1.345,1,0.0,0.0,False
2026-08-15T19:21,1786821665.3,40961631-fb83-4f48-8ffb-3385448d4e5f,7 Ave @ 18 St,car,18,13,234,1.385,1,0.0,0.0,False
2026-08-15T19:21,1786821665.3,40961631-fb83-4f48-8ffb-3385448d4e5f,7 Ave @ 18 St,truck,67,53,3551,1.264,1,0.0,0.0,False
2026-08-15T19:21,1786821665.3,40961631-fb83-4f48-8ffb-3385448d4e5f,7 Ave @ 18 St,truck,51,38,1938,1.342,1,0.0,0.0,False
2026-08-15T19:21,1786821665.3,40961631-fb83-4f48-8ffb-3385448d4e5f,7 Ave @ 18 St,car,33,31,1023,1.065,1,0.0,0.0,False
2026-08-15T19:21,1786821665.3,40961631-fb83-4f48-8ffb-3385448d4e5f,7 Ave @ 18 St,car,42,27,1134,1.556,2,4.6,12.54,False
2026-08-15T19:21,1786821669.3,40961631-fb83-4f48-8ffb-3385448d4e5f,7 Ave @ 18 St,car,45,25,1125,1.8,1,0.0,0.0,False
2026-08-15T19:21,1786821671.3,40961631-fb83-4f48-8ffb-3385448d4e5f,7 Ave @ 18 St,car,28,16,448,1.75,1,0.0,0.0,False
2026-08-15T19:21,1786821671.3,40961631-fb83-4f48-8ffb-3385448d4e5f,7 Ave @ 18 St,truck,77,53,4081,1.453,1,0.0,0.0,False
2026-08-15T19:21,1786821671.3,40961631-fb83-4f48-8ffb-3385448d4e5f,7 Ave @ 18 St,car,46,26,1196,1.769,1,0.0,0.0,False
2026-08-15T19:21,1786821671.3,40961631-fb83-4f48-8ffb-3385448d4e5f,7 Ave @ 18 St,truck,77,62,4774,1.242,1,0.0,0.0,False
2026-08-15T19:21,1786821653.3,f801cf2f-cd02-4077-aa53-99ee8a00e1ab,3 Ave @ Atlantic Ave,car,19,14,266,1.357,1,0.0,0.0,False
2026-08-15T19:21,1786821653.3,f801cf2f-cd02-4077-aa53-99ee8a00e1ab,3 Ave @ Atlantic Ave,truck,75,78,5850,0.962,1,0.0,0.0,False
2026-08-15T19:21,1786821653.3,f801cf2f-cd02-4077-aa53-99ee8a00e1ab,3 Ave @ Atlantic Ave,car,75,78,5850,0.962,1,0.0,0.0,False
2026-08-15T19:21,1786821655.3,f801cf2f-cd02-4077-aa53-99ee8a00e1ab,3 Ave @ Atlantic Ave,car,29,27,783,1.074,1,0.0,0.0,False
2026-08-15T19:21,1786821655.3,f801cf2f-cd02-4077-aa53-99ee8a00e1ab,3 Ave @ Atlantic Ave,car,23,17,391,1.353,1,0.0,0.0,False
2026-08-15T19:21,1786821655.3,f801cf2f-cd02-4077-aa53-99ee8a00e1ab,3 Ave @ Atlantic Ave,car,32,31,992,1.032,1,0.0,0.0,False
2026-08-15T19:21,1786821657.3,f801cf2f-cd02-4077-aa53-99ee8a00e1ab,3 Ave @ Atlantic Ave,car,79,32,2528,2.469,1,0.0,0.0,False
2026-08-15T19:21,1786821657.3,f801cf2f-cd02-4077-aa53-99ee8a00e1ab,3 Ave @ Atlantic Ave,bus,143,113,16159,1.265,1,0.0,0.0,False
2026-08-15T19:21,1786821657.3,f801cf2f-cd02-4077-aa53-99ee8a00e1ab,3 Ave @ Atlantic Ave,truck,143,111,15873,1.288,1,0.0,0.0,False
2026-08-15T19:21,1786821657.3,f801cf2f-cd02-4077-aa53-99ee8a00e1ab,3 Ave @ Atlantic Ave,car,36,30,1080,1.2,2,211.4,10.55,False
2026-08-15T19:21,1786821659.3,f801cf2f-cd02-4077-aa53-99ee8a00e1ab,3 Ave @ Atlantic Ave,bus,116,91,10556,1.275,1,0.0,0.0,False
2026-08-15T19:21,1786821659.3,f801cf2f-cd02-4077-aa53-99ee8a00e1ab,3 Ave @ Atlantic Ave,truck,114,91,10374,1.253,1,0.0,0.0,False
2026-08-15T19:21,1786821659.3,f801cf2f-cd02-4077-aa53-99ee8a00e1ab,3 Ave @ Atlantic Ave,car,34,31,1054,1.097,2,29.1,5.15,False
2026-08-15T19:21,1786821661.3,f801cf2f-cd02-4077-aa53-99ee8a00e1ab,3 Ave @ Atlantic Ave,car,30,26,780,1.154,1,0.0,0.0,False
2026-08-15T19:21,1786821663.3,f801cf2f-cd02-4077-aa53-99ee8a00e1ab,3 Ave @ Atlantic Ave,car,27,28,756,0.964,1,0.0,0.0,False
2026-08-15T19:21,1786821665.3,f801cf2f-cd02-4077-aa53-99ee8a00e1ab,3 Ave @ Atlantic Ave,car,41,26,1066,1.577,1,0.0,0.0,False
2026-08-15T19:21,1786821661.3,f801cf2f-cd02-4077-aa53-99ee8a00e1ab,3 Ave @ Atlantic Ave,truck,114,125,14250,0.912,3,64.6,47.86,True
2026-08-15T19:21,1786821661.3,f801cf2f-cd02-4077-aa53-99ee8a00e1ab,3 Ave @ Atlantic Ave,car,38,34,1292,1.118,3,97.9,7.32,False
2026-08-15T19:21,1786821665.3,f801cf2f-cd02-4077-aa53-99ee8a00e1ab,3 Ave @ Atlantic Ave,car,34,35,1190,0.971,2,339.0,6.96,False
2026-08-15T19:21,1786821665.3,f801cf2f-cd02-4077-aa53-99ee8a00e1ab,3 Ave @ Atlantic Ave,car,41,39,1599,1.051,2,301.3,16.38,False
2026-08-15T19:21,1786821667.3,f801cf2f-cd02-4077-aa53-99ee8a00e1ab,3 Ave @ Atlantic Ave,car,31,31,961,1.0,1,0.0,0.0,False
2026-08-15T19:21,1786821667.3,f801cf2f-cd02-4077-aa53-99ee8a00e1ab,3 Ave @ Atlantic Ave,car,20,16,320,1.25,1,0.0,0.0,False
2026-08-15T19:21,1786821669.3,f801cf2f-cd02-4077-aa53-99ee8a00e1ab,3 Ave @ Atlantic Ave,car,96,66,6336,1.455,1,0.0,0.0,False
2026-08-15T19:21,1786821669.3,f801cf2f-cd02-4077-aa53-99ee8a00e1ab,3 Ave @ Atlantic Ave,car,75,75,5625,1.0,2,302.9,32.18,True
2026-08-15T19:21,1786821669.3,f801cf2f-cd02-4077-aa53-99ee8a00e1ab,3 Ave @ Atlantic Ave,truck,74,75,5550,0.987,2,302.5,32.6,True
2026-08-15T19:21,1786821669.3,f801cf2f-cd02-4077-aa53-99ee8a00e1ab,3 Ave @ Atlantic Ave,car,22,18,396,1.222,1,0.0,0.0,False
2026-08-15T19:21,1786821671.3,f801cf2f-cd02-4077-aa53-99ee8a00e1ab,3 Ave @ Atlantic Ave,car,153,129,19737,1.186,1,0.0,0.0,False
2026-08-15T19:21,1786821671.3,f801cf2f-cd02-4077-aa53-99ee8a00e1ab,3 Ave @ Atlantic Ave,car,27,28,756,0.964,1,0.0,0.0,False
2026-08-15T19:21,1786821653.3,ed0f8bd4-fe44-4f86-98a9-91f45b446200,3 Ave @ Union St,car,68,59,4012,1.153,1,0.0,0.0,False
2026-08-15T19:21,1786821653.3,ed0f8bd4-fe44-4f86-98a9-91f45b446200,3 Ave @ Union St,car,54,42,2268,1.286,1,0.0,0.0,False
2026-08-15T19:21,1786821653.3,ed0f8bd4-fe44-4f86-98a9-91f45b446200,3 Ave @ Union St,truck,55,43,2365,1.279,1,0.0,0.0,False
2026-08-15T19:21,1786821653.3,ed0f8bd4-fe44-4f86-98a9-91f45b446200,3 Ave @ Union St,truck,82,71,5822,1.155,1,0.0,0.0,False
2026-08-15T19:21,1786821653.3,ed0f8bd4-fe44-4f86-98a9-91f45b446200,3 Ave @ Union St,car,100,72,7200,1.389,2,346.3,21.1,False
2026-08-15T19:21,1786821655.3,ed0f8bd4-fe44-4f86-98a9-91f45b446200,3 Ave @ Union St,truck,125,103,12875,1.214,1,0.0,0.0,False
2026-08-15T19:21,1786821655.3,ed0f8bd4-fe44-4f86-98a9-91f45b446200,3 Ave @ Union St,car,44,34,1496,1.294,1,0.0,0.0,False
2026-08-15T19:21,1786821653.3,ed0f8bd4-fe44-4f86-98a9-91f45b446200,3 Ave @ Union St,truck,99,74,7326,1.338,2,67.6,9.19,False
2026-08-15T19:21,1786821653.3,ed0f8bd4-fe44-4f86-98a9-91f45b446200,3 Ave @ Union St,truck,153,118,18054,1.297,9,311.5,5.09,False
2026-08-15T19:21,1786821653.3,ed0f8bd4-fe44-4f86-98a9-91f45b446200,3 Ave @ Union St,truck,81,74,5994,1.095,8,288.4,0.23,False
2026-08-15T19:21,1786821665.3,ed0f8bd4-fe44-4f86-98a9-91f45b446200,3 Ave @ Union St,truck,92,72,6624,1.278,4,159.0,2.32,False
2026-08-15T19:21,1786821667.3,ed0f8bd4-fe44-4f86-98a9-91f45b446200,3 Ave @ Union St,car,91,72,6552,1.264,2,180.0,1.5,False
2026-08-15T19:21,1786821669.3,ed0f8bd4-fe44-4f86-98a9-91f45b446200,3 Ave @ Union St,car,52,57,2964,0.912,2,278.1,3.54,False
2026-08-15T19:21,1786821671.3,ed0f8bd4-fe44-4f86-98a9-91f45b446200,3 Ave @ Union St,car,139,114,15846,1.219,1,0.0,0.0,False
2026-08-15T19:21,1786821657.3,2e0d5197-6073-411f-9d1a-326b30841679,Flushing Ave @ Williamsburg W St,car,141,119,16779,1.185,1,0.0,0.0,False
2026-08-15T19:21,1786821657.3,2e0d5197-6073-411f-9d1a-326b30841679,Flushing Ave @ Williamsburg W St,truck,143,121,17303,1.182,1,0.0,0.0,False
2026-08-15T19:21,1786821655.3,2e0d5197-6073-411f-9d1a-326b30841679,Flushing Ave @ Williamsburg W St,car,31,21,651,1.476,4,180.0,0.17,False
2026-08-15T19:21,1786821669.3,2e0d5197-6073-411f-9d1a-326b30841679,Flushing Ave @ Williamsburg W St,car,27,19,513,1.421,1,0.0,0.0,False
2026-08-15T19:21,1786821669.3,2e0d5197-6073-411f-9d1a-326b30841679,Flushing Ave @ Williamsburg W St,car,41,36,1476,1.139,1,0.0,0.0,False
2026-08-15T19:21,1786821671.3,2e0d5197-6073-411f-9d1a-326b30841679,Flushing Ave @ Williamsburg W St,truck,104,98,10192,1.061,1,0.0,0.0,False
2026-08-15T19:21,1786821671.3,2e0d5197-6073-411f-9d1a-326b30841679,Flushing Ave @ Williamsburg W St,truck,115,80,9200,1.438,1,0.0,0.0,False
2026-08-15T19:21,1786821671.3,2e0d5197-6073-411f-9d1a-326b30841679,Flushing Ave @ Williamsburg W St,car,112,80,8960,1.4,1,0.0,0.0,False
2026-08-15T19:21,1786821653.3,9a01683c-321a-421b-b9c3-056bbf851f25,C2-PE-06-WB_at_6th_Ave-Ex2,car,91,74,6734,1.23,1,0.0,0.0,False
2026-08-15T19:21,1786821653.3,9a01683c-321a-421b-b9c3-056bbf851f25,C2-PE-06-WB_at_6th_Ave-Ex2,car,90,79,7110,1.139,1,0.0,0.0,False
2026-08-15T19:21,1786821653.3,9a01683c-321a-421b-b9c3-056bbf851f25,C2-PE-06-WB_at_6th_Ave-Ex2,car,69,46,3174,1.5,1,0.0,0.0,False
2026-08-15T19:21,1786821655.3,9a01683c-321a-421b-b9c3-056bbf851f25,C2-PE-06-WB_at_6th_Ave-Ex2,truck,135,120,16200,1.125,1,0.0,0.0,False
2026-08-15T19:21,1786821655.3,9a01683c-321a-421b-b9c3-056bbf851f25,C2-PE-06-WB_at_6th_Ave-Ex2,car,37,31,1147,1.194,1,0.0,0.0,False
2026-08-15T19:21,1786821655.3,9a01683c-321a-421b-b9c3-056bbf851f25,C2-PE-06-WB_at_6th_Ave-Ex2,car,50,35,1750,1.429,1,0.0,0.0,False
2026-08-15T19:21,1786821657.3,9a01683c-321a-421b-b9c3-056bbf851f25,C2-PE-06-WB_at_6th_Ave-Ex2,car,152,64,9728,2.375,1,0.0,0.0,False
2026-08-15T19:21,1786821657.3,9a01683c-321a-421b-b9c3-056bbf851f25,C2-PE-06-WB_at_6th_Ave-Ex2,car,77,57,4389,1.351,1,0.0,0.0,False
2026-08-15T19:21,1786821653.3,9a01683c-321a-421b-b9c3-056bbf851f25,C2-PE-06-WB_at_6th_Ave-Ex2,car,63,49,3087,1.286,3,312.0,23.9,True
2026-08-15T19:21,1786821657.3,9a01683c-321a-421b-b9c3-056bbf851f25,C2-PE-06-WB_at_6th_Ave-Ex2,car,119,100,11900,1.19,2,342.9,13.6,False
2026-08-15T19:21,1786821659.3,9a01683c-321a-421b-b9c3-056bbf851f25,C2-PE-06-WB_at_6th_Ave-Ex2,car,102,74,7548,1.378,1,0.0,0.0,False
2026-08-15T19:21,1786821659.3,9a01683c-321a-421b-b9c3-056bbf851f25,C2-PE-06-WB_at_6th_Ave-Ex2,car,50,28,1400,1.786,1,0.0,0.0,False
2026-08-15T19:21,1786821661.3,9a01683c-321a-421b-b9c3-056bbf851f25,C2-PE-06-WB_at_6th_Ave-Ex2,car,73,49,3577,1.49,1,0.0,0.0,False
2026-08-15T19:21,1786821661.3,9a01683c-321a-421b-b9c3-056bbf851f25,C2-PE-06-WB_at_6th_Ave-Ex2,car,24,18,432,1.333,1,0.0,0.0,False
2026-08-15T19:21,1786821663.3,9a01683c-321a-421b-b9c3-056bbf851f25,C2-PE-06-WB_at_6th_Ave-Ex2,car,124,105,13020,1.181,1,0.0,0.0,False
2026-08-15T19:21,1786821663.3,9a01683c-321a-421b-b9c3-056bbf851f25,C2-PE-06-WB_at_6th_Ave-Ex2,car,60,44,2640,1.364,1,0.0,0.0,False
2026-08-15T19:21,1786821663.3,9a01683c-321a-421b-b9c3-056bbf851f25,C2-PE-06-WB_at_6th_Ave-Ex2,car,70,58,4060,1.207,1,0.0,0.0,False
2026-08-15T19:21,1786821661.3,9a01683c-321a-421b-b9c3-056bbf851f25,C2-PE-06-WB_at_6th_Ave-Ex2,car,114,124,14136,0.919,2,336.0,4.92,False
2026-08-15T19:21,1786821665.3,9a01683c-321a-421b-b9c3-056bbf851f25,C2-PE-06-WB_at_6th_Ave-Ex2,car,79,51,4029,1.549,1,0.0,0.0,False
2026-08-15T19:21,1786821665.3,9a01683c-321a-421b-b9c3-056bbf851f25,C2-PE-06-WB_at_6th_Ave-Ex2,car,103,69,7107,1.493,1,0.0,0.0,False
2026-08-15T19:21,1786821665.3,9a01683c-321a-421b-b9c3-056bbf851f25,C2-PE-06-WB_at_6th_Ave-Ex2,car,30,27,810,1.111,1,0.0,0.0,False
2026-08-15T19:21,1786821667.3,9a01683c-321a-421b-b9c3-056bbf851f25,C2-PE-06-WB_at_6th_Ave-Ex2,car,116,94,10904,1.234,1,0.0,0.0,False
2026-08-15T19:21,1786821667.3,9a01683c-321a-421b-b9c3-056bbf851f25,C2-PE-06-WB_at_6th_Ave-Ex2,car,62,45,2790,1.378,1,0.0,0.0,False
2026-08-15T19:21,1786821667.3,9a01683c-321a-421b-b9c3-056bbf851f25,C2-PE-06-WB_at_6th_Ave-Ex2,car,77,53,4081,1.453,2,41.9,26.2,False
2026-08-15T19:21,1786821671.3,9a01683c-321a-421b-b9c3-056bbf851f25,C2-PE-06-WB_at_6th_Ave-Ex2,truck,192,141,27072,1.362,1,0.0,0.0,False
2026-08-15T19:21,1786821673.3,9a01683c-321a-421b-b9c3-056bbf851f25,C2-PE-06-WB_at_6th_Ave-Ex2,car,89,68,6052,1.309,1,0.0,0.0,False
2026-08-15T19:22,1786821739.0,c89b62d1-35be-4bb8-b22b-a77c2583733c,Eastern Pkwy @ Utica Ave,car,29,23,667,1.261,1,0.0,0.0,False
2026-08-15T19:22,1786821743.0,c89b62d1-35be-4bb8-b22b-a77c2583733c,Eastern Pkwy @ Utica Ave,car,77,84,6468,0.917,1,0.0,0.0,False
2026-08-15T19:22,1786821743.0,c89b62d1-35be-4bb8-b22b-a77c2583733c,Eastern Pkwy @ Utica Ave,car,68,64,4352,1.062,1,0.0,0.0,False
2026-08-15T19:22,1786821743.0,c89b62d1-35be-4bb8-b22b-a77c2583733c,Eastern Pkwy @ Utica Ave,truck,98,114,11172,0.86,1,0.0,0.0,False
2026-08-15T19:22,1786821743.0,c89b62d1-35be-4bb8-b22b-a77c2583733c,Eastern Pkwy @ Utica Ave,car,71,63,4473,1.127,1,0.0,0.0,False
2026-08-15T19:22,1786821727.0,f4c47f52-9c8d-494a-92da-4dcc09a19fab,Eastern Pkwy @ Bedford Ave,car,133,112,14896,1.188,1,0.0,0.0,False
2026-08-15T19:22,1786821725.0,f4c47f52-9c8d-494a-92da-4dcc09a19fab,Eastern Pkwy @ Bedford Ave,car,244,322,78568,0.758,3,69.7,56.24,False
2026-08-15T19:22,1786821725.0,f4c47f52-9c8d-494a-92da-4dcc09a19fab,Eastern Pkwy @ Bedford Ave,car,242,244,59048,0.992,4,90.0,24.83,False
2026-08-15T19:22,1786821725.0,f4c47f52-9c8d-494a-92da-4dcc09a19fab,Eastern Pkwy @ Bedford Ave,car,258,161,41538,1.602,6,243.4,0.22,False
2026-08-15T19:22,1786821725.0,f4c47f52-9c8d-494a-92da-4dcc09a19fab,Eastern Pkwy @ Bedford Ave,car,23,115,2645,0.2,6,315.0,0.14,False
2026-08-15T19:22,1786821725.0,f4c47f52-9c8d-494a-92da-4dcc09a19fab,Eastern Pkwy @ Bedford Ave,car,243,322,78246,0.755,4,285.4,18.84,False
2026-08-15T19:22,1786821725.0,f4c47f52-9c8d-494a-92da-4dcc09a19fab,Eastern Pkwy @ Bedford Ave,car,221,246,54366,0.898,5,76.1,18.16,False
2026-08-15T19:22,1786821731.0,f4c47f52-9c8d-494a-92da-4dcc09a19fab,Eastern Pkwy @ Bedford Ave,car,182,184,33488,0.989,2,63.4,65.96,False
2026-08-15T19:22,1786821731.0,f4c47f52-9c8d-494a-92da-4dcc09a19fab,Eastern Pkwy @ Bedford Ave,car,231,306,70686,0.755,3,65.7,42.52,False
2026-08-15T19:22,1786821733.0,f4c47f52-9c8d-494a-92da-4dcc09a19fab,Eastern Pkwy @ Bedford Ave,car,147,134,19698,1.097,1,0.0,0.0,False
2026-08-15T19:22,1786821735.0,f4c47f52-9c8d-494a-92da-4dcc09a19fab,Eastern Pkwy @ Bedford Ave,truck,214,227,48578,0.943,1,0.0,0.0,False
2026-08-15T19:22,1786821725.0,2fe54994-17f6-499d-a3ab-8c6dc9dbda9e,Atlantic Ave @ Bedford Ave,car,111,123,13653,0.902,1,0.0,0.0,False
2026-08-15T19:22,1786821725.0,2fe54994-17f6-499d-a3ab-8c6dc9dbda9e,Atlantic Ave @ Bedford Ave,truck,111,124,13764,0.895,1,0.0,0.0,False
2026-08-15T19:22,1786821725.0,2fe54994-17f6-499d-a3ab-8c6dc9dbda9e,Atlantic Ave @ Bedford Ave,truck,127,106,13462,1.198,2,50.9,41.23,False
2026-08-15T19:22,1786821725.0,2fe54994-17f6-499d-a3ab-8c6dc9dbda9e,Atlantic Ave @ Bedford Ave,bus,98,107,10486,0.916,2,14.0,4.12,False
2026-08-15T19:22,1786821725.0,2fe54994-17f6-499d-a3ab-8c6dc9dbda9e,Atlantic Ave @ Bedford Ave,car,109,150,16350,0.727,3,54.8,5.2,False
2026-08-15T19:22,1786821725.0,2fe54994-17f6-499d-a3ab-8c6dc9dbda9e,Atlantic Ave @ Bedford Ave,truck,85,95,8075,0.895,4,60.5,14.55,True
2026-08-15T19:22,1786821727.0,2fe54994-17f6-499d-a3ab-8c6dc9dbda9e,Atlantic Ave @ Bedford Ave,car,70,75,5250,0.933,3,203.0,8.96,False
2026-08-15T19:22,1786821729.0,2fe54994-17f6-499d-a3ab-8c6dc9dbda9e,Atlantic Ave @ Bedford Ave,car,43,89,3827,0.483,2,302.3,22.47,False
2026-08-15T19:22,1786821731.0,2fe54994-17f6-499d-a3ab-8c6dc9dbda9e,Atlantic Ave @ Bedford Ave,truck,98,87,8526,1.126,1,0.0,0.0,False
2026-08-15T19:22,1786821731.0,2fe54994-17f6-499d-a3ab-8c6dc9dbda9e,Atlantic Ave @ Bedford Ave,truck,44,43,1892,1.023,1,0.0,0.0,False
2026-08-15T19:22,1786821727.0,2fe54994-17f6-499d-a3ab-8c6dc9dbda9e,Atlantic Ave @ Bedford Ave,truck,102,105,10710,0.971,4,45.0,0.24,False
2026-08-15T19:22,1786821733.0,2fe54994-17f6-499d-a3ab-8c6dc9dbda9e,Atlantic Ave @ Bedford Ave,car,12,62,744,0.194,1,0.0,0.0,False
2026-08-15T19:22,1786821727.0,2fe54994-17f6-499d-a3ab-8c6dc9dbda9e,Atlantic Ave @ Bedford Ave,truck,72,73,5256,0.986,5,209.7,1.01,False
2026-08-15T19:22,1786821729.0,2fe54994-17f6-499d-a3ab-8c6dc9dbda9e,Atlantic Ave @ Bedford Ave,car,35,35,1225,1.0,3,10.3,5.59,False
2026-08-15T19:22,1786821733.0,2fe54994-17f6-499d-a3ab-8c6dc9dbda9e,Atlantic Ave @ Bedford Ave,car,119,153,18207,0.778,2,327.9,48.97,False
2026-08-15T19:22,1786821725.0,2fe54994-17f6-499d-a3ab-8c6dc9dbda9e,Atlantic Ave @ Bedford Ave,car,73,86,6278,0.849,6,116.6,2.68,False
2026-08-15T19:22,1786821735.0,2fe54994-17f6-499d-a3ab-8c6dc9dbda9e,Atlantic Ave @ Bedford Ave,car,53,53,2809,1.0,2,78.7,17.85,False
2026-08-15T19:22,1786821739.0,2fe54994-17f6-499d-a3ab-8c6dc9dbda9e,Atlantic Ave @ Bedford Ave,bus,71,69,4899,1.029,1,0.0,0.0,False
2026-08-15T19:22,1786821725.0,2fe54994-17f6-499d-a3ab-8c6dc9dbda9e,Atlantic Ave @ Bedford Ave,car,69,61,4209,1.131,6,278.6,5.36,False
2026-08-15T19:22,1786821725.0,2fe54994-17f6-499d-a3ab-8c6dc9dbda9e,Atlantic Ave @ Bedford Ave,car,79,104,8216,0.76,8,249.9,4.79,False
2026-08-15T19:22,1786821731.0,2fe54994-17f6-499d-a3ab-8c6dc9dbda9e,Atlantic Ave @ Bedford Ave,car,162,225,36450,0.72,7,51.2,5.99,False
2026-08-15T19:22,1786821733.0,2fe54994-17f6-499d-a3ab-8c6dc9dbda9e,Atlantic Ave @ Bedford Ave,truck,113,140,15820,0.807,4,217.2,10.47,False
2026-08-15T19:22,1786821733.0,2fe54994-17f6-499d-a3ab-8c6dc9dbda9e,Atlantic Ave @ Bedford Ave,bus,101,111,11211,0.91,5,341.6,0.79,False
2026-08-15T19:22,1786821733.0,2fe54994-17f6-499d-a3ab-8c6dc9dbda9e,Atlantic Ave @ Bedford Ave,truck,118,143,16874,0.825,5,218.3,6.85,False
2026-08-15T19:22,1786821739.0,2fe54994-17f6-499d-a3ab-8c6dc9dbda9e,Atlantic Ave @ Bedford Ave,truck,101,108,10908,0.935,3,149.0,1.46,False
2026-08-15T19:22,1786821739.0,2fe54994-17f6-499d-a3ab-8c6dc9dbda9e,Atlantic Ave @ Bedford Ave,car,38,45,1710,0.844,2,86.6,8.51,False
2026-08-15T19:22,1786821739.0,2fe54994-17f6-499d-a3ab-8c6dc9dbda9e,Atlantic Ave @ Bedford Ave,car,77,102,7854,0.755,4,255.8,12.89,False
2026-08-15T19:22,1786821741.0,2fe54994-17f6-499d-a3ab-8c6dc9dbda9e,Atlantic Ave @ Bedford Ave,car,46,45,2070,1.022,2,333.4,1.12,False
2026-08-15T19:22,1786821741.0,2fe54994-17f6-499d-a3ab-8c6dc9dbda9e,Atlantic Ave @ Bedford Ave,bus,86,94,8084,0.915,1,0.0,0.0,False
2026-08-15T19:22,1786821743.0,2fe54994-17f6-499d-a3ab-8c6dc9dbda9e,Atlantic Ave @ Bedford Ave,car,57,56,3192,1.018,1,0.0,0.0,False
2026-08-15T19:22,1786821743.0,2fe54994-17f6-499d-a3ab-8c6dc9dbda9e,Atlantic Ave @ Bedford Ave,car,88,103,9064,0.854,1,0.0,0.0,False
2026-08-15T19:22,1786821745.0,2fe54994-17f6-499d-a3ab-8c6dc9dbda9e,Atlantic Ave @ Bedford Ave,car,73,80,5840,0.912,1,0.0,0.0,False
2026-08-15T19:22,1786821745.0,2fe54994-17f6-499d-a3ab-8c6dc9dbda9e,Atlantic Ave @ Bedford Ave,car,47,42,1974,1.119,1,0.0,0.0,False
2026-08-15T19:22,1786821725.0,2e43a9d0-1df8-4a38-ae20-2e0f359bb55d,Flatbush Ave @ Empire Blvd,car,19,17,323,1.118,1,0.0,0.0,False
2026-08-15T19:22,1786821725.0,2e43a9d0-1df8-4a38-ae20-2e0f359bb55d,Flatbush Ave @ Empire Blvd,truck,59,39,2301,1.513,1,0.0,0.0,False
2026-08-15T19:22,1786821725.0,2e43a9d0-1df8-4a38-ae20-2e0f359bb55d,Flatbush Ave @ Empire Blvd,car,37,36,1332,1.028,1,0.0,0.0,False
2026-08-15T19:22,1786821731.0,2e43a9d0-1df8-4a38-ae20-2e0f359bb55d,Flatbush Ave @ Empire Blvd,moto,30,59,1770,0.508,1,0.0,0.0,False
2026-08-15T19:22,1786821727.0,2e43a9d0-1df8-4a38-ae20-2e0f359bb55d,Flatbush Ave @ Empire Blvd,moto,44,72,3168,0.611,4,90.0,4.67,False
2026-08-15T19:22,1786821735.0,2e43a9d0-1df8-4a38-ae20-2e0f359bb55d,Flatbush Ave @ Empire Blvd,car,56,34,1904,1.647,2,193.1,15.4,False
2026-08-15T19:22,1786821737.0,2e43a9d0-1df8-4a38-ae20-2e0f359bb55d,Flatbush Ave @ Empire Blvd,truck,88,56,4928,1.571,1,0.0,0.0,False
2026-08-15T19:22,1786821735.0,2e43a9d0-1df8-4a38-ae20-2e0f359bb55d,Flatbush Ave @ Empire Blvd,moto,44,58,2552,0.759,3,63.4,1.12,False
2026-08-15T19:22,1786821739.0,2e43a9d0-1df8-4a38-ae20-2e0f359bb55d,Flatbush Ave @ Empire Blvd,car,76,52,3952,1.462,1,0.0,0.0,False
2026-08-15T19:22,1786821725.0,2e43a9d0-1df8-4a38-ae20-2e0f359bb55d,Flatbush Ave @ Empire Blvd,car,57,52,2964,1.096,8,45.0,1.62,False
2026-08-15T19:22,1786821731.0,2e43a9d0-1df8-4a38-ae20-2e0f359bb55d,Flatbush Ave @ Empire Blvd,car,56,50,2800,1.12,7,225.0,0.24,False
2026-08-15T19:22,1786821741.0,2e43a9d0-1df8-4a38-ae20-2e0f359bb55d,Flatbush Ave @ Empire Blvd,car,22,19,418,1.158,1,0.0,0.0,False
2026-08-15T19:22,1786821745.0,2e43a9d0-1df8-4a38-ae20-2e0f359bb55d,Flatbush Ave @ Empire Blvd,moto,32,21,672,1.524,1,0.0,0.0,False
2026-08-15T19:22,1786821725.0,1c51b3ec-3d29-4025-928d-4e182e7c0bd5,Grand Army Plaza,car,116,48,5568,2.417,1,0.0,0.0,False
2026-08-15T19:22,1786821725.0,1c51b3ec-3d29-4025-928d-4e182e7c0bd5,Grand Army Plaza,car,32,19,608,1.684,1,0.0,0.0,False
2026-08-15T19:22,1786821725.0,1c51b3ec-3d29-4025-928d-4e182e7c0bd5,Grand Army Plaza,car,70,22,1540,3.182,1,0.0,0.0,False
2026-08-15T19:22,1786821725.0,1c51b3ec-3d29-4025-928d-4e182e7c0bd5,Grand Army Plaza,car,76,32,2432,2.375,1,0.0,0.0,False
2026-08-15T19:22,1786821725.0,1c51b3ec-3d29-4025-928d-4e182e7c0bd5,Grand Army Plaza,car,75,37,2775,2.027,2,26.1,26.16,False
2026-08-15T19:22,1786821725.0,1c51b3ec-3d29-4025-928d-4e182e7c0bd5,Grand Army Plaza,car,65,23,1495,2.826,2,22.5,15.69,False
2026-08-15T19:22,1786821725.0,1c51b3ec-3d29-4025-928d-4e182e7c0bd5,Grand Army Plaza,car,33,20,660,1.65,2,180.0,1.0,False
2026-08-15T19:22,1786821727.0,1c51b3ec-3d29-4025-928d-4e182e7c0bd5,Grand Army Plaza,car,111,34,3774,3.265,1,0.0,0.0,False
2026-08-15T19:22,1786821727.0,1c51b3ec-3d29-4025-928d-4e182e7c0bd5,Grand Army Plaza,car,31,21,651,1.476,1,0.0,0.0,False
2026-08-15T19:22,1786821727.0,1c51b3ec-3d29-4025-928d-4e182e7c0bd5,Grand Army Plaza,car,55,27,1485,2.037,1,0.0,0.0,False
2026-08-15T19:22,1786821727.0,1c51b3ec-3d29-4025-928d-4e182e7c0bd5,Grand Army Plaza,car,25,20,500,1.25,1,0.0,0.0,False
2026-08-15T19:22,1786821725.0,1c51b3ec-3d29-4025-928d-4e182e7c0bd5,Grand Army Plaza,car,124,36,4464,3.444,2,141.3,19.21,False
2026-08-15T19:22,1786821729.0,1c51b3ec-3d29-4025-928d-4e182e7c0bd5,Grand Army Plaza,car,90,33,2970,2.727,1,0.0,0.0,False
2026-08-15T19:22,1786821731.0,1c51b3ec-3d29-4025-928d-4e182e7c0bd5,Grand Army Plaza,truck,125,53,6625,2.358,1,0.0,0.0,False
2026-08-15T19:22,1786821729.0,1c51b3ec-3d29-4025-928d-4e182e7c0bd5,Grand Army Plaza,car,29,29,841,1.0,3,21.8,2.69,False
2026-08-15T19:22,1786821729.0,1c51b3ec-3d29-4025-928d-4e182e7c0bd5,Grand Army Plaza,truck,206,155,31930,1.329,3,45.0,0.71,False
2026-08-15T19:22,1786821735.0,1c51b3ec-3d29-4025-928d-4e182e7c0bd5,Grand Army Plaza,car,70,28,1960,2.5,1,0.0,0.0,False
2026-08-15T19:22,1786821725.0,1c51b3ec-3d29-4025-928d-4e182e7c0bd5,Grand Army Plaza,bus,191,76,14516,2.513,10,0.0,0.39,False
2026-08-15T19:22,1786821725.0,1c51b3ec-3d29-4025-928d-4e182e7c0bd5,Grand Army Plaza,truck,211,153,32283,1.379,8,358.5,5.29,False
2026-08-15T19:22,1786821731.0,1c51b3ec-3d29-4025-928d-4e182e7c0bd5,Grand Army Plaza,car,126,53,6678,2.377,4,199.9,10.28,False
2026-08-15T19:22,1786821725.0,cb68b8b1-9093-4f2e-acf2-8133b047e8df,Flatbush Ave @ Eastern Pkwy,car,68,39,2652,1.744,1,0.0,0.0,False
2026-08-15T19:22,1786821725.0,cb68b8b1-9093-4f2e-acf2-8133b047e8df,Flatbush Ave @ Eastern Pkwy,truck,81,78,6318,1.038,1,0.0,0.0,False
2026-08-15T19:22,1786821725.0,cb68b8b1-9093-4f2e-acf2-8133b047e8df,Flatbush Ave @ Eastern Pkwy,truck,36,41,1476,0.878,1,0.0,0.0,False
2026-08-15T19:22,1786821729.0,cb68b8b1-9093-4f2e-acf2-8133b047e8df,Flatbush Ave @ Eastern Pkwy,bus,76,37,2812,2.054,1,0.0,0.0,False
2026-08-15T19:22,1786821725.0,cb68b8b1-9093-4f2e-acf2-8133b047e8df,Flatbush Ave @ Eastern Pkwy,car,40,35,1400,1.143,4,329.3,5.23,False
2026-08-15T19:22,1786821725.0,cb68b8b1-9093-4f2e-acf2-8133b047e8df,Flatbush Ave @ Eastern Pkwy,car,127,33,4191,3.848,3,180.0,9.0,False
2026-08-15T19:22,1786821731.0,cb68b8b1-9093-4f2e-acf2-8133b047e8df,Flatbush Ave @ Eastern Pkwy,car,43,36,1548,1.194,1,0.0,0.0,False
2026-08-15T19:22,1786821731.0,cb68b8b1-9093-4f2e-acf2-8133b047e8df,Flatbush Ave @ Eastern Pkwy,car,62,36,2232,1.722,1,0.0,0.0,False
2026-08-15T19:22,1786821731.0,cb68b8b1-9093-4f2e-acf2-8133b047e8df,Flatbush Ave @ Eastern Pkwy,car,33,29,957,1.138,1,0.0,0.0,False
2026-08-15T19:22,1786821729.0,cb68b8b1-9093-4f2e-acf2-8133b047e8df,Flatbush Ave @ Eastern Pkwy,car,30,20,600,1.5,2,128.3,12.1,True
2026-08-15T19:22,1786821733.0,cb68b8b1-9093-4f2e-acf2-8133b047e8df,Flatbush Ave @ Eastern Pkwy,car,36,29,1044,1.241,1,0.0,0.0,False
2026-08-15T19:22,1786821733.0,cb68b8b1-9093-4f2e-acf2-8133b047e8df,Flatbush Ave @ Eastern Pkwy,car,25,19,475,1.316,1,0.0,0.0,False
2026-08-15T19:22,1786821733.0,cb68b8b1-9093-4f2e-acf2-8133b047e8df,Flatbush Ave @ Eastern Pkwy,moto,65,63,4095,1.032,1,0.0,0.0,False
2026-08-15T19:22,1786821727.0,cb68b8b1-9093-4f2e-acf2-8133b047e8df,Flatbush Ave @ Eastern Pkwy,car,46,26,1196,1.769,4,0.0,0.0,False
2026-08-15T19:22,1786821737.0,cb68b8b1-9093-4f2e-acf2-8133b047e8df,Flatbush Ave @ Eastern Pkwy,car,29,20,580,1.45,1,0.0,0.0,False
2026-08-15T19:22,1786821737.0,cb68b8b1-9093-4f2e-acf2-8133b047e8df,Flatbush Ave @ Eastern Pkwy,car,116,30,3480,3.867,1,0.0,0.0,False
2026-08-15T19:22,1786821725.0,cb68b8b1-9093-4f2e-acf2-8133b047e8df,Flatbush Ave @ Eastern Pkwy,car,75,47,3525,1.596,5,177.9,10.26,True
2026-08-15T19:22,1786821739.0,cb68b8b1-9093-4f2e-acf2-8133b047e8df,Flatbush Ave @ Eastern Pkwy,car,92,49,4508,1.878,1,0.0,0.0,False
2026-08-15T19:22,1786821739.0,cb68b8b1-9093-4f2e-acf2-8133b047e8df,Flatbush Ave @ Eastern Pkwy,truck,49,44,2156,1.114,1,0.0,0.0,False
2026-08-15T19:22,1786821739.0,cb68b8b1-9093-4f2e-acf2-8133b047e8df,Flatbush Ave @ Eastern Pkwy,car,29,23,667,1.261,1,0.0,0.0,False
2026-08-15T19:22,1786821739.0,cb68b8b1-9093-4f2e-acf2-8133b047e8df,Flatbush Ave @ Eastern Pkwy,truck,30,31,930,0.968,1,0.0,0.0,False
2026-08-15T19:22,1786821743.0,cb68b8b1-9093-4f2e-acf2-8133b047e8df,Flatbush Ave @ Eastern Pkwy,car,46,23,1058,2.0,1,0.0,0.0,False
2026-08-15T19:22,1786821743.0,cb68b8b1-9093-4f2e-acf2-8133b047e8df,Flatbush Ave @ Eastern Pkwy,car,25,16,400,1.562,1,0.0,0.0,False
2026-08-15T19:22,1786821743.0,cb68b8b1-9093-4f2e-acf2-8133b047e8df,Flatbush Ave @ Eastern Pkwy,car,25,19,475,1.316,2,45.0,6.36,False
2026-08-15T19:22,1786821743.0,cb68b8b1-9093-4f2e-acf2-8133b047e8df,Flatbush Ave @ Eastern Pkwy,car,28,19,532,1.474,1,0.0,0.0,False
2026-08-15T19:22,1786821725.0,2064d8ab-597a-45d8-a3c9-5ab95a4e69e6,7 Ave @ Union St,car,25,24,600,1.042,1,0.0,0.0,False
2026-08-15T19:22,1786821725.0,2064d8ab-597a-45d8-a3c9-5ab95a4e69e6,7 Ave @ Union St,car,35,35,1225,1.0,1,0.0,0.0,False
2026-08-15T19:22,1786821725.0,2064d8ab-597a-45d8-a3c9-5ab95a4e69e6,7 Ave @ Union St,car,69,31,2139,2.226,4,33.7,0.6,False
2026-08-15T19:22,1786821733.0,2064d8ab-597a-45d8-a3c9-5ab95a4e69e6,7 Ave @ Union St,car,22,18,396,1.222,1,0.0,0.0,False
2026-08-15T19:22,1786821725.0,2064d8ab-597a-45d8-a3c9-5ab95a4e69e6,7 Ave @ Union St,car,43,39,1677,1.103,5,119.9,6.78,True
2026-08-15T19:22,1786821733.0,2064d8ab-597a-45d8-a3c9-5ab95a4e69e6,7 Ave @ Union St,car,57,34,1938,1.676,2,206.6,3.35,False
2026-08-15T19:22,1786821739.0,2064d8ab-597a-45d8-a3c9-5ab95a4e69e6,7 Ave @ Union St,car,22,19,418,1.158,1,0.0,0.0,False
2026-08-15T19:22,1786821725.0,2064d8ab-597a-45d8-a3c9-5ab95a4e69e6,7 Ave @ Union St,car,59,42,2478,1.405,9,315.0,0.27,False
2026-08-15T19:22,1786821741.0,2064d8ab-597a-45d8-a3c9-5ab95a4e69e6,7 Ave @ Union St,truck,62,49,3038,1.265,1,0.0,0.0,False
2026-08-15T19:22,1786821741.0,2064d8ab-597a-45d8-a3c9-5ab95a4e69e6,7 Ave @ Union St,car,57,50,2850,1.14,1,0.0,0.0,False
2026-08-15T19:22,1786821745.0,2064d8ab-597a-45d8-a3c9-5ab95a4e69e6,7 Ave @ Union St,car,42,32,1344,1.312,1,0.0,0.0,False
2026-08-15T19:22,1786821725.0,fde1748c-7c0f-4df8-8acd-120df29a9305,Atlantic Ave @ Eastern Pkwy,car,83,47,3901,1.766,1,0.0,0.0,False
2026-08-15T19:22,1786821725.0,fde1748c-7c0f-4df8-8acd-120df29a9305,Atlantic Ave @ Eastern Pkwy,car,53,39,2067,1.359,2,159.4,4.27,False
2026-08-15T19:22,1786821727.0,fde1748c-7c0f-4df8-8acd-120df29a9305,Atlantic Ave @ Eastern Pkwy,truck,92,97,8924,0.948,1,0.0,0.0,False
2026-08-15T19:22,1786821727.0,fde1748c-7c0f-4df8-8acd-120df29a9305,Atlantic Ave @ Eastern Pkwy,truck,70,73,5110,0.959,1,0.0,0.0,False
2026-08-15T19:22,1786821727.0,fde1748c-7c0f-4df8-8acd-120df29a9305,Atlantic Ave @ Eastern Pkwy,truck,12,48,576,0.25,1,0.0,0.0,False
2026-08-15T19:22,1786821727.0,fde1748c-7c0f-4df8-8acd-120df29a9305,Atlantic Ave @ Eastern Pkwy,car,47,44,2068,1.068,2,290.6,4.27,False
2026-08-15T19:22,1786821729.0,fde1748c-7c0f-4df8-8acd-120df29a9305,Atlantic Ave @ Eastern Pkwy,car,22,24,528,0.917,1,0.0,0.0,False
2026-08-15T19:22,1786821729.0,fde1748c-7c0f-4df8-8acd-120df29a9305,Atlantic Ave @ Eastern Pkwy,car,70,56,3920,1.25,1,0.0,0.0,False
2026-08-15T19:22,1786821729.0,fde1748c-7c0f-4df8-8acd-120df29a9305,Atlantic Ave @ Eastern Pkwy,truck,71,57,4047,1.246,1,0.0,0.0,False
2026-08-15T19:22,1786821727.0,fde1748c-7c0f-4df8-8acd-120df29a9305,Atlantic Ave @ Eastern Pkwy,car,49,39,1911,1.256,3,148.7,6.73,False
2026-08-15T19:22,1786821729.0,fde1748c-7c0f-4df8-8acd-120df29a9305,Atlantic Ave @ Eastern Pkwy,car,31,38,1178,0.816,2,236.3,9.01,False
2026-08-15T19:22,1786821731.0,fde1748c-7c0f-4df8-8acd-120df29a9305,Atlantic Ave @ Eastern Pkwy,car,18,16,288,1.125,1,0.0,0.0,False
2026-08-15T19:22,1786821731.0,fde1748c-7c0f-4df8-8acd-120df29a9305,Atlantic Ave @ Eastern Pkwy,bus,161,125,20125,1.288,1,0.0,0.0,False
2026-08-15T19:22,1786821725.0,fde1748c-7c0f-4df8-8acd-120df29a9305,Atlantic Ave @ Eastern Pkwy,car,67,49,3283,1.367,5,283.0,1.67,False
2026-08-15T19:22,1786821729.0,fde1748c-7c0f-4df8-8acd-120df29a9305,Atlantic Ave @ Eastern Pkwy,car,28,27,756,1.037,3,90.0,0.25,False
2026-08-15T19:22,1786821729.0,fde1748c-7c0f-4df8-8acd-120df29a9305,Atlantic Ave @ Eastern Pkwy,car,34,37,1258,0.919,3,252.9,10.2,True
2026-08-15T19:22,1786821731.0,fde1748c-7c0f-4df8-8acd-120df29a9305,Atlantic Ave @ Eastern Pkwy,car,129,126,16254,1.024,2,1.8,31.02,False
2026-08-15T19:22,1786821731.0,fde1748c-7c0f-4df8-8acd-120df29a9305,Atlantic Ave @ Eastern Pkwy,car,37,26,962,1.423,2,29.7,16.12,True
2026-08-15T19:22,1786821733.0,fde1748c-7c0f-4df8-8acd-120df29a9305,Atlantic Ave @ Eastern Pkwy,car,104,75,7800,1.387,1,0.0,0.0,False
2026-08-15T19:22,1786821733.0,fde1748c-7c0f-4df8-8acd-120df29a9305,Atlantic Ave @ Eastern Pkwy,truck,78,76,5928,1.026,1,0.0,0.0,False
2026-08-15T19:22,1786821733.0,fde1748c-7c0f-4df8-8acd-120df29a9305,Atlantic Ave @ Eastern Pkwy,car,40,46,1840,0.87,1,0.0,0.0,False
2026-08-15T19:22,1786821733.0,fde1748c-7c0f-4df8-8acd-120df29a9305,Atlantic Ave @ Eastern Pkwy,car,77,77,5929,1.0,1,0.0,0.0,False
2026-08-15T19:22,1786821733.0,fde1748c-7c0f-4df8-8acd-120df29a9305,Atlantic Ave @ Eastern Pkwy,car,40,38,1520,1.053,1,0.0,0.0,False
2026-08-15T19:22,1786821733.0,fde1748c-7c0f-4df8-8acd-120df29a9305,Atlantic Ave @ Eastern Pkwy,car,18,16,288,1.125,1,0.0,0.0,False
2026-08-15T19:22,1786821725.0,fde1748c-7c0f-4df8-8acd-120df29a9305,Atlantic Ave @ Eastern Pkwy,car,86,62,5332,1.387,5,58.2,6.17,False
2026-08-15T19:22,1786821729.0,fde1748c-7c0f-4df8-8acd-120df29a9305,Atlantic Ave @ Eastern Pkwy,car,56,51,2856,1.098,3,41.2,5.32,False
2026-08-15T19:22,1786821733.0,fde1748c-7c0f-4df8-8acd-120df29a9305,Atlantic Ave @ Eastern Pkwy,car,53,43,2279,1.233,2,324.5,4.3,False
2026-08-15T19:22,1786821735.0,fde1748c-7c0f-4df8-8acd-120df29a9305,Atlantic Ave @ Eastern Pkwy,car,82,69,5658,1.188,1,0.0,0.0,False
2026-08-15T19:22,1786821735.0,fde1748c-7c0f-4df8-8acd-120df29a9305,Atlantic Ave @ Eastern Pkwy,car,26,28,728,0.929,1,0.0,0.0,False
2026-08-15T19:22,1786821735.0,fde1748c-7c0f-4df8-8acd-120df29a9305,Atlantic Ave @ Eastern Pkwy,truck,46,44,2024,1.045,1,0.0,0.0,False
2026-08-15T19:22,1786821735.0,fde1748c-7c0f-4df8-8acd-120df29a9305,Atlantic Ave @ Eastern Pkwy,car,31,23,713,1.348,1,0.0,0.0,False
2026-08-15T19:22,1786821733.0,fde1748c-7c0f-4df8-8acd-120df29a9305,Atlantic Ave @ Eastern Pkwy,car,37,33,1221,1.121,3,331.3,8.84,True
2026-08-15T19:22,1786821735.0,fde1748c-7c0f-4df8-8acd-120df29a9305,Atlantic Ave @ Eastern Pkwy,car,19,21,399,0.905,2,246.4,8.73,True
2026-08-15T19:22,1786821725.0,fde1748c-7c0f-4df8-8acd-120df29a9305,Atlantic Ave @ Eastern Pkwy,car,91,69,6279,1.319,7,180.6,16.08,True
2026-08-15T19:22,1786821727.0,fde1748c-7c0f-4df8-8acd-120df29a9305,Atlantic Ave @ Eastern Pkwy,car,95,82,7790,1.159,6,244.9,12.03,True
2026-08-15T19:22,1786821739.0,fde1748c-7c0f-4df8-8acd-120df29a9305,Atlantic Ave @ Eastern Pkwy,car,43,35,1505,1.229,1,0.0,0.0,False
2026-08-15T19:22,1786821739.0,fde1748c-7c0f-4df8-8acd-120df29a9305,Atlantic Ave @ Eastern Pkwy,truck,12,50,600,0.24,1,0.0,0.0,False
2026-08-15T19:22,1786821725.0,fde1748c-7c0f-4df8-8acd-120df29a9305,Atlantic Ave @ Eastern Pkwy,car,42,39,1638,1.077,11,225.0,0.07,False
2026-08-15T19:22,1786821725.0,fde1748c-7c0f-4df8-8acd-120df29a9305,Atlantic Ave @ Eastern Pkwy,car,30,31,930,0.968,9,296.6,0.14,False
2026-08-15T19:22,1786821725.0,fde1748c-7c0f-4df8-8acd-120df29a9305,Atlantic Ave @ Eastern Pkwy,car,126,72,9072,1.75,8,166.1,18.47,True
2026-08-15T19:22,1786821729.0,fde1748c-7c0f-4df8-8acd-120df29a9305,Atlantic Ave @ Eastern Pkwy,truck,99,95,9405,1.042,7,279.1,2.11,False
2026-08-15T19:22,1786821735.0,fde1748c-7c0f-4df8-8acd-120df29a9305,Atlantic Ave @ Eastern Pkwy,car,131,81,10611,1.617,4,158.2,8.98,False
2026-08-15T19:22,1786821739.0,fde1748c-7c0f-4df8-8acd-120df29a9305,Atlantic Ave @ Eastern Pkwy,bus,98,94,9212,1.043,4,0.0,0.33,False
2026-08-15T19:22,1786821739.0,fde1748c-7c0f-4df8-8acd-120df29a9305,Atlantic Ave @ Eastern Pkwy,car,30,34,1020,0.882,2,0.0,0.5,False
2026-08-15T19:22,1786821743.0,fde1748c-7c0f-4df8-8acd-120df29a9305,Atlantic Ave @ Eastern Pkwy,car,28,32,896,0.875,2,0.0,0.0,False
2026-08-15T19:22,1786821743.0,fde1748c-7c0f-4df8-8acd-120df29a9305,Atlantic Ave @ Eastern Pkwy,truck,19,83,1577,0.229,1,0.0,0.0,False
2026-08-15T19:22,1786821745.0,fde1748c-7c0f-4df8-8acd-120df29a9305,Atlantic Ave @ Eastern Pkwy,truck,12,49,588,0.245,1,0.0,0.0,False
2026-08-15T19:22,1786821725.0,6851bbf7-e079-4379-b021-e5c7dafcb8c9,8 Ave @ 9 St,truck,115,115,13225,1.0,1,0.0,0.0,False
2026-08-15T19:22,1786821725.0,6851bbf7-e079-4379-b021-e5c7dafcb8c9,8 Ave @ 9 St,truck,66,66,4356,1.0,2,169.2,10.69,False
2026-08-15T19:22,1786821727.0,6851bbf7-e079-4379-b021-e5c7dafcb8c9,8 Ave @ 9 St,car,28,26,728,1.077,1,0.0,0.0,False
2026-08-15T19:22,1786821725.0,6851bbf7-e079-4379-b021-e5c7dafcb8c9,8 Ave @ 9 St,car,51,42,2142,1.214,2,276.8,12.59,False
2026-08-15T19:22,1786821729.0,6851bbf7-e079-4379-b021-e5c7dafcb8c9,8 Ave @ 9 St,car,49,52,2548,0.942,1,0.0,0.0,False
2026-08-15T19:22,1786821729.0,6851bbf7-e079-4379-b021-e5c7dafcb8c9,8 Ave @ 9 St,moto,39,47,1833,0.83,1,0.0,0.0,False
2026-08-15T19:22,1786821729.0,6851bbf7-e079-4379-b021-e5c7dafcb8c9,8 Ave @ 9 St,car,91,52,4732,1.75,1,0.0,0.0,False
2026-08-15T19:22,1786821725.0,6851bbf7-e079-4379-b021-e5c7dafcb8c9,8 Ave @ 9 St,car,78,84,6552,0.929,3,138.8,10.63,False
2026-08-15T19:22,1786821729.0,6851bbf7-e079-4379-b021-e5c7dafcb8c9,8 Ave @ 9 St,truck,97,79,7663,1.228,2,180.0,0.5,False
2026-08-15T19:22,1786821731.0,6851bbf7-e079-4379-b021-e5c7dafcb8c9,8 Ave @ 9 St,car,172,216,37152,0.796,1,0.0,0.0,False
2026-08-15T19:22,1786821731.0,6851bbf7-e079-4379-b021-e5c7dafcb8c9,8 Ave @ 9 St,truck,173,216,37368,0.801,1,0.0,0.0,False
2026-08-15T19:22,1786821731.0,6851bbf7-e079-4379-b021-e5c7dafcb8c9,8 Ave @ 9 St,truck,64,65,4160,0.985,1,0.0,0.0,False
2026-08-15T19:22,1786821727.0,6851bbf7-e079-4379-b021-e5c7dafcb8c9,8 Ave @ 9 St,car,149,131,19519,1.137,3,293.5,43.33,True
2026-08-15T19:22,1786821727.0,6851bbf7-e079-4379-b021-e5c7dafcb8c9,8 Ave @ 9 St,car,80,42,3360,1.905,4,285.9,1.21,False
2026-08-15T19:22,1786821731.0,6851bbf7-e079-4379-b021-e5c7dafcb8c9,8 Ave @ 9 St,car,61,65,3965,0.938,2,322.1,17.1,False
2026-08-15T19:22,1786821733.0,6851bbf7-e079-4379-b021-e5c7dafcb8c9,8 Ave @ 9 St,car,33,27,891,1.222,1,0.0,0.0,False
2026-08-15T19:22,1786821733.0,6851bbf7-e079-4379-b021-e5c7dafcb8c9,8 Ave @ 9 St,car,32,32,1024,1.0,1,0.0,0.0,False
2026-08-15T19:22,1786821735.0,6851bbf7-e079-4379-b021-e5c7dafcb8c9,8 Ave @ 9 St,car,180,174,31320,1.034,1,0.0,0.0,False
2026-08-15T19:22,1786821735.0,6851bbf7-e079-4379-b021-e5c7dafcb8c9,8 Ave @ 9 St,truck,88,63,5544,1.397,2,53.1,2.5,False
2026-08-15T19:22,1786821725.0,6851bbf7-e079-4379-b021-e5c7dafcb8c9,8 Ave @ 9 St,car,109,80,8720,1.363,10,135.0,0.08,False
2026-08-15T19:22,1786821725.0,6851bbf7-e079-4379-b021-e5c7dafcb8c9,8 Ave @ 9 St,car,47,37,1739,1.27,10,333.4,0.12,False
2026-08-15T19:22,1786821731.0,6851bbf7-e079-4379-b021-e5c7dafcb8c9,8 Ave @ 9 St,car,45,40,1800,1.125,7,90.0,0.08,False
2026-08-15T19:22,1786821733.0,6851bbf7-e079-4379-b021-e5c7dafcb8c9,8 Ave @ 9 St,car,70,60,4200,1.167,5,90.0,0.12,False
2026-08-15T19:22,1786821733.0,6851bbf7-e079-4379-b021-e5c7dafcb8c9,8 Ave @ 9 St,car,36,32,1152,1.125,4,0.0,0.17,False
2026-08-15T19:22,1786821739.0,6851bbf7-e079-4379-b021-e5c7dafcb8c9,8 Ave @ 9 St,car,75,41,3075,1.829,3,188.1,1.77,False
2026-08-15T19:22,1786821741.0,6851bbf7-e079-4379-b021-e5c7dafcb8c9,8 Ave @ 9 St,truck,474,243,115182,1.951,1,0.0,0.0,False
2026-08-15T19:22,1786821741.0,6851bbf7-e079-4379-b021-e5c7dafcb8c9,8 Ave @ 9 St,car,33,23,759,1.435,1,0.0,0.0,False
2026-08-15T19:22,1786821743.0,6851bbf7-e079-4379-b021-e5c7dafcb8c9,8 Ave @ 9 St,truck,86,60,5160,1.433,1,0.0,0.0,False
2026-08-15T19:22,1786821725.0,74707723-013b-4bf1-9a8b-c209dbf71984,Bushwick Ave @ Gates Ave,car,198,95,18810,2.084,1,0.0,0.0,False
2026-08-15T19:22,1786821725.0,74707723-013b-4bf1-9a8b-c209dbf71984,Bushwick Ave @ Gates Ave,car,38,33,1254,1.152,1,0.0,0.0,False
2026-08-15T19:22,1786821725.0,74707723-013b-4bf1-9a8b-c209dbf71984,Bushwick Ave @ Gates Ave,truck,55,43,2365,1.279,1,0.0,0.0,False
2026-08-15T19:22,1786821725.0,74707723-013b-4bf1-9a8b-c209dbf71984,Bushwick Ave @ Gates Ave,car,50,53,2650,0.943,2,270.0,14.5,False
2026-08-15T19:22,1786821727.0,74707723-013b-4bf1-9a8b-c209dbf71984,Bushwick Ave @ Gates Ave,truck,46,46,2116,1.0,1,0.0,0.0,False
2026-08-15T19:22,1786821727.0,74707723-013b-4bf1-9a8b-c209dbf71984,Bushwick Ave @ Gates Ave,car,17,22,374,0.773,1,0.0,0.0,False
2026-08-15T19:22,1786821733.0,74707723-013b-4bf1-9a8b-c209dbf71984,Bushwick Ave @ Gates Ave,car,15,14,210,1.071,2,225.0,0.71,False
2026-08-15T19:22,1786821735.0,74707723-013b-4bf1-9a8b-c209dbf71984,Bushwick Ave @ Gates Ave,truck,62,45,2790,1.378,2,315.0,2.12,False
2026-08-15T19:22,1786821727.0,74707723-013b-4bf1-9a8b-c209dbf71984,Bushwick Ave @ Gates Ave,car,62,103,6386,0.602,10,108.4,0.18,False
2026-08-15T19:22,1786821745.0,74707723-013b-4bf1-9a8b-c209dbf71984,Bushwick Ave @ Gates Ave,truck,59,45,2655,1.311,1,0.0,0.0,False
2026-08-15T19:22,1786821725.0,a8805cdb-e305-42d0-b011-cb825380cf8e,Bushwick Ave @ Cooper St,truck,52,49,2548,1.061,1,0.0,0.0,False
2026-08-15T19:22,1786821725.0,a8805cdb-e305-42d0-b011-cb825380cf8e,Bushwick Ave @ Cooper St,car,50,60,3000,0.833,1,0.0,0.0,False
2026-08-15T19:22,1786821725.0,a8805cdb-e305-42d0-b011-cb825380cf8e,Bushwick Ave @ Cooper St,car,25,44,1100,0.568,1,0.0,0.0,False
2026-08-15T19:22,1786821725.0,a8805cdb-e305-42d0-b011-cb825380cf8e,Bushwick Ave @ Cooper St,car,60,39,2340,1.538,1,0.0,0.0,False
2026-08-15T19:22,1786821727.0,a8805cdb-e305-42d0-b011-cb825380cf8e,Bushwick Ave @ Cooper St,car,42,47,1974,0.894,1,0.0,0.0,False
2026-08-15T19:22,1786821727.0,a8805cdb-e305-42d0-b011-cb825380cf8e,Bushwick Ave @ Cooper St,car,37,42,1554,0.881,1,0.0,0.0,False
2026-08-15T19:22,1786821729.0,a8805cdb-e305-42d0-b011-cb825380cf8e,Bushwick Ave @ Cooper St,car,33,25,825,1.32,1,0.0,0.0,False
2026-08-15T19:22,1786821725.0,a8805cdb-e305-42d0-b011-cb825380cf8e,Bushwick Ave @ Cooper St,car,94,100,9400,0.94,4,116.6,6.34,False
2026-08-15T19:22,1786821731.0,a8805cdb-e305-42d0-b011-cb825380cf8e,Bushwick Ave @ Cooper St,car,45,45,2025,1.0,1,0.0,0.0,False
2026-08-15T19:22,1786821725.0,a8805cdb-e305-42d0-b011-cb825380cf8e,Bushwick Ave @ Cooper St,truck,131,134,17554,0.978,5,140.0,9.14,False
2026-08-15T19:22,1786821729.0,a8805cdb-e305-42d0-b011-cb825380cf8e,Bushwick Ave @ Cooper St,car,18,104,1872,0.173,2,108.4,3.16,False
2026-08-15T19:22,1786821725.0,a8805cdb-e305-42d0-b011-cb825380cf8e,Bushwick Ave @ Cooper St,car,83,109,9047,0.761,6,274.0,4.31,False
2026-08-15T19:22,1786821735.0,a8805cdb-e305-42d0-b011-cb825380cf8e,Bushwick Ave @ Cooper St,car,33,19,627,1.737,2,135.0,0.71,False
2026-08-15T19:22,1786821725.0,a8805cdb-e305-42d0-b011-cb825380cf8e,Bushwick Ave @ Cooper St,car,80,91,7280,0.879,7,180.0,0.08,False
2026-08-15T19:22,1786821739.0,a8805cdb-e305-42d0-b011-cb825380cf8e,Bushwick Ave @ Cooper St,truck,122,123,15006,0.992,1,0.0,0.0,False
2026-08-15T19:22,1786821739.0,a8805cdb-e305-42d0-b011-cb825380cf8e,Bushwick Ave @ Cooper St,car,17,92,1564,0.185,1,0.0,0.0,False
2026-08-15T19:22,1786821725.0,a8805cdb-e305-42d0-b011-cb825380cf8e,Bushwick Ave @ Cooper St,car,121,30,3630,4.033,9,251.6,0.2,False
2026-08-15T19:22,1786821725.0,a8805cdb-e305-42d0-b011-cb825380cf8e,Bushwick Ave @ Cooper St,car,86,90,7740,0.956,11,270.0,0.1,False
2026-08-15T19:22,1786821725.0,a8805cdb-e305-42d0-b011-cb825380cf8e,Bushwick Ave @ Cooper St,car,128,179,22912,0.715,10,286.6,5.45,False
2026-08-15T19:22,1786821731.0,a8805cdb-e305-42d0-b011-cb825380cf8e,Bushwick Ave @ Cooper St,truck,164,151,24764,1.086,6,127.4,18.26,True
2026-08-15T19:22,1786821733.0,a8805cdb-e305-42d0-b011-cb825380cf8e,Bushwick Ave @ Cooper St,truck,70,66,4620,1.061,5,276.1,7.04,True
2026-08-15T19:22,1786821735.0,a8805cdb-e305-42d0-b011-cb825380cf8e,Bushwick Ave @ Cooper St,truck,80,123,9840,0.65,5,0.0,0.12,False
2026-08-15T19:22,1786821737.0,a8805cdb-e305-42d0-b011-cb825380cf8e,Bushwick Ave @ Cooper St,car,60,68,4080,0.882,3,272.6,5.51,False
2026-08-15T19:22,1786821737.0,a8805cdb-e305-42d0-b011-cb825380cf8e,Bushwick Ave @ Cooper St,truck,46,48,2208,0.958,2,194.9,7.76,False
2026-08-15T19:22,1786821737.0,a8805cdb-e305-42d0-b011-cb825380cf8e,Bushwick Ave @ Cooper St,truck,57,51,2907,1.118,3,180.0,0.75,False
2026-08-15T19:22,1786821741.0,a8805cdb-e305-42d0-b011-cb825380cf8e,Bushwick Ave @ Cooper St,car,120,97,11640,1.237,1,0.0,0.0,False
2026-08-15T19:22,1786821741.0,a8805cdb-e305-42d0-b011-cb825380cf8e,Bushwick Ave @ Cooper St,truck,86,86,7396,1.0,3,0.0,0.25,False
2026-08-15T19:22,1786821741.0,a8805cdb-e305-42d0-b011-cb825380cf8e,Bushwick Ave @ Cooper St,truck,97,126,12222,0.77,1,0.0,0.0,False
2026-08-15T19:22,1786821743.0,a8805cdb-e305-42d0-b011-cb825380cf8e,Bushwick Ave @ Cooper St,car,56,75,4200,0.747,2,297.8,10.74,False
2026-08-15T19:22,1786821743.0,a8805cdb-e305-42d0-b011-cb825380cf8e,Bushwick Ave @ Cooper St,car,26,15,390,1.733,2,170.5,3.04,False
2026-08-15T19:22,1786821745.0,a8805cdb-e305-42d0-b011-cb825380cf8e,Bushwick Ave @ Cooper St,truck,16,95,1520,0.168,1,0.0,0.0,False
2026-08-15T19:22,1786821725.0,068461e2-c62f-4ce4-adac-5f9efe92af1d,Bushwick Ave @ De Kalb Ave,truck,66,56,3696,1.179,1,0.0,0.0,False
2026-08-15T19:22,1786821725.0,068461e2-c62f-4ce4-adac-5f9efe92af1d,Bushwick Ave @ De Kalb Ave,car,44,57,2508,0.772,4,293.2,1.27,False
2026-08-15T19:22,1786821729.0,068461e2-c62f-4ce4-adac-5f9efe92af1d,Bushwick Ave @ De Kalb Ave,truck,57,70,3990,0.814,2,68.6,24.7,False
2026-08-15T19:22,1786821731.0,068461e2-c62f-4ce4-adac-5f9efe92af1d,Bushwick Ave @ De Kalb Ave,truck,66,56,3696,1.179,2,315.0,0.71,False
2026-08-15T19:22,1786821733.0,068461e2-c62f-4ce4-adac-5f9efe92af1d,Bushwick Ave @ De Kalb Ave,car,37,35,1295,1.057,1,0.0,0.0,False
2026-08-15T19:22,1786821733.0,068461e2-c62f-4ce4-adac-5f9efe92af1d,Bushwick Ave @ De Kalb Ave,car,83,72,5976,1.153,1,0.0,0.0,False
2026-08-15T19:22,1786821731.0,068461e2-c62f-4ce4-adac-5f9efe92af1d,Bushwick Ave @ De Kalb Ave,car,28,27,756,1.037,2,90.0,0.5,False
2026-08-15T19:22,1786821735.0,068461e2-c62f-4ce4-adac-5f9efe92af1d,Bushwick Ave @ De Kalb Ave,car,146,106,15476,1.377,1,0.0,0.0,False
2026-08-15T19:22,1786821735.0,068461e2-c62f-4ce4-adac-5f9efe92af1d,Bushwick Ave @ De Kalb Ave,car,73,67,4891,1.09,1,0.0,0.0,False
2026-08-15T19:22,1786821735.0,068461e2-c62f-4ce4-adac-5f9efe92af1d,Bushwick Ave @ De Kalb Ave,truck,97,112,10864,0.866,1,0.0,0.0,False
2026-08-15T19:22,1786821735.0,068461e2-c62f-4ce4-adac-5f9efe92af1d,Bushwick Ave @ De Kalb Ave,truck,72,66,4752,1.091,1,0.0,0.0,False
2026-08-15T19:22,1786821735.0,068461e2-c62f-4ce4-adac-5f9efe92af1d,Bushwick Ave @ De Kalb Ave,truck,124,126,15624,0.984,1,0.0,0.0,False
2026-08-15T19:22,1786821735.0,068461e2-c62f-4ce4-adac-5f9efe92af1d,Bushwick Ave @ De Kalb Ave,car,91,42,3822,2.167,1,0.0,0.0,False
2026-08-15T19:22,1786821743.0,068461e2-c62f-4ce4-adac-5f9efe92af1d,Bushwick Ave @ De Kalb Ave,car,26,27,702,0.963,1,0.0,0.0,False
2026-08-15T19:22,1786821745.0,068461e2-c62f-4ce4-adac-5f9efe92af1d,Bushwick Ave @ De Kalb Ave,car,61,79,4819,0.772,1,0.0,0.0,False
2026-08-15T19:22,1786821745.0,068461e2-c62f-4ce4-adac-5f9efe92af1d,Bushwick Ave @ De Kalb Ave,truck,60,79,4740,0.759,1,0.0,0.0,False
2026-08-15T19:22,1786821729.0,089d8066-4e5e-4549-9496-a5f4ffb56ef5,7 Ave @ 9 St,car,24,23,552,1.043,2,229.1,9.92,True
2026-08-15T19:22,1786821731.0,089d8066-4e5e-4549-9496-a5f4ffb56ef5,7 Ave @ 9 St,truck,48,51,2448,0.941,2,270.0,5.0,False
2026-08-15T19:22,1786821733.0,089d8066-4e5e-4549-9496-a5f4ffb56ef5,7 Ave @ 9 St,car,144,94,13536,1.532,1,0.0,0.0,False
2026-08-15T19:22,1786821735.0,089d8066-4e5e-4549-9496-a5f4ffb56ef5,7 Ave @ 9 St,car,34,27,918,1.259,1,0.0,0.0,False
2026-08-15T19:22,1786821733.0,089d8066-4e5e-4549-9496-a5f4ffb56ef5,7 Ave @ 9 St,bus,241,193,46513,1.249,2,147.5,71.71,False
2026-08-15T19:22,1786821725.0,089d8066-4e5e-4549-9496-a5f4ffb56ef5,7 Ave @ 9 St,truck,65,132,8580,0.492,10,270.0,0.28,False
2026-08-15T19:22,1786821733.0,089d8066-4e5e-4549-9496-a5f4ffb56ef5,7 Ave @ 9 St,truck,130,115,14950,1.13,6,189.5,0.61,False
2026-08-15T19:22,1786821735.0,089d8066-4e5e-4549-9496-a5f4ffb56ef5,7 Ave @ 9 St,car,70,68,4760,1.029,5,270.0,0.12,False
2026-08-15T19:22,1786821737.0,089d8066-4e5e-4549-9496-a5f4ffb56ef5,7 Ave @ 9 St,car,31,22,682,1.409,3,153.4,0.56,False
2026-08-15T19:22,1786821741.0,089d8066-4e5e-4549-9496-a5f4ffb56ef5,7 Ave @ 9 St,car,32,25,800,1.28,1,0.0,0.0,False
2026-08-15T19:22,1786821741.0,089d8066-4e5e-4549-9496-a5f4ffb56ef5,7 Ave @ 9 St,car,40,36,1440,1.111,1,0.0,0.0,False
2026-08-15T19:22,1786821743.0,089d8066-4e5e-4549-9496-a5f4ffb56ef5,7 Ave @ 9 St,bus,224,175,39200,1.28,1,0.0,0.0,False
2026-08-15T19:22,1786821725.0,a8f2d065-c266-4378-ac63-50b81677da84,C2-PE-02-Ctr_at_Ft_Hamltn_Pkwy-Ex5,car,277,61,16897,4.541,1,0.0,0.0,False
2026-08-15T19:22,1786821725.0,053afe02-e1b3-4bea-9995-787e72c7fff4,Atlantic Ave @ Barclays Center,car,93,41,3813,2.268,1,0.0,0.0,False
2026-08-15T19:22,1786821725.0,053afe02-e1b3-4bea-9995-787e72c7fff4,Atlantic Ave @ Barclays Center,car,80,49,3920,1.633,1,0.0,0.0,False
2026-08-15T19:22,1786821725.0,053afe02-e1b3-4bea-9995-787e72c7fff4,Atlantic Ave @ Barclays Center,car,39,20,780,1.95,1,0.0,0.0,False
2026-08-15T19:22,1786821725.0,053afe02-e1b3-4bea-9995-787e72c7fff4,Atlantic Ave @ Barclays Center,car,76,53,4028,1.434,1,0.0,0.0,False
2026-08-15T19:22,1786821729.0,053afe02-e1b3-4bea-9995-787e72c7fff4,Atlantic Ave @ Barclays Center,car,24,20,480,1.2,2,318.6,11.34,True
2026-08-15T19:22,1786821735.0,053afe02-e1b3-4bea-9995-787e72c7fff4,Atlantic Ave @ Barclays Center,car,30,44,1320,0.682,1,0.0,0.0,False
2026-08-15T19:22,1786821725.0,053afe02-e1b3-4bea-9995-787e72c7fff4,Atlantic Ave @ Barclays Center,car,163,112,18256,1.455,6,17.6,17.84,True
2026-08-15T19:22,1786821725.0,053afe02-e1b3-4bea-9995-787e72c7fff4,Atlantic Ave @ Barclays Center,car,54,41,2214,1.317,7,37.9,3.8,True
2026-08-15T19:22,1786821739.0,053afe02-e1b3-4bea-9995-787e72c7fff4,Atlantic Ave @ Barclays Center,car,32,31,992,1.032,1,0.0,0.0,False
2026-08-15T19:22,1786821725.0,053afe02-e1b3-4bea-9995-787e72c7fff4,Atlantic Ave @ Barclays Center,car,134,91,12194,1.473,11,0.0,0.05,False
2026-08-15T19:22,1786821725.0,053afe02-e1b3-4bea-9995-787e72c7fff4,Atlantic Ave @ Barclays Center,car,93,97,9021,0.959,10,270.0,0.06,False
2026-08-15T19:22,1786821725.0,053afe02-e1b3-4bea-9995-787e72c7fff4,Atlantic Ave @ Barclays Center,car,94,100,9400,0.94,10,191.3,0.28,False
2026-08-15T19:22,1786821725.0,053afe02-e1b3-4bea-9995-787e72c7fff4,Atlantic Ave @ Barclays Center,car,57,46,2622,1.239,9,180.0,0.38,False
2026-08-15T19:22,1786821731.0,053afe02-e1b3-4bea-9995-787e72c7fff4,Atlantic Ave @ Barclays Center,car,45,34,1530,1.324,4,32.3,5.92,False
2026-08-15T19:22,1786821733.0,053afe02-e1b3-4bea-9995-787e72c7fff4,Atlantic Ave @ Barclays Center,car,50,32,1600,1.562,4,23.8,6.19,False
2026-08-15T19:22,1786821739.0,053afe02-e1b3-4bea-9995-787e72c7fff4,Atlantic Ave @ Barclays Center,car,104,103,10712,1.01,3,204.1,7.95,False
2026-08-15T19:22,1786821739.0,053afe02-e1b3-4bea-9995-787e72c7fff4,Atlantic Ave @ Barclays Center,truck,86,69,5934,1.246,2,201.0,6.96,False
2026-08-15T19:22,1786821739.0,053afe02-e1b3-4bea-9995-787e72c7fff4,Atlantic Ave @ Barclays Center,car,28,26,728,1.077,2,180.0,1.0,False
2026-08-15T19:22,1786821745.0,053afe02-e1b3-4bea-9995-787e72c7fff4,Atlantic Ave @ Barclays Center,car,33,31,1023,1.065,1,0.0,0.0,False
2026-08-15T19:22,1786821725.0,fa287d30-44a9-48ef-90d6-5ab0a54eab15,Flatbush Ave and Atlantic Ave,car,45,45,2025,1.0,1,0.0,0.0,False
2026-08-15T19:22,1786821725.0,fa287d30-44a9-48ef-90d6-5ab0a54eab15,Flatbush Ave and Atlantic Ave,car,32,29,928,1.103,1,0.0,0.0,False
2026-08-15T19:22,1786821725.0,fa287d30-44a9-48ef-90d6-5ab0a54eab15,Flatbush Ave and Atlantic Ave,truck,76,84,6384,0.905,1,0.0,0.0,False
2026-08-15T19:22,1786821725.0,fa287d30-44a9-48ef-90d6-5ab0a54eab15,Flatbush Ave and Atlantic Ave,car,55,39,2145,1.41,2,338.6,15.04,False
2026-08-15T19:22,1786821725.0,fa287d30-44a9-48ef-90d6-5ab0a54eab15,Flatbush Ave and Atlantic Ave,car,79,84,6636,0.94,2,3.9,29.57,False
2026-08-15T19:22,1786821731.0,fa287d30-44a9-48ef-90d6-5ab0a54eab15,Flatbush Ave and Atlantic Ave,car,165,57,9405,2.895,1,0.0,0.0,False
2026-08-15T19:22,1786821729.0,fa287d30-44a9-48ef-90d6-5ab0a54eab15,Flatbush Ave and Atlantic Ave,car,19,17,323,1.118,2,0.0,0.0,False
2026-08-15T19:22,1786821731.0,fa287d30-44a9-48ef-90d6-5ab0a54eab15,Flatbush Ave and Atlantic Ave,truck,66,57,3762,1.158,2,229.4,23.05,False
2026-08-15T19:22,1786821733.0,fa287d30-44a9-48ef-90d6-5ab0a54eab15,Flatbush Ave and Atlantic Ave,car,131,70,9170,1.871,2,343.5,33.38,False
2026-08-15T19:22,1786821733.0,fa287d30-44a9-48ef-90d6-5ab0a54eab15,Flatbush Ave and Atlantic Ave,truck,61,112,6832,0.545,2,270.0,0.5,False
2026-08-15T19:22,1786821731.0,fa287d30-44a9-48ef-90d6-5ab0a54eab15,Flatbush Ave and Atlantic Ave,car,66,57,3762,1.158,3,232.0,13.0,False
2026-08-15T19:22,1786821735.0,fa287d30-44a9-48ef-90d6-5ab0a54eab15,Flatbush Ave and Atlantic Ave,car,46,36,1656,1.278,3,183.6,4.01,False
2026-08-15T19:22,1786821733.0,fa287d30-44a9-48ef-90d6-5ab0a54eab15,Flatbush Ave and Atlantic Ave,truck,101,110,11110,0.918,5,69.4,1.07,False
2026-08-15T19:22,1786821733.0,fa287d30-44a9-48ef-90d6-5ab0a54eab15,Flatbush Ave and Atlantic Ave,car,42,51,2142,0.824,5,319.4,2.3,False
2026-08-15T19:22,1786821737.0,fa287d30-44a9-48ef-90d6-5ab0a54eab15,Flatbush Ave and Atlantic Ave,car,43,52,2236,0.827,4,115.8,5.37,False
2026-08-15T19:22,1786821739.0,fa287d30-44a9-48ef-90d6-5ab0a54eab15,Flatbush Ave and Atlantic Ave,truck,68,67,4556,1.015,3,102.3,19.96,True
2026-08-15T19:22,1786821741.0,fa287d30-44a9-48ef-90d6-5ab0a54eab15,Flatbush Ave and Atlantic Ave,car,119,99,11781,1.202,1,0.0,0.0,False
2026-08-15T19:22,1786821741.0,fa287d30-44a9-48ef-90d6-5ab0a54eab15,Flatbush Ave and Atlantic Ave,car,68,68,4624,1.0,2,81.4,26.8,False
2026-08-15T19:22,1786821741.0,fa287d30-44a9-48ef-90d6-5ab0a54eab15,Flatbush Ave and Atlantic Ave,truck,121,99,11979,1.222,1,0.0,0.0,False
2026-08-15T19:22,1786821743.0,fa287d30-44a9-48ef-90d6-5ab0a54eab15,Flatbush Ave and Atlantic Ave,car,149,58,8642,2.569,1,0.0,0.0,False
2026-08-15T19:22,1786821743.0,fa287d30-44a9-48ef-90d6-5ab0a54eab15,Flatbush Ave and Atlantic Ave,bus,154,59,9086,2.61,1,0.0,0.0,False
2026-08-15T19:22,1786821725.0,5f4bef40-ddee-41fa-a623-6388d561f416,C2-PE-01-Cntr_at_Caton_Ave-Ex6,car,253,218,55154,1.161,1,0.0,0.0,False
2026-08-15T19:22,1786821725.0,5f4bef40-ddee-41fa-a623-6388d561f416,C2-PE-01-Cntr_at_Caton_Ave-Ex6,car,271,179,48509,1.514,1,0.0,0.0,False
2026-08-15T19:22,1786821725.0,5f4bef40-ddee-41fa-a623-6388d561f416,C2-PE-01-Cntr_at_Caton_Ave-Ex6,truck,283,270,76410,1.048,1,0.0,0.0,False
2026-08-15T19:22,1786821725.0,5f4bef40-ddee-41fa-a623-6388d561f416,C2-PE-01-Cntr_at_Caton_Ave-Ex6,car,185,127,23495,1.457,1,0.0,0.0,False
2026-08-15T19:22,1786821725.0,5f4bef40-ddee-41fa-a623-6388d561f416,C2-PE-01-Cntr_at_Caton_Ave-Ex6,car,91,76,6916,1.197,1,0.0,0.0,False
2026-08-15T19:22,1786821725.0,5f4bef40-ddee-41fa-a623-6388d561f416,C2-PE-01-Cntr_at_Caton_Ave-Ex6,car,280,273,76440,1.026,1,0.0,0.0,False
2026-08-15T19:22,1786821725.0,5f4bef40-ddee-41fa-a623-6388d561f416,C2-PE-01-Cntr_at_Caton_Ave-Ex6,car,70,76,5320,0.921,1,0.0,0.0,False
2026-08-15T19:22,1786821725.0,5f4bef40-ddee-41fa-a623-6388d561f416,C2-PE-01-Cntr_at_Caton_Ave-Ex6,car,130,105,13650,1.238,2,289.5,34.47,False
2026-08-15T19:22,1786821727.0,5f4bef40-ddee-41fa-a623-6388d561f416,C2-PE-01-Cntr_at_Caton_Ave-Ex6,car,226,192,43392,1.177,1,0.0,0.0,False
2026-08-15T19:22,1786821727.0,5f4bef40-ddee-41fa-a623-6388d561f416,C2-PE-01-Cntr_at_Caton_Ave-Ex6,car,437,414,180918,1.056,1,0.0,0.0,False
2026-08-15T19:22,1786821727.0,5f4bef40-ddee-41fa-a623-6388d561f416,C2-PE-01-Cntr_at_Caton_Ave-Ex6,car,298,200,59600,1.49,1,0.0,0.0,False
2026-08-15T19:22,1786821725.0,5f4bef40-ddee-41fa-a623-6388d561f416,C2-PE-01-Cntr_at_Caton_Ave-Ex6,car,259,199,51541,1.302,2,233.7,46.5,False
2026-08-15T19:22,1786821727.0,5f4bef40-ddee-41fa-a623-6388d561f416,C2-PE-01-Cntr_at_Caton_Ave-Ex6,car,133,111,14763,1.198,2,121.2,57.88,True
2026-08-15T19:22,1786821729.0,5f4bef40-ddee-41fa-a623-6388d561f416,C2-PE-01-Cntr_at_Caton_Ave-Ex6,car,503,416,209248,1.209,1,0.0,0.0,False
2026-08-15T19:22,1786821729.0,5f4bef40-ddee-41fa-a623-6388d561f416,C2-PE-01-Cntr_at_Caton_Ave-Ex6,car,131,105,13755,1.248,1,0.0,0.0,False
2026-08-15T19:22,1786821729.0,5f4bef40-ddee-41fa-a623-6388d561f416,C2-PE-01-Cntr_at_Caton_Ave-Ex6,car,89,63,5607,1.413,1,0.0,0.0,False
2026-08-15T19:22,1786821727.0,5f4bef40-ddee-41fa-a623-6388d561f416,C2-PE-01-Cntr_at_Caton_Ave-Ex6,car,102,62,6324,1.645,2,24.0,45.44,True
2026-08-15T19:22,1786821731.0,5f4bef40-ddee-41fa-a623-6388d561f416,C2-PE-01-Cntr_at_Caton_Ave-Ex6,car,265,183,48495,1.448,1,0.0,0.0,False
2026-08-15T19:22,1786821733.0,5f4bef40-ddee-41fa-a623-6388d561f416,C2-PE-01-Cntr_at_Caton_Ave-Ex6,car,182,125,22750,1.456,1,0.0,0.0,False
2026-08-15T19:22,1786821731.0,5f4bef40-ddee-41fa-a623-6388d561f416,C2-PE-01-Cntr_at_Caton_Ave-Ex6,car,193,148,28564,1.304,2,161.6,39.53,False
2026-08-15T19:22,1786821735.0,5f4bef40-ddee-41fa-a623-6388d561f416,C2-PE-01-Cntr_at_Caton_Ave-Ex6,car,182,170,30940,1.071,1,0.0,0.0,False
2026-08-15T19:22,1786821735.0,5f4bef40-ddee-41fa-a623-6388d561f416,C2-PE-01-Cntr_at_Caton_Ave-Ex6,car,260,186,48360,1.398,1,0.0,0.0,False
2026-08-15T19:22,1786821735.0,5f4bef40-ddee-41fa-a623-6388d561f416,C2-PE-01-Cntr_at_Caton_Ave-Ex6,car,391,362,141542,1.08,2,178.5,56.02,False
2026-08-15T19:22,1786821735.0,5f4bef40-ddee-41fa-a623-6388d561f416,C2-PE-01-Cntr_at_Caton_Ave-Ex6,car,95,105,9975,0.905,2,333.0,28.62,False
2026-08-15T19:22,1786821737.0,5f4bef40-ddee-41fa-a623-6388d561f416,C2-PE-01-Cntr_at_Caton_Ave-Ex6,car,265,271,71815,0.978,1,0.0,0.0,False
2026-08-15T19:22,1786821737.0,5f4bef40-ddee-41fa-a623-6388d561f416,C2-PE-01-Cntr_at_Caton_Ave-Ex6,car,657,458,300906,1.434,1,0.0,0.0,False
2026-08-15T19:22,1786821737.0,5f4bef40-ddee-41fa-a623-6388d561f416,C2-PE-01-Cntr_at_Caton_Ave-Ex6,car,160,115,18400,1.391,1,0.0,0.0,False
2026-08-15T19:22,1786821737.0,5f4bef40-ddee-41fa-a623-6388d561f416,C2-PE-01-Cntr_at_Caton_Ave-Ex6,truck,689,353,243217,1.952,1,0.0,0.0,False
2026-08-15T19:22,1786821737.0,5f4bef40-ddee-41fa-a623-6388d561f416,C2-PE-01-Cntr_at_Caton_Ave-Ex6,car,123,82,10086,1.5,1,0.0,0.0,False
2026-08-15T19:22,1786821737.0,5f4bef40-ddee-41fa-a623-6388d561f416,C2-PE-01-Cntr_at_Caton_Ave-Ex6,car,102,76,7752,1.342,1,0.0,0.0,False
2026-08-15T19:22,1786821735.0,5f4bef40-ddee-41fa-a623-6388d561f416,C2-PE-01-Cntr_at_Caton_Ave-Ex6,car,120,168,20160,0.714,2,258.3,74.04,True
2026-08-15T19:22,1786821737.0,5f4bef40-ddee-41fa-a623-6388d561f416,C2-PE-01-Cntr_at_Caton_Ave-Ex6,car,343,268,91924,1.28,2,315.9,66.12,False
2026-08-15T19:22,1786821739.0,5f4bef40-ddee-41fa-a623-6388d561f416,C2-PE-01-Cntr_at_Caton_Ave-Ex6,car,81,46,3726,1.761,1,0.0,0.0,False
2026-08-15T19:22,1786821735.0,5f4bef40-ddee-41fa-a623-6388d561f416,C2-PE-01-Cntr_at_Caton_Ave-Ex6,car,437,266,116242,1.643,3,13.8,62.03,False
2026-08-15T19:22,1786821735.0,5f4bef40-ddee-41fa-a623-6388d561f416,C2-PE-01-Cntr_at_Caton_Ave-Ex6,car,190,124,23560,1.532,3,128.5,18.86,False
2026-08-15T19:22,1786821737.0,5f4bef40-ddee-41fa-a623-6388d561f416,C2-PE-01-Cntr_at_Caton_Ave-Ex6,car,780,489,381420,1.595,3,321.6,260.15,True
2026-08-15T19:22,1786821737.0,5f4bef40-ddee-41fa-a623-6388d561f416,C2-PE-01-Cntr_at_Caton_Ave-Ex6,car,365,335,122275,1.09,3,185.9,41.22,False
2026-08-15T19:22,1786821741.0,5f4bef40-ddee-41fa-a623-6388d561f416,C2-PE-01-Cntr_at_Caton_Ave-Ex6,car,104,74,7696,1.405,1,0.0,0.0,False
2026-08-15T19:22,1786821741.0,5f4bef40-ddee-41fa-a623-6388d561f416,C2-PE-01-Cntr_at_Caton_Ave-Ex6,car,156,108,16848,1.444,2,64.4,54.34,False
2026-08-15T19:22,1786821743.0,5f4bef40-ddee-41fa-a623-6388d561f416,C2-PE-01-Cntr_at_Caton_Ave-Ex6,car,107,81,8667,1.321,1,0.0,0.0,False
2026-08-15T19:22,1786821743.0,5f4bef40-ddee-41fa-a623-6388d561f416,C2-PE-01-Cntr_at_Caton_Ave-Ex6,car,169,147,24843,1.15,1,0.0,0.0,False
2026-08-15T19:22,1786821743.0,5f4bef40-ddee-41fa-a623-6388d561f416,C2-PE-01-Cntr_at_Caton_Ave-Ex6,car,260,269,69940,0.967,1,0.0,0.0,False
2026-08-15T19:22,1786821743.0,5f4bef40-ddee-41fa-a623-6388d561f416,C2-PE-01-Cntr_at_Caton_Ave-Ex6,car,400,277,110800,1.444,1,0.0,0.0,False
2026-08-15T19:22,1786821743.0,5f4bef40-ddee-41fa-a623-6388d561f416,C2-PE-01-Cntr_at_Caton_Ave-Ex6,car,125,125,15625,1.0,1,0.0,0.0,False
2026-08-15T19:22,1786821743.0,5f4bef40-ddee-41fa-a623-6388d561f416,C2-PE-01-Cntr_at_Caton_Ave-Ex6,car,525,469,246225,1.119,1,0.0,0.0,False
2026-08-15T19:22,1786821743.0,5f4bef40-ddee-41fa-a623-6388d561f416,C2-PE-01-Cntr_at_Caton_Ave-Ex6,car,107,74,7918,1.446,1,0.0,0.0,False
2026-08-15T19:22,1786821743.0,5f4bef40-ddee-41fa-a623-6388d561f416,C2-PE-01-Cntr_at_Caton_Ave-Ex6,car,112,116,12992,0.966,1,0.0,0.0,False
2026-08-15T19:22,1786821743.0,5f4bef40-ddee-41fa-a623-6388d561f416,C2-PE-01-Cntr_at_Caton_Ave-Ex6,car,435,275,119625,1.582,1,0.0,0.0,False
2026-08-15T19:22,1786821745.0,5f4bef40-ddee-41fa-a623-6388d561f416,C2-PE-01-Cntr_at_Caton_Ave-Ex6,car,413,300,123900,1.377,1,0.0,0.0,False
2026-08-15T19:22,1786821745.0,5f4bef40-ddee-41fa-a623-6388d561f416,C2-PE-01-Cntr_at_Caton_Ave-Ex6,car,124,94,11656,1.319,1,0.0,0.0,False
2026-08-15T19:22,1786821745.0,5f4bef40-ddee-41fa-a623-6388d561f416,C2-PE-01-Cntr_at_Caton_Ave-Ex6,car,177,121,21417,1.463,1,0.0,0.0,False
2026-08-15T19:22,1786821725.0,9955d671-39ad-4fb7-b63e-4e78cf6ac157,Flatbush Ave and 4 Ave,car,127,70,8890,1.814,1,0.0,0.0,False
2026-08-15T19:22,1786821725.0,9955d671-39ad-4fb7-b63e-4e78cf6ac157,Flatbush Ave and 4 Ave,car,66,124,8184,0.532,1,0.0,0.0,False
2026-08-15T19:22,1786821725.0,9955d671-39ad-4fb7-b63e-4e78cf6ac157,Flatbush Ave and 4 Ave,car,30,18,540,1.667,1,0.0,0.0,False
2026-08-15T19:22,1786821725.0,9955d671-39ad-4fb7-b63e-4e78cf6ac157,Flatbush Ave and 4 Ave,truck,90,112,10080,0.804,2,140.5,40.84,False
2026-08-15T19:22,1786821727.0,9955d671-39ad-4fb7-b63e-4e78cf6ac157,Flatbush Ave and 4 Ave,car,34,38,1292,0.895,1,0.0,0.0,False
2026-08-15T19:22,1786821727.0,9955d671-39ad-4fb7-b63e-4e78cf6ac157,Flatbush Ave and 4 Ave,truck,76,105,7980,0.724,1,0.0,0.0,False
2026-08-15T19:22,1786821725.0,9955d671-39ad-4fb7-b63e-4e78cf6ac157,Flatbush Ave and 4 Ave,car,67,49,3283,1.367,3,2.9,5.01,False
2026-08-15T19:22,1786821725.0,9955d671-39ad-4fb7-b63e-4e78cf6ac157,Flatbush Ave and 4 Ave,truck,114,183,20862,0.623,2,99.3,40.03,False
2026-08-15T19:22,1786821729.0,9955d671-39ad-4fb7-b63e-4e78cf6ac157,Flatbush Ave and 4 Ave,car,82,83,6806,0.988,1,0.0,0.0,False
2026-08-15T19:22,1786821729.0,9955d671-39ad-4fb7-b63e-4e78cf6ac157,Flatbush Ave and 4 Ave,truck,63,81,5103,0.778,1,0.0,0.0,False
2026-08-15T19:22,1786821729.0,9955d671-39ad-4fb7-b63e-4e78cf6ac157,Flatbush Ave and 4 Ave,car,30,35,1050,0.857,1,0.0,0.0,False
2026-08-15T19:22,1786821729.0,9955d671-39ad-4fb7-b63e-4e78cf6ac157,Flatbush Ave and 4 Ave,truck,31,36,1116,0.861,1,0.0,0.0,False
2026-08-15T19:22,1786821725.0,9955d671-39ad-4fb7-b63e-4e78cf6ac157,Flatbush Ave and 4 Ave,truck,50,65,3250,0.769,3,104.0,2.06,False
2026-08-15T19:22,1786821725.0,9955d671-39ad-4fb7-b63e-4e78cf6ac157,Flatbush Ave and 4 Ave,car,25,22,550,1.136,3,358.0,7.0,True
2026-08-15T19:22,1786821731.0,9955d671-39ad-4fb7-b63e-4e78cf6ac157,Flatbush Ave and 4 Ave,truck,47,61,2867,0.77,1,0.0,0.0,False
2026-08-15T19:22,1786821727.0,9955d671-39ad-4fb7-b63e-4e78cf6ac157,Flatbush Ave and 4 Ave,truck,49,95,4655,0.516,3,270.0,2.75,False
2026-08-15T19:22,1786821729.0,9955d671-39ad-4fb7-b63e-4e78cf6ac157,Flatbush Ave and 4 Ave,truck,65,103,6695,0.631,2,250.6,9.01,False
2026-08-15T19:22,1786821733.0,9955d671-39ad-4fb7-b63e-4e78cf6ac157,Flatbush Ave and 4 Ave,bus,65,106,6890,0.613,1,0.0,0.0,False
2026-08-15T19:22,1786821733.0,9955d671-39ad-4fb7-b63e-4e78cf6ac157,Flatbush Ave and 4 Ave,car,44,57,2508,0.772,1,0.0,0.0,False
2026-08-15T19:22,1786821733.0,9955d671-39ad-4fb7-b63e-4e78cf6ac157,Flatbush Ave and 4 Ave,truck,61,59,3599,1.034,1,0.0,0.0,False
2026-08-15T19:22,1786821727.0,9955d671-39ad-4fb7-b63e-4e78cf6ac157,Flatbush Ave and 4 Ave,truck,179,309,55311,0.579,4,121.0,6.8,False
2026-08-15T19:22,1786821731.0,9955d671-39ad-4fb7-b63e-4e78cf6ac157,Flatbush Ave and 4 Ave,car,104,71,7384,1.465,3,194.3,23.22,True
2026-08-15T19:22,1786821735.0,9955d671-39ad-4fb7-b63e-4e78cf6ac157,Flatbush Ave and 4 Ave,bus,301,271,81571,1.111,1,0.0,0.0,False
2026-08-15T19:22,1786821735.0,9955d671-39ad-4fb7-b63e-4e78cf6ac157,Flatbush Ave and 4 Ave,car,32,23,736,1.391,2,14.5,13.95,True
2026-08-15T19:22,1786821737.0,9955d671-39ad-4fb7-b63e-4e78cf6ac157,Flatbush Ave and 4 Ave,car,51,35,1785,1.457,1,0.0,0.0,False
2026-08-15T19:22,1786821725.0,9955d671-39ad-4fb7-b63e-4e78cf6ac157,Flatbush Ave and 4 Ave,car,42,34,1428,1.235,6,226.3,6.22,True
2026-08-15T19:22,1786821737.0,9955d671-39ad-4fb7-b63e-4e78cf6ac157,Flatbush Ave and 4 Ave,truck,79,85,6715,0.929,2,22.5,40.58,True
2026-08-15T19:22,1786821739.0,9955d671-39ad-4fb7-b63e-4e78cf6ac157,Flatbush Ave and 4 Ave,car,30,23,690,1.304,1,0.0,0.0,False
2026-08-15T19:22,1786821739.0,9955d671-39ad-4fb7-b63e-4e78cf6ac157,Flatbush Ave and 4 Ave,car,32,94,3008,0.34,1,0.0,0.0,False
2026-08-15T19:22,1786821739.0,9955d671-39ad-4fb7-b63e-4e78cf6ac157,Flatbush Ave and 4 Ave,car,34,21,714,1.619,1,0.0,0.0,False
2026-08-15T19:22,1786821737.0,9955d671-39ad-4fb7-b63e-4e78cf6ac157,Flatbush Ave and 4 Ave,car,127,86,10922,1.477,4,198.4,42.16,True
2026-08-15T19:22,1786821737.0,9955d671-39ad-4fb7-b63e-4e78cf6ac157,Flatbush Ave and 4 Ave,truck,71,116,8236,0.612,4,104.0,0.69,False
2026-08-15T19:22,1786821739.0,9955d671-39ad-4fb7-b63e-4e78cf6ac157,Flatbush Ave and 4 Ave,car,72,39,2808,1.846,4,213.7,2.4,False
2026-08-15T19:22,1786821739.0,9955d671-39ad-4fb7-b63e-4e78cf6ac157,Flatbush Ave and 4 Ave,car,87,124,10788,0.702,4,54.9,22.61,True
2026-08-15T19:22,1786821741.0,9955d671-39ad-4fb7-b63e-4e78cf6ac157,Flatbush Ave and 4 Ave,car,82,50,4100,1.64,1,0.0,0.0,False
2026-08-15T19:22,1786821741.0,9955d671-39ad-4fb7-b63e-4e78cf6ac157,Flatbush Ave and 4 Ave,car,35,36,1260,0.972,1,0.0,0.0,False
2026-08-15T19:22,1786821741.0,9955d671-39ad-4fb7-b63e-4e78cf6ac157,Flatbush Ave and 4 Ave,car,47,38,1786,1.237,1,0.0,0.0,False
2026-08-15T19:22,1786821743.0,9955d671-39ad-4fb7-b63e-4e78cf6ac157,Flatbush Ave and 4 Ave,truck,48,36,1728,1.333,2,24.0,14.77,False
2026-08-15T19:22,1786821743.0,9955d671-39ad-4fb7-b63e-4e78cf6ac157,Flatbush Ave and 4 Ave,truck,160,192,30720,0.833,1,0.0,0.0,False
2026-08-15T19:22,1786821743.0,9955d671-39ad-4fb7-b63e-4e78cf6ac157,Flatbush Ave and 4 Ave,car,49,36,1764,1.361,1,0.0,0.0,False
2026-08-15T19:22,1786821743.0,9955d671-39ad-4fb7-b63e-4e78cf6ac157,Flatbush Ave and 4 Ave,truck,48,85,4080,0.565,1,0.0,0.0,False
2026-08-15T19:22,1786821743.0,9955d671-39ad-4fb7-b63e-4e78cf6ac157,Flatbush Ave and 4 Ave,truck,160,289,46240,0.554,2,340.7,31.78,False
2026-08-15T19:22,1786821745.0,9955d671-39ad-4fb7-b63e-4e78cf6ac157,Flatbush Ave and 4 Ave,car,25,18,450,1.389,1,0.0,0.0,False
2026-08-15T19:22,1786821745.0,9955d671-39ad-4fb7-b63e-4e78cf6ac157,Flatbush Ave and 4 Ave,truck,38,28,1064,1.357,1,0.0,0.0,False
2026-08-15T19:22,1786821745.0,9955d671-39ad-4fb7-b63e-4e78cf6ac157,Flatbush Ave and 4 Ave,car,26,19,494,1.368,1,0.0,0.0,False
2026-08-15T19:22,1786821725.0,2293205b-2b15-44da-8220-6833a13c5a80,Ocean Pkwy @ Church Ave,truck,66,76,5016,0.868,1,0.0,0.0,False
2026-08-15T19:22,1786821725.0,2293205b-2b15-44da-8220-6833a13c5a80,Ocean Pkwy @ Church Ave,car,65,74,4810,0.878,1,0.0,0.0,False
2026-08-15T19:22,1786821725.0,2293205b-2b15-44da-8220-6833a13c5a80,Ocean Pkwy @ Church Ave,truck,115,97,11155,1.186,2,22.6,39.0,False
2026-08-15T19:22,1786821727.0,2293205b-2b15-44da-8220-6833a13c5a80,Ocean Pkwy @ Church Ave,car,29,28,812,1.036,1,0.0,0.0,False
2026-08-15T19:22,1786821727.0,2293205b-2b15-44da-8220-6833a13c5a80,Ocean Pkwy @ Church Ave,car,51,36,1836,1.417,1,0.0,0.0,False
2026-08-15T19:22,1786821727.0,2293205b-2b15-44da-8220-6833a13c5a80,Ocean Pkwy @ Church Ave,car,101,121,12221,0.835,1,0.0,0.0,False
2026-08-15T19:22,1786821727.0,2293205b-2b15-44da-8220-6833a13c5a80,Ocean Pkwy @ Church Ave,car,56,67,3752,0.836,1,0.0,0.0,False
2026-08-15T19:22,1786821727.0,2293205b-2b15-44da-8220-6833a13c5a80,Ocean Pkwy @ Church Ave,car,19,19,361,1.0,1,0.0,0.0,False
2026-08-15T19:22,1786821727.0,2293205b-2b15-44da-8220-6833a13c5a80,Ocean Pkwy @ Church Ave,car,50,30,1500,1.667,1,0.0,0.0,False
2026-08-15T19:22,1786821727.0,2293205b-2b15-44da-8220-6833a13c5a80,Ocean Pkwy @ Church Ave,car,54,56,3024,0.964,2,251.6,3.16,False
2026-08-15T19:22,1786821729.0,2293205b-2b15-44da-8220-6833a13c5a80,Ocean Pkwy @ Church Ave,truck,108,99,10692,1.091,1,0.0,0.0,False
2026-08-15T19:22,1786821729.0,2293205b-2b15-44da-8220-6833a13c5a80,Ocean Pkwy @ Church Ave,car,32,33,1056,0.97,1,0.0,0.0,False
2026-08-15T19:22,1786821727.0,2293205b-2b15-44da-8220-6833a13c5a80,Ocean Pkwy @ Church Ave,car,122,116,14152,1.052,2,326.4,57.0,True
2026-08-15T19:22,1786821729.0,2293205b-2b15-44da-8220-6833a13c5a80,Ocean Pkwy @ Church Ave,car,107,101,10807,1.059,2,325.4,43.13,True
2026-08-15T19:22,1786821731.0,2293205b-2b15-44da-8220-6833a13c5a80,Ocean Pkwy @ Church Ave,car,79,87,6873,0.908,1,0.0,0.0,False
2026-08-15T19:22,1786821731.0,2293205b-2b15-44da-8220-6833a13c5a80,Ocean Pkwy @ Church Ave,truck,87,67,5829,1.299,1,0.0,0.0,False
2026-08-15T19:22,1786821731.0,2293205b-2b15-44da-8220-6833a13c5a80,Ocean Pkwy @ Church Ave,car,168,150,25200,1.12,1,0.0,0.0,False
2026-08-15T19:22,1786821731.0,2293205b-2b15-44da-8220-6833a13c5a80,Ocean Pkwy @ Church Ave,car,67,90,6030,0.744,1,0.0,0.0,False
2026-08-15T19:22,1786821729.0,2293205b-2b15-44da-8220-6833a13c5a80,Ocean Pkwy @ Church Ave,car,43,48,2064,0.896,2,270.0,3.0,False
2026-08-15T19:22,1786821733.0,2293205b-2b15-44da-8220-6833a13c5a80,Ocean Pkwy @ Church Ave,car,86,151,12986,0.57,1,0.0,0.0,False
2026-08-15T19:22,1786821733.0,2293205b-2b15-44da-8220-6833a13c5a80,Ocean Pkwy @ Church Ave,truck,64,51,3264,1.255,1,0.0,0.0,False
2026-08-15T19:22,1786821727.0,2293205b-2b15-44da-8220-6833a13c5a80,Ocean Pkwy @ Church Ave,car,114,97,11058,1.175,4,323.7,14.07,False
2026-08-15T19:22,1786821735.0,2293205b-2b15-44da-8220-6833a13c5a80,Ocean Pkwy @ Church Ave,car,59,69,4071,0.855,1,0.0,0.0,False
2026-08-15T19:22,1786821731.0,2293205b-2b15-44da-8220-6833a13c5a80,Ocean Pkwy @ Church Ave,truck,68,90,6120,0.756,3,265.6,19.56,True
2026-08-15T19:22,1786821733.0,2293205b-2b15-44da-8220-6833a13c5a80,Ocean Pkwy @ Church Ave,car,81,88,7128,0.92,2,206.6,1.12,False
2026-08-15T19:22,1786821737.0,2293205b-2b15-44da-8220-6833a13c5a80,Ocean Pkwy @ Church Ave,car,57,57,3249,1.0,1,0.0,0.0,False
2026-08-15T19:22,1786821737.0,2293205b-2b15-44da-8220-6833a13c5a80,Ocean Pkwy @ Church Ave,truck,99,136,13464,0.728,2,233.7,46.5,False
2026-08-15T19:22,1786821737.0,2293205b-2b15-44da-8220-6833a13c5a80,Ocean Pkwy @ Church Ave,bus,99,137,13563,0.723,3,251.3,43.56,True
2026-08-15T19:22,1786821739.0,2293205b-2b15-44da-8220-6833a13c5a80,Ocean Pkwy @ Church Ave,car,110,116,12760,0.948,2,294.4,58.18,True
2026-08-15T19:22,1786821741.0,2293205b-2b15-44da-8220-6833a13c5a80,Ocean Pkwy @ Church Ave,car,118,104,12272,1.135,2,66.6,40.31,False
2026-08-15T19:22,1786821741.0,2293205b-2b15-44da-8220-6833a13c5a80,Ocean Pkwy @ Church Ave,truck,55,40,2200,1.375,2,138.5,23.38,True
2026-08-15T19:22,1786821741.0,2293205b-2b15-44da-8220-6833a13c5a80,Ocean Pkwy @ Church Ave,car,19,21,399,0.905,1,0.0,0.0,False
2026-08-15T19:22,1786821741.0,2293205b-2b15-44da-8220-6833a13c5a80,Ocean Pkwy @ Church Ave,car,19,20,380,0.95,1,0.0,0.0,False
2026-08-15T19:22,1786821741.0,2293205b-2b15-44da-8220-6833a13c5a80,Ocean Pkwy @ Church Ave,car,52,47,2444,1.106,2,123.7,3.61,False
2026-08-15T19:22,1786821743.0,2293205b-2b15-44da-8220-6833a13c5a80,Ocean Pkwy @ Church Ave,car,96,96,9216,1.0,1,0.0,0.0,False
2026-08-15T19:22,1786821743.0,2293205b-2b15-44da-8220-6833a13c5a80,Ocean Pkwy @ Church Ave,car,83,41,3403,2.024,1,0.0,0.0,False
2026-08-15T19:22,1786821725.0,3c079db6-117c-4e79-94ed-5178c1517091,Prospect Expwy @ Prospect Park W @ 19 St,truck,44,47,2068,0.936,1,0.0,0.0,False
2026-08-15T19:22,1786821725.0,3c079db6-117c-4e79-94ed-5178c1517091,Prospect Expwy @ Prospect Park W @ 19 St,truck,30,37,1110,0.811,1,0.0,0.0,False
2026-08-15T19:22,1786821725.0,3c079db6-117c-4e79-94ed-5178c1517091,Prospect Expwy @ Prospect Park W @ 19 St,truck,68,45,3060,1.511,1,0.0,0.0,False
2026-08-15T19:22,1786821725.0,3c079db6-117c-4e79-94ed-5178c1517091,Prospect Expwy @ Prospect Park W @ 19 St,car,62,45,2790,1.378,1,0.0,0.0,False
2026-08-15T19:22,1786821725.0,3c079db6-117c-4e79-94ed-5178c1517091,Prospect Expwy @ Prospect Park W @ 19 St,car,21,20,420,1.05,1,0.0,0.0,False
2026-08-15T19:22,1786821725.0,3c079db6-117c-4e79-94ed-5178c1517091,Prospect Expwy @ Prospect Park W @ 19 St,car,29,22,638,1.318,1,0.0,0.0,False
2026-08-15T19:22,1786821727.0,3c079db6-117c-4e79-94ed-5178c1517091,Prospect Expwy @ Prospect Park W @ 19 St,car,54,52,2808,1.038,1,0.0,0.0,False
2026-08-15T19:22,1786821727.0,3c079db6-117c-4e79-94ed-5178c1517091,Prospect Expwy @ Prospect Park W @ 19 St,car,39,33,1287,1.182,1,0.0,0.0,False
2026-08-15T19:22,1786821727.0,3c079db6-117c-4e79-94ed-5178c1517091,Prospect Expwy @ Prospect Park W @ 19 St,car,41,35,1435,1.171,1,0.0,0.0,False
2026-08-15T19:22,1786821727.0,3c079db6-117c-4e79-94ed-5178c1517091,Prospect Expwy @ Prospect Park W @ 19 St,truck,53,52,2756,1.019,1,0.0,0.0,False
2026-08-15T19:22,1786821725.0,3c079db6-117c-4e79-94ed-5178c1517091,Prospect Expwy @ Prospect Park W @ 19 St,truck,89,67,5963,1.328,2,141.8,29.91,False
2026-08-15T19:22,1786821729.0,3c079db6-117c-4e79-94ed-5178c1517091,Prospect Expwy @ Prospect Park W @ 19 St,truck,62,63,3906,0.984,1,0.0,0.0,False
2026-08-15T19:22,1786821729.0,3c079db6-117c-4e79-94ed-5178c1517091,Prospect Expwy @ Prospect Park W @ 19 St,truck,36,31,1116,1.161,1,0.0,0.0,False
2026-08-15T19:22,1786821729.0,3c079db6-117c-4e79-94ed-5178c1517091,Prospect Expwy @ Prospect Park W @ 19 St,car,35,32,1120,1.094,1,0.0,0.0,False
2026-08-15T19:22,1786821729.0,3c079db6-117c-4e79-94ed-5178c1517091,Prospect Expwy @ Prospect Park W @ 19 St,truck,38,33,1254,1.152,1,0.0,0.0,False
2026-08-15T19:22,1786821729.0,3c079db6-117c-4e79-94ed-5178c1517091,Prospect Expwy @ Prospect Park W @ 19 St,car,61,62,3782,0.984,1,0.0,0.0,False
2026-08-15T19:22,1786821725.0,3c079db6-117c-4e79-94ed-5178c1517091,Prospect Expwy @ Prospect Park W @ 19 St,truck,70,66,4620,1.061,4,142.7,7.97,False
2026-08-15T19:22,1786821725.0,3c079db6-117c-4e79-94ed-5178c1517091,Prospect Expwy @ Prospect Park W @ 19 St,truck,58,75,4350,0.773,4,126.9,1.67,False
2026-08-15T19:22,1786821727.0,3c079db6-117c-4e79-94ed-5178c1517091,Prospect Expwy @ Prospect Park W @ 19 St,car,37,29,1073,1.276,2,18.4,9.49,False
2026-08-15T19:22,1786821727.0,3c079db6-117c-4e79-94ed-5178c1517091,Prospect Expwy @ Prospect Park W @ 19 St,truck,42,38,1596,1.105,3,240.0,7.5,False
2026-08-15T19:22,1786821729.0,3c079db6-117c-4e79-94ed-5178c1517091,Prospect Expwy @ Prospect Park W @ 19 St,car,35,30,1050,1.167,3,267.5,5.76,False
2026-08-15T19:22,1786821731.0,3c079db6-117c-4e79-94ed-5178c1517091,Prospect Expwy @ Prospect Park W @ 19 St,truck,54,40,2160,1.35,1,0.0,0.0,False
2026-08-15T19:22,1786821731.0,3c079db6-117c-4e79-94ed-5178c1517091,Prospect Expwy @ Prospect Park W @ 19 St,truck,37,51,1887,0.725,1,0.0,0.0,False
2026-08-15T19:22,1786821733.0,3c079db6-117c-4e79-94ed-5178c1517091,Prospect Expwy @ Prospect Park W @ 19 St,truck,59,50,2950,1.18,1,0.0,0.0,False
2026-08-15T19:22,1786821733.0,3c079db6-117c-4e79-94ed-5178c1517091,Prospect Expwy @ Prospect Park W @ 19 St,car,40,36,1440,1.111,1,0.0,0.0,False
2026-08-15T19:22,1786821733.0,3c079db6-117c-4e79-94ed-5178c1517091,Prospect Expwy @ Prospect Park W @ 19 St,truck,66,24,1584,2.75,1,0.0,0.0,False
2026-08-15T19:22,1786821733.0,3c079db6-117c-4e79-94ed-5178c1517091,Prospect Expwy @ Prospect Park W @ 19 St,truck,46,45,2070,1.022,1,0.0,0.0,False
2026-08-15T19:22,1786821733.0,3c079db6-117c-4e79-94ed-5178c1517091,Prospect Expwy @ Prospect Park W @ 19 St,car,59,50,2950,1.18,1,0.0,0.0,False
2026-08-15T19:22,1786821733.0,3c079db6-117c-4e79-94ed-5178c1517091,Prospect Expwy @ Prospect Park W @ 19 St,car,37,37,1369,1.0,1,0.0,0.0,False
2026-08-15T19:22,1786821733.0,3c079db6-117c-4e79-94ed-5178c1517091,Prospect Expwy @ Prospect Park W @ 19 St,car,25,23,575,1.087,1,0.0,0.0,False
2026-08-15T19:22,1786821733.0,3c079db6-117c-4e79-94ed-5178c1517091,Prospect Expwy @ Prospect Park W @ 19 St,car,45,44,1980,1.023,1,0.0,0.0,False
2026-08-15T19:22,1786821735.0,3c079db6-117c-4e79-94ed-5178c1517091,Prospect Expwy @ Prospect Park W @ 19 St,car,34,28,952,1.214,1,0.0,0.0,False
2026-08-15T19:22,1786821735.0,3c079db6-117c-4e79-94ed-5178c1517091,Prospect Expwy @ Prospect Park W @ 19 St,truck,54,50,2700,1.08,1,0.0,0.0,False
2026-08-15T19:22,1786821735.0,3c079db6-117c-4e79-94ed-5178c1517091,Prospect Expwy @ Prospect Park W @ 19 St,car,53,51,2703,1.039,1,0.0,0.0,False
2026-08-15T19:22,1786821725.0,5a9ebe48-fb36-4de7-8666-f50de83c7941,Flatbush Ave @ Nostrand Ave,car,56,46,2576,1.217,1,0.0,0.0,False
2026-08-15T19:22,1786821725.0,5a9ebe48-fb36-4de7-8666-f50de83c7941,Flatbush Ave @ Nostrand Ave,car,89,81,7209,1.099,1,0.0,0.0,False
2026-08-15T19:22,1786821725.0,5a9ebe48-fb36-4de7-8666-f50de83c7941,Flatbush Ave @ Nostrand Ave,car,12,39,468,0.308,1,0.0,0.0,False
2026-08-15T19:22,1786821725.0,5a9ebe48-fb36-4de7-8666-f50de83c7941,Flatbush Ave @ Nostrand Ave,car,50,43,2150,1.163,1,0.0,0.0,False
2026-08-15T19:22,1786821725.0,5a9ebe48-fb36-4de7-8666-f50de83c7941,Flatbush Ave @ Nostrand Ave,car,29,20,580,1.45,1,0.0,0.0,False
2026-08-15T19:22,1786821725.0,5a9ebe48-fb36-4de7-8666-f50de83c7941,Flatbush Ave @ Nostrand Ave,car,74,56,4144,1.321,1,0.0,0.0,False
2026-08-15T19:22,1786821727.0,5a9ebe48-fb36-4de7-8666-f50de83c7941,Flatbush Ave @ Nostrand Ave,car,47,63,2961,0.746,1,0.0,0.0,False
2026-08-15T19:22,1786821727.0,5a9ebe48-fb36-4de7-8666-f50de83c7941,Flatbush Ave @ Nostrand Ave,car,105,64,6720,1.641,1,0.0,0.0,False
2026-08-15T19:22,1786821727.0,5a9ebe48-fb36-4de7-8666-f50de83c7941,Flatbush Ave @ Nostrand Ave,bus,92,99,9108,0.929,1,0.0,0.0,False
2026-08-15T19:22,1786821727.0,5a9ebe48-fb36-4de7-8666-f50de83c7941,Flatbush Ave @ Nostrand Ave,car,98,66,6468,1.485,1,0.0,0.0,False
2026-08-15T19:22,1786821727.0,5a9ebe48-fb36-4de7-8666-f50de83c7941,Flatbush Ave @ Nostrand Ave,car,83,61,5063,1.361,1,0.0,0.0,False
2026-08-15T19:22,1786821725.0,5a9ebe48-fb36-4de7-8666-f50de83c7941,Flatbush Ave @ Nostrand Ave,car,108,65,7020,1.662,2,182.4,35.53,False
2026-08-15T19:22,1786821725.0,5a9ebe48-fb36-4de7-8666-f50de83c7941,Flatbush Ave @ Nostrand Ave,bus,87,81,7047,1.074,2,316.5,13.09,False
2026-08-15T19:22,1786821729.0,5a9ebe48-fb36-4de7-8666-f50de83c7941,Flatbush Ave @ Nostrand Ave,car,23,15,345,1.533,1,0.0,0.0,False
2026-08-15T19:22,1786821727.0,5a9ebe48-fb36-4de7-8666-f50de83c7941,Flatbush Ave @ Nostrand Ave,car,56,58,3248,0.966,2,24.6,19.24,False
2026-08-15T19:22,1786821731.0,5a9ebe48-fb36-4de7-8666-f50de83c7941,Flatbush Ave @ Nostrand Ave,car,84,83,6972,1.012,1,0.0,0.0,False
2026-08-15T19:22,1786821731.0,5a9ebe48-fb36-4de7-8666-f50de83c7941,Flatbush Ave @ Nostrand Ave,car,113,91,10283,1.242,1,0.0,0.0,False
2026-08-15T19:22,1786821731.0,5a9ebe48-fb36-4de7-8666-f50de83c7941,Flatbush Ave @ Nostrand Ave,car,45,29,1305,1.552,1,0.0,0.0,False
2026-08-15T19:22,1786821733.0,5a9ebe48-fb36-4de7-8666-f50de83c7941,Flatbush Ave @ Nostrand Ave,car,56,49,2744,1.143,1,0.0,0.0,False
2026-08-15T19:22,1786821733.0,5a9ebe48-fb36-4de7-8666-f50de83c7941,Flatbush Ave @ Nostrand Ave,car,73,49,3577,1.49,1,0.0,0.0,False
2026-08-15T19:22,1786821733.0,5a9ebe48-fb36-4de7-8666-f50de83c7941,Flatbush Ave @ Nostrand Ave,car,24,22,528,1.091,1,0.0,0.0,False
2026-08-15T19:22,1786821733.0,5a9ebe48-fb36-4de7-8666-f50de83c7941,Flatbush Ave @ Nostrand Ave,truck,33,34,1122,0.971,1,0.0,0.0,False
2026-08-15T19:22,1786821733.0,5a9ebe48-fb36-4de7-8666-f50de83c7941,Flatbush Ave @ Nostrand Ave,car,54,37,1998,1.459,1,0.0,0.0,False
2026-08-15T19:22,1786821727.0,5a9ebe48-fb36-4de7-8666-f50de83c7941,Flatbush Ave @ Nostrand Ave,car,71,64,4544,1.109,5,244.3,14.42,True
2026-08-15T19:22,1786821735.0,5a9ebe48-fb36-4de7-8666-f50de83c7941,Flatbush Ave @ Nostrand Ave,car,49,33,1617,1.485,2,308.2,17.8,False
2026-08-15T19:22,1786821739.0,5a9ebe48-fb36-4de7-8666-f50de83c7941,Flatbush Ave @ Nostrand Ave,car,56,41,2296,1.366,1,0.0,0.0,False
2026-08-15T19:22,1786821739.0,5a9ebe48-fb36-4de7-8666-f50de83c7941,Flatbush Ave @ Nostrand Ave,car,18,19,342,0.947,1,0.0,0.0,False
2026-08-15T19:22,1786821725.0,5a9ebe48-fb36-4de7-8666-f50de83c7941,Flatbush Ave @ Nostrand Ave,car,49,35,1715,1.4,11,116.6,0.22,False
2026-08-15T19:22,1786821725.0,5a9ebe48-fb36-4de7-8666-f50de83c7941,Flatbush Ave @ Nostrand Ave,car,110,108,11880,1.019,11,61.7,2.21,False
2026-08-15T19:22,1786821735.0,5a9ebe48-fb36-4de7-8666-f50de83c7941,Flatbush Ave @ Nostrand Ave,car,67,53,3551,1.264,6,180.0,0.4,False
2026-08-15T19:22,1786821737.0,5a9ebe48-fb36-4de7-8666-f50de83c7941,Flatbush Ave @ Nostrand Ave,car,74,48,3552,1.542,5,270.0,3.25,False
2026-08-15T19:22,1786821739.0,5a9ebe48-fb36-4de7-8666-f50de83c7941,Flatbush Ave @ Nostrand Ave,car,108,78,8424,1.385,2,1.5,18.51,False
2026-08-15T19:22,1786821739.0,5a9ebe48-fb36-4de7-8666-f50de83c7941,Flatbush Ave @ Nostrand Ave,car,43,43,1849,1.0,4,101.3,2.55,False
2026-08-15T19:22,1786821741.0,5a9ebe48-fb36-4de7-8666-f50de83c7941,Flatbush Ave @ Nostrand Ave,car,84,61,5124,1.377,2,18.4,1.58,False
2026-08-15T19:22,1786821745.0,5a9ebe48-fb36-4de7-8666-f50de83c7941,Flatbush Ave @ Nostrand Ave,car,50,23,1150,2.174,1,0.0,0.0,False
2026-08-15T19:22,1786821729.0,88895623-f6fa-4509-a927-8eae076725da,Ft. Hamilton Pkwy @ McDonald Ave,car,60,45,2700,1.333,1,0.0,0.0,False
2026-08-15T19:22,1786821735.0,88895623-f6fa-4509-a927-8eae076725da,Ft. Hamilton Pkwy @ McDonald Ave,car,58,46,2668,1.261,1,0.0,0.0,False
2026-08-15T19:22,1786821725.0,88895623-f6fa-4509-a927-8eae076725da,Ft. Hamilton Pkwy @ McDonald Ave,car,68,60,4080,1.133,11,212.0,0.47,False
2026-08-15T19:22,1786821743.0,88895623-f6fa-4509-a927-8eae076725da,Ft. Hamilton Pkwy @ McDonald Ave,truck,171,148,25308,1.155,1,0.0,0.0,False
2026-08-15T19:22,1786821745.0,88895623-f6fa-4509-a927-8eae076725da,Ft. Hamilton Pkwy @ McDonald Ave,truck,40,44,1760,0.909,1,0.0,0.0,False
2026-08-15T19:22,1786821745.0,88895623-f6fa-4509-a927-8eae076725da,Ft. Hamilton Pkwy @ McDonald Ave,truck,40,35,1400,1.143,1,0.0,0.0,False
2026-08-15T19:22,1786821745.0,88895623-f6fa-4509-a927-8eae076725da,Ft. Hamilton Pkwy @ McDonald Ave,truck,56,50,2800,1.12,1,0.0,0.0,False
2026-08-15T19:22,1786821745.0,88895623-f6fa-4509-a927-8eae076725da,Ft. Hamilton Pkwy @ McDonald Ave,car,19,15,285,1.267,1,0.0,0.0,False
2026-08-15T19:22,1786821745.0,88895623-f6fa-4509-a927-8eae076725da,Ft. Hamilton Pkwy @ McDonald Ave,car,55,50,2750,1.1,1,0.0,0.0,False
2026-08-15T19:22,1786821745.0,88895623-f6fa-4509-a927-8eae076725da,Ft. Hamilton Pkwy @ McDonald Ave,car,19,19,361,1.0,1,0.0,0.0,False
2026-08-15T19:22,1786821725.0,0bbea8bd-10f1-4126-b3c5-9e9432eab749,Atlantic Ave @ Pennsylvania Ave,car,97,81,7857,1.198,1,0.0,0.0,False
2026-08-15T19:22,1786821725.0,0bbea8bd-10f1-4126-b3c5-9e9432eab749,Atlantic Ave @ Pennsylvania Ave,car,45,35,1575,1.286,1,0.0,0.0,False
2026-08-15T19:22,1786821725.0,0bbea8bd-10f1-4126-b3c5-9e9432eab749,Atlantic Ave @ Pennsylvania Ave,car,50,47,2350,1.064,1,0.0,0.0,False
2026-08-15T19:22,1786821725.0,0bbea8bd-10f1-4126-b3c5-9e9432eab749,Atlantic Ave @ Pennsylvania Ave,car,29,19,551,1.526,1,0.0,0.0,False
2026-08-15T19:22,1786821725.0,0bbea8bd-10f1-4126-b3c5-9e9432eab749,Atlantic Ave @ Pennsylvania Ave,car,55,35,1925,1.571,1,0.0,0.0,False
2026-08-15T19:22,1786821725.0,0bbea8bd-10f1-4126-b3c5-9e9432eab749,Atlantic Ave @ Pennsylvania Ave,car,25,20,500,1.25,1,0.0,0.0,False
2026-08-15T19:22,1786821725.0,0bbea8bd-10f1-4126-b3c5-9e9432eab749,Atlantic Ave @ Pennsylvania Ave,car,61,34,2074,1.794,2,337.9,19.96,False
2026-08-15T19:22,1786821725.0,0bbea8bd-10f1-4126-b3c5-9e9432eab749,Atlantic Ave @ Pennsylvania Ave,car,34,26,884,1.308,2,333.4,5.59,False
2026-08-15T19:22,1786821725.0,0bbea8bd-10f1-4126-b3c5-9e9432eab749,Atlantic Ave @ Pennsylvania Ave,car,41,31,1271,1.323,2,270.0,1.0,False
2026-08-15T19:22,1786821727.0,0bbea8bd-10f1-4126-b3c5-9e9432eab749,Atlantic Ave @ Pennsylvania Ave,car,29,21,609,1.381,1,0.0,0.0,False
2026-08-15T19:22,1786821727.0,0bbea8bd-10f1-4126-b3c5-9e9432eab749,Atlantic Ave @ Pennsylvania Ave,car,38,21,798,1.81,1,0.0,0.0,False
2026-08-15T19:22,1786821727.0,0bbea8bd-10f1-4126-b3c5-9e9432eab749,Atlantic Ave @ Pennsylvania Ave,car,20,13,260,1.538,1,0.0,0.0,False
2026-08-15T19:22,1786821727.0,0bbea8bd-10f1-4126-b3c5-9e9432eab749,Atlantic Ave @ Pennsylvania Ave,truck,75,61,4575,1.23,1,0.0,0.0,False
2026-08-15T19:22,1786821727.0,0bbea8bd-10f1-4126-b3c5-9e9432eab749,Atlantic Ave @ Pennsylvania Ave,car,147,118,17346,1.246,1,0.0,0.0,False
2026-08-15T19:22,1786821725.0,0bbea8bd-10f1-4126-b3c5-9e9432eab749,Atlantic Ave @ Pennsylvania Ave,car,48,33,1584,1.455,3,347.0,3.34,False
2026-08-15T19:22,1786821725.0,0bbea8bd-10f1-4126-b3c5-9e9432eab749,Atlantic Ave @ Pennsylvania Ave,car,44,31,1364,1.419,2,105.3,17.1,False
2026-08-15T19:22,1786821727.0,0bbea8bd-10f1-4126-b3c5-9e9432eab749,Atlantic Ave @ Pennsylvania Ave,car,35,27,945,1.296,2,161.6,7.91,False
2026-08-15T19:22,1786821727.0,0bbea8bd-10f1-4126-b3c5-9e9432eab749,Atlantic Ave @ Pennsylvania Ave,car,65,36,2340,1.806,2,333.4,3.35,False
2026-08-15T19:22,1786821729.0,0bbea8bd-10f1-4126-b3c5-9e9432eab749,Atlantic Ave @ Pennsylvania Ave,car,122,94,11468,1.298,1,0.0,0.0,False
2026-08-15T19:22,1786821729.0,0bbea8bd-10f1-4126-b3c5-9e9432eab749,Atlantic Ave @ Pennsylvania Ave,car,23,16,368,1.438,1,0.0,0.0,False
2026-08-15T19:22,1786821725.0,0bbea8bd-10f1-4126-b3c5-9e9432eab749,Atlantic Ave @ Pennsylvania Ave,car,67,39,2613,1.718,3,333.4,1.68,False
2026-08-15T19:22,1786821729.0,0bbea8bd-10f1-4126-b3c5-9e9432eab749,Atlantic Ave @ Pennsylvania Ave,car,142,52,7384,2.731,4,2.3,8.17,False
2026-08-15T19:22,1786821733.0,0bbea8bd-10f1-4126-b3c5-9e9432eab749,Atlantic Ave @ Pennsylvania Ave,car,58,34,1972,1.706,2,45.0,0.71,False
2026-08-15T19:22,1786821733.0,0bbea8bd-10f1-4126-b3c5-9e9432eab749,Atlantic Ave @ Pennsylvania Ave,car,17,19,323,0.895,2,225.0,1.41,False
2026-08-15T19:22,1786821735.0,0bbea8bd-10f1-4126-b3c5-9e9432eab749,Atlantic Ave @ Pennsylvania Ave,car,114,82,9348,1.39,1,0.0,0.0,False
2026-08-15T19:22,1786821735.0,0bbea8bd-10f1-4126-b3c5-9e9432eab749,Atlantic Ave @ Pennsylvania Ave,car,15,10,150,1.5,1,0.0,0.0,False
2026-08-15T19:22,1786821729.0,0bbea8bd-10f1-4126-b3c5-9e9432eab749,Atlantic Ave @ Pennsylvania Ave,car,66,42,2772,1.571,3,156.8,7.62,False
2026-08-15T19:22,1786821737.0,0bbea8bd-10f1-4126-b3c5-9e9432eab749,Atlantic Ave @ Pennsylvania Ave,car,72,53,3816,1.358,1,0.0,0.0,False
2026-08-15T19:22,1786821737.0,0bbea8bd-10f1-4126-b3c5-9e9432eab749,Atlantic Ave @ Pennsylvania Ave,car,137,114,15618,1.202,1,0.0,0.0,False
2026-08-15T19:22,1786821737.0,0bbea8bd-10f1-4126-b3c5-9e9432eab749,Atlantic Ave @ Pennsylvania Ave,car,32,25,800,1.28,1,0.0,0.0,False
2026-08-15T19:22,1786821737.0,0bbea8bd-10f1-4126-b3c5-9e9432eab749,Atlantic Ave @ Pennsylvania Ave,car,38,29,1102,1.31,1,0.0,0.0,False
2026-08-15T19:22,1786821725.0,0bbea8bd-10f1-4126-b3c5-9e9432eab749,Atlantic Ave @ Pennsylvania Ave,car,84,54,4536,1.556,6,178.8,19.0,True
2026-08-15T19:22,1786821735.0,0bbea8bd-10f1-4126-b3c5-9e9432eab749,Atlantic Ave @ Pennsylvania Ave,car,17,22,374,0.773,2,236.3,1.8,False
2026-08-15T19:22,1786821739.0,0bbea8bd-10f1-4126-b3c5-9e9432eab749,Atlantic Ave @ Pennsylvania Ave,car,34,31,1054,1.097,1,0.0,0.0,False
2026-08-15T19:22,1786821739.0,0bbea8bd-10f1-4126-b3c5-9e9432eab749,Atlantic Ave @ Pennsylvania Ave,car,57,34,1938,1.676,1,0.0,0.0,False
2026-08-15T19:22,1786821739.0,0bbea8bd-10f1-4126-b3c5-9e9432eab749,Atlantic Ave @ Pennsylvania Ave,car,19,15,285,1.267,1,0.0,0.0,False
2026-08-15T19:22,1786821725.0,0bbea8bd-10f1-4126-b3c5-9e9432eab749,Atlantic Ave @ Pennsylvania Ave,car,129,100,12900,1.29,11,170.9,2.84,False
2026-08-15T19:22,1786821725.0,0bbea8bd-10f1-4126-b3c5-9e9432eab749,Atlantic Ave @ Pennsylvania Ave,car,104,103,10712,1.01,11,49.3,2.84,False
2026-08-15T19:22,1786821725.0,0bbea8bd-10f1-4126-b3c5-9e9432eab749,Atlantic Ave @ Pennsylvania Ave,car,72,58,4176,1.241,10,150.5,1.92,False
2026-08-15T19:22,1786821725.0,0bbea8bd-10f1-4126-b3c5-9e9432eab749,Atlantic Ave @ Pennsylvania Ave,car,150,105,15750,1.429,10,182.0,1.56,False
2026-08-15T19:22,1786821725.0,0bbea8bd-10f1-4126-b3c5-9e9432eab749,Atlantic Ave @ Pennsylvania Ave,car,63,53,3339,1.189,10,57.1,1.12,False
2026-08-15T19:22,1786821727.0,0bbea8bd-10f1-4126-b3c5-9e9432eab749,Atlantic Ave @ Pennsylvania Ave,car,35,21,735,1.667,10,0.0,0.0,False
2026-08-15T19:22,1786821729.0,0bbea8bd-10f1-4126-b3c5-9e9432eab749,Atlantic Ave @ Pennsylvania Ave,car,194,117,22698,1.658,9,153.4,1.68,False
2026-08-15T19:22,1786821731.0,0bbea8bd-10f1-4126-b3c5-9e9432eab749,Atlantic Ave @ Pennsylvania Ave,car,59,33,1947,1.788,8,160.2,1.9,False
2026-08-15T19:22,1786821735.0,0bbea8bd-10f1-4126-b3c5-9e9432eab749,Atlantic Ave @ Pennsylvania Ave,car,36,48,1728,0.75,5,344.5,2.34,False
2026-08-15T19:22,1786821735.0,0bbea8bd-10f1-4126-b3c5-9e9432eab749,Atlantic Ave @ Pennsylvania Ave,car,47,49,2303,0.959,5,71.6,0.4,False
2026-08-15T19:22,1786821739.0,0bbea8bd-10f1-4126-b3c5-9e9432eab749,Atlantic Ave @ Pennsylvania Ave,car,13,17,221,0.765,3,270.0,0.75,False
2026-08-15T19:22,1786821739.0,0bbea8bd-10f1-4126-b3c5-9e9432eab749,Atlantic Ave @ Pennsylvania Ave,car,35,29,1015,1.207,4,296.6,1.86,False
2026-08-15T19:22,1786821741.0,0bbea8bd-10f1-4126-b3c5-9e9432eab749,Atlantic Ave @ Pennsylvania Ave,car,61,32,1952,1.906,1,0.0,0.0,False
2026-08-15T19:22,1786821741.0,0bbea8bd-10f1-4126-b3c5-9e9432eab749,Atlantic Ave @ Pennsylvania Ave,car,16,18,288,0.889,3,90.0,0.25,False
2026-08-15T19:22,1786821741.0,0bbea8bd-10f1-4126-b3c5-9e9432eab749,Atlantic Ave @ Pennsylvania Ave,car,139,52,7228,2.673,2,350.5,3.04,False
2026-08-15T19:22,1786821745.0,0bbea8bd-10f1-4126-b3c5-9e9432eab749,Atlantic Ave @ Pennsylvania Ave,car,37,27,999,1.37,1,0.0,0.0,False
2026-08-15T19:22,1786821745.0,0bbea8bd-10f1-4126-b3c5-9e9432eab749,Atlantic Ave @ Pennsylvania Ave,car,21,15,315,1.4,1,0.0,0.0,False
2026-08-15T19:22,1786821745.0,0bbea8bd-10f1-4126-b3c5-9e9432eab749,Atlantic Ave @ Pennsylvania Ave,car,15,13,195,1.154,1,0.0,0.0,False
2026-08-15T19:22,1786821725.0,d401c83b-2f78-49dd-8974-14c819a992b2,C2-PE-05-Ctr_at_7th_Ave-Ex4,car,101,78,7878,1.295,1,0.0,0.0,False
2026-08-15T19:22,1786821725.0,d401c83b-2f78-49dd-8974-14c819a992b2,C2-PE-05-Ctr_at_7th_Ave-Ex4,car,55,46,2530,1.196,2,53.1,7.5,False
2026-08-15T19:22,1786821729.0,d401c83b-2f78-49dd-8974-14c819a992b2,C2-PE-05-Ctr_at_7th_Ave-Ex4,car,139,120,16680,1.158,1,0.0,0.0,False
2026-08-15T19:22,1786821731.0,d401c83b-2f78-49dd-8974-14c819a992b2,C2-PE-05-Ctr_at_7th_Ave-Ex4,bus,337,127,42799,2.654,1,0.0,0.0,False
2026-08-15T19:22,1786821735.0,d401c83b-2f78-49dd-8974-14c819a992b2,C2-PE-05-Ctr_at_7th_Ave-Ex4,car,189,108,20412,1.75,1,0.0,0.0,False
2026-08-15T19:22,1786821735.0,d401c83b-2f78-49dd-8974-14c819a992b2,C2-PE-05-Ctr_at_7th_Ave-Ex4,car,113,127,14351,0.89,1,0.0,0.0,False
2026-08-15T19:22,1786821735.0,d401c83b-2f78-49dd-8974-14c819a992b2,C2-PE-05-Ctr_at_7th_Ave-Ex4,car,54,33,1782,1.636,1,0.0,0.0,False
2026-08-15T19:22,1786821737.0,d401c83b-2f78-49dd-8974-14c819a992b2,C2-PE-05-Ctr_at_7th_Ave-Ex4,car,135,45,6075,3.0,1,0.0,0.0,False
2026-08-15T19:22,1786821737.0,d401c83b-2f78-49dd-8974-14c819a992b2,C2-PE-05-Ctr_at_7th_Ave-Ex4,car,138,47,6486,2.936,1,0.0,0.0,False
2026-08-15T19:22,1786821739.0,d401c83b-2f78-49dd-8974-14c819a992b2,C2-PE-05-Ctr_at_7th_Ave-Ex4,car,76,87,6612,0.874,1,0.0,0.0,False
2026-08-15T19:22,1786821741.0,d401c83b-2f78-49dd-8974-14c819a992b2,C2-PE-05-Ctr_at_7th_Ave-Ex4,car,207,99,20493,2.091,1,0.0,0.0,False
2026-08-15T19:22,1786821741.0,d401c83b-2f78-49dd-8974-14c819a992b2,C2-PE-05-Ctr_at_7th_Ave-Ex4,car,73,78,5694,0.936,1,0.0,0.0,False
2026-08-15T19:22,1786821743.0,d401c83b-2f78-49dd-8974-14c819a992b2,C2-PE-05-Ctr_at_7th_Ave-Ex4,car,134,130,17420,1.031,1,0.0,0.0,False
2026-08-15T19:22,1786821745.0,d401c83b-2f78-49dd-8974-14c819a992b2,C2-PE-05-Ctr_at_7th_Ave-Ex4,car,47,39,1833,1.205,1,0.0,0.0,False
2026-08-15T19:22,1786821745.0,d401c83b-2f78-49dd-8974-14c819a992b2,C2-PE-05-Ctr_at_7th_Ave-Ex4,car,150,66,9900,2.273,1,0.0,0.0,False
2026-08-15T19:22,1786821725.0,40961631-fb83-4f48-8ffb-3385448d4e5f,7 Ave @ 18 St,truck,80,45,3600,1.778,1,0.0,0.0,False
2026-08-15T19:22,1786821729.0,40961631-fb83-4f48-8ffb-3385448d4e5f,7 Ave @ 18 St,car,20,12,240,1.667,1,0.0,0.0,False
2026-08-15T19:22,1786821729.0,40961631-fb83-4f48-8ffb-3385448d4e5f,7 Ave @ 18 St,truck,70,34,2380,2.059,1,0.0,0.0,False
2026-08-15T19:22,1786821729.0,40961631-fb83-4f48-8ffb-3385448d4e5f,7 Ave @ 18 St,truck,53,45,2385,1.178,2,216.9,27.5,True
2026-08-15T19:22,1786821731.0,40961631-fb83-4f48-8ffb-3385448d4e5f,7 Ave @ 18 St,truck,61,32,1952,1.906,1,0.0,0.0,False
2026-08-15T19:22,1786821733.0,40961631-fb83-4f48-8ffb-3385448d4e5f,7 Ave @ 18 St,car,22,13,286,1.692,1,0.0,0.0,False
2026-08-15T19:22,1786821733.0,40961631-fb83-4f48-8ffb-3385448d4e5f,7 Ave @ 18 St,car,33,17,561,1.941,1,0.0,0.0,False
2026-08-15T19:22,1786821737.0,40961631-fb83-4f48-8ffb-3385448d4e5f,7 Ave @ 18 St,car,28,14,392,2.0,1,0.0,0.0,False
2026-08-15T19:22,1786821737.0,40961631-fb83-4f48-8ffb-3385448d4e5f,7 Ave @ 18 St,car,29,20,580,1.45,1,0.0,0.0,False
2026-08-15T19:22,1786821737.0,40961631-fb83-4f48-8ffb-3385448d4e5f,7 Ave @ 18 St,truck,71,57,4047,1.246,1,0.0,0.0,False
2026-08-15T19:22,1786821737.0,40961631-fb83-4f48-8ffb-3385448d4e5f,7 Ave @ 18 St,car,35,18,630,1.944,1,0.0,0.0,False
2026-08-15T19:22,1786821737.0,40961631-fb83-4f48-8ffb-3385448d4e5f,7 Ave @ 18 St,car,15,11,165,1.364,1,0.0,0.0,False
2026-08-15T19:22,1786821737.0,40961631-fb83-4f48-8ffb-3385448d4e5f,7 Ave @ 18 St,car,39,27,1053,1.444,2,0.0,0.0,False
2026-08-15T19:22,1786821739.0,40961631-fb83-4f48-8ffb-3385448d4e5f,7 Ave @ 18 St,truck,70,37,2590,1.892,1,0.0,0.0,False
2026-08-15T19:22,1786821739.0,40961631-fb83-4f48-8ffb-3385448d4e5f,7 Ave @ 18 St,car,61,14,854,4.357,1,0.0,0.0,False
2026-08-15T19:22,1786821739.0,40961631-fb83-4f48-8ffb-3385448d4e5f,7 Ave @ 18 St,car,30,15,450,2.0,1,0.0,0.0,False
2026-08-15T19:22,1786821739.0,40961631-fb83-4f48-8ffb-3385448d4e5f,7 Ave @ 18 St,car,65,64,4160,1.016,2,358.2,15.51,False
2026-08-15T19:22,1786821741.0,40961631-fb83-4f48-8ffb-3385448d4e5f,7 Ave @ 18 St,car,24,14,336,1.714,1,0.0,0.0,False
2026-08-15T19:22,1786821741.0,40961631-fb83-4f48-8ffb-3385448d4e5f,7 Ave @ 18 St,truck,74,45,3330,1.644,1,0.0,0.0,False
2026-08-15T19:22,1786821741.0,40961631-fb83-4f48-8ffb-3385448d4e5f,7 Ave @ 18 St,car,25,17,425,1.471,1,0.0,0.0,False
2026-08-15T19:22,1786821743.0,40961631-fb83-4f48-8ffb-3385448d4e5f,7 Ave @ 18 St,truck,85,42,3570,2.024,1,0.0,0.0,False
2026-08-15T19:22,1786821725.0,f801cf2f-cd02-4077-aa53-99ee8a00e1ab,3 Ave @ Atlantic Ave,truck,64,64,4096,1.0,4,90.0,0.33,False
2026-08-15T19:22,1786821729.0,f801cf2f-cd02-4077-aa53-99ee8a00e1ab,3 Ave @ Atlantic Ave,car,35,34,1190,1.029,2,161.6,1.58,False
2026-08-15T19:22,1786821733.0,f801cf2f-cd02-4077-aa53-99ee8a00e1ab,3 Ave @ Atlantic Ave,car,46,35,1610,1.314,2,150.9,15.44,False
2026-08-15T19:22,1786821737.0,f801cf2f-cd02-4077-aa53-99ee8a00e1ab,3 Ave @ Atlantic Ave,car,74,38,2812,1.947,1,0.0,0.0,False
2026-08-15T19:22,1786821737.0,f801cf2f-cd02-4077-aa53-99ee8a00e1ab,3 Ave @ Atlantic Ave,car,17,16,272,1.062,1,0.0,0.0,False
2026-08-15T19:22,1786821737.0,f801cf2f-cd02-4077-aa53-99ee8a00e1ab,3 Ave @ Atlantic Ave,car,37,27,999,1.37,1,0.0,0.0,False
2026-08-15T19:22,1786821725.0,f801cf2f-cd02-4077-aa53-99ee8a00e1ab,3 Ave @ Atlantic Ave,truck,100,109,10900,0.917,10,36.9,0.28,False
2026-08-15T19:22,1786821731.0,f801cf2f-cd02-4077-aa53-99ee8a00e1ab,3 Ave @ Atlantic Ave,truck,75,89,6675,0.843,7,115.6,2.31,False
2026-08-15T19:22,1786821739.0,f801cf2f-cd02-4077-aa53-99ee8a00e1ab,3 Ave @ Atlantic Ave,car,30,25,750,1.2,1,0.0,0.0,False
2026-08-15T19:22,1786821743.0,f801cf2f-cd02-4077-aa53-99ee8a00e1ab,3 Ave @ Atlantic Ave,car,47,35,1645,1.343,1,0.0,0.0,False
2026-08-15T19:22,1786821725.0,ed0f8bd4-fe44-4f86-98a9-91f45b446200,3 Ave @ Union St,truck,82,72,5904,1.139,2,45.0,0.71,False
2026-08-15T19:22,1786821725.0,ed0f8bd4-fe44-4f86-98a9-91f45b446200,3 Ave @ Union St,truck,72,60,4320,1.2,2,114.1,31.78,True
2026-08-15T19:22,1786821725.0,ed0f8bd4-fe44-4f86-98a9-91f45b446200,3 Ave @ Union St,car,57,45,2565,1.267,2,166.0,2.06,False
2026-08-15T19:22,1786821727.0,ed0f8bd4-fe44-4f86-98a9-91f45b446200,3 Ave @ Union St,car,51,53,2703,0.962,1,0.0,0.0,False
2026-08-15T19:22,1786821727.0,ed0f8bd4-fe44-4f86-98a9-91f45b446200,3 Ave @ Union St,car,39,21,819,1.857,1,0.0,0.0,False
2026-08-15T19:22,1786821729.0,ed0f8bd4-fe44-4f86-98a9-91f45b446200,3 Ave @ Union St,truck,98,100,9800,0.98,1,0.0,0.0,False
2026-08-15T19:22,1786821729.0,ed0f8bd4-fe44-4f86-98a9-91f45b446200,3 Ave @ Union St,car,53,43,2279,1.233,1,0.0,0.0,False
2026-08-15T19:22,1786821725.0,ed0f8bd4-fe44-4f86-98a9-91f45b446200,3 Ave @ Union St,truck,92,76,6992,1.211,4,130.6,1.54,False
2026-08-15T19:22,1786821733.0,ed0f8bd4-fe44-4f86-98a9-91f45b446200,3 Ave @ Union St,car,56,45,2520,1.244,1,0.0,0.0,False
2026-08-15T19:22,1786821733.0,ed0f8bd4-fe44-4f86-98a9-91f45b446200,3 Ave @ Union St,car,57,44,2508,1.295,1,0.0,0.0,False
2026-08-15T19:22,1786821727.0,ed0f8bd4-fe44-4f86-98a9-91f45b446200,3 Ave @ Union St,truck,82,74,6068,1.108,5,258.7,0.64,False
2026-08-15T19:22,1786821737.0,ed0f8bd4-fe44-4f86-98a9-91f45b446200,3 Ave @ Union St,car,51,52,2652,0.981,1,0.0,0.0,False
2026-08-15T19:22,1786821737.0,ed0f8bd4-fe44-4f86-98a9-91f45b446200,3 Ave @ Union St,truck,93,77,7161,1.208,1,0.0,0.0,False
2026-08-15T19:22,1786821737.0,ed0f8bd4-fe44-4f86-98a9-91f45b446200,3 Ave @ Union St,car,87,77,6699,1.13,1,0.0,0.0,False
2026-08-15T19:22,1786821725.0,ed0f8bd4-fe44-4f86-98a9-91f45b446200,3 Ave @ Union St,truck,145,115,16675,1.261,10,337.9,7.68,True
2026-08-15T19:22,1786821727.0,ed0f8bd4-fe44-4f86-98a9-91f45b446200,3 Ave @ Union St,truck,94,77,7238,1.221,7,323.0,6.37,True
2026-08-15T19:22,1786821735.0,ed0f8bd4-fe44-4f86-98a9-91f45b446200,3 Ave @ Union St,truck,82,74,6068,1.108,5,78.7,0.64,False
2026-08-15T19:22,1786821739.0,ed0f8bd4-fe44-4f86-98a9-91f45b446200,3 Ave @ Union St,car,54,33,1782,1.636,1,0.0,0.0,False
2026-08-15T19:22,1786821725.0,2e0d5197-6073-411f-9d1a-326b30841679,Flushing Ave @ Williamsburg W St,car,83,50,4150,1.66,1,0.0,0.0,False
2026-08-15T19:22,1786821725.0,2e0d5197-6073-411f-9d1a-326b30841679,Flushing Ave @ Williamsburg W St,truck,83,51,4233,1.627,1,0.0,0.0,False
2026-08-15T19:22,1786821731.0,2e0d5197-6073-411f-9d1a-326b30841679,Flushing Ave @ Williamsburg W St,car,40,17,680,2.353,1,0.0,0.0,False
2026-08-15T19:22,1786821733.0,2e0d5197-6073-411f-9d1a-326b30841679,Flushing Ave @ Williamsburg W St,moto,42,37,1554,1.135,1,0.0,0.0,False
2026-08-15T19:22,1786821735.0,2e0d5197-6073-411f-9d1a-326b30841679,Flushing Ave @ Williamsburg W St,moto,78,62,4836,1.258,1,0.0,0.0,False
2026-08-15T19:22,1786821735.0,2e0d5197-6073-411f-9d1a-326b30841679,Flushing Ave @ Williamsburg W St,car,107,29,3103,3.69,1,0.0,0.0,False
2026-08-15T19:22,1786821729.0,2e0d5197-6073-411f-9d1a-326b30841679,Flushing Ave @ Williamsburg W St,car,42,31,1302,1.355,8,116.6,0.16,False
2026-08-15T19:22,1786821729.0,2e0d5197-6073-411f-9d1a-326b30841679,Flushing Ave @ Williamsburg W St,car,33,24,792,1.375,7,45.0,0.12,False
2026-08-15T19:22,1786821743.0,2e0d5197-6073-411f-9d1a-326b30841679,Flushing Ave @ Williamsburg W St,car,35,25,875,1.4,1,0.0,0.0,False
2026-08-15T19:22,1786821725.0,9a01683c-321a-421b-b9c3-056bbf851f25,C2-PE-06-WB_at_6th_Ave-Ex2,car,122,93,11346,1.312,1,0.0,0.0,False
2026-08-15T19:22,1786821725.0,9a01683c-321a-421b-b9c3-056bbf851f25,C2-PE-06-WB_at_6th_Ave-Ex2,car,66,48,3168,1.375,1,0.0,0.0,False
2026-08-15T19:22,1786821727.0,9a01683c-321a-421b-b9c3-056bbf851f25,C2-PE-06-WB_at_6th_Ave-Ex2,car,92,57,5244,1.614,1,0.0,0.0,False
2026-08-15T19:22,1786821727.0,9a01683c-321a-421b-b9c3-056bbf851f25,C2-PE-06-WB_at_6th_Ave-Ex2,car,67,30,2010,2.233,1,0.0,0.0,False
2026-08-15T19:22,1786821727.0,9a01683c-321a-421b-b9c3-056bbf851f25,C2-PE-06-WB_at_6th_Ave-Ex2,car,30,26,780,1.154,1,0.0,0.0,False
2026-08-15T19:22,1786821727.0,9a01683c-321a-421b-b9c3-056bbf851f25,C2-PE-06-WB_at_6th_Ave-Ex2,car,95,70,6650,1.357,2,103.7,38.08,True
2026-08-15T19:22,1786821729.0,9a01683c-321a-421b-b9c3-056bbf851f25,C2-PE-06-WB_at_6th_Ave-Ex2,car,67,52,3484,1.288,1,0.0,0.0,False
2026-08-15T19:22,1786821729.0,9a01683c-321a-421b-b9c3-056bbf851f25,C2-PE-06-WB_at_6th_Ave-Ex2,car,47,34,1598,1.382,1,0.0,0.0,False
2026-08-15T19:22,1786821729.0,9a01683c-321a-421b-b9c3-056bbf851f25,C2-PE-06-WB_at_6th_Ave-Ex2,car,30,47,1410,0.638,1,0.0,0.0,False
2026-08-15T19:22,1786821731.0,9a01683c-321a-421b-b9c3-056bbf851f25,C2-PE-06-WB_at_6th_Ave-Ex2,car,52,43,2236,1.209,1,0.0,0.0,False
2026-08-15T19:22,1786821731.0,9a01683c-321a-421b-b9c3-056bbf851f25,C2-PE-06-WB_at_6th_Ave-Ex2,car,47,34,1598,1.382,1,0.0,0.0,False
2026-08-15T19:22,1786821729.0,9a01683c-321a-421b-b9c3-056bbf851f25,C2-PE-06-WB_at_6th_Ave-Ex2,car,84,67,5628,1.254,2,334.2,33.32,False
2026-08-15T19:22,1786821731.0,9a01683c-321a-421b-b9c3-056bbf851f25,C2-PE-06-WB_at_6th_Ave-Ex2,car,127,125,15875,1.016,2,222.5,48.84,False
2026-08-15T19:22,1786821733.0,9a01683c-321a-421b-b9c3-056bbf851f25,C2-PE-06-WB_at_6th_Ave-Ex2,car,69,52,3588,1.327,1,0.0,0.0,False
2026-08-15T19:22,1786821735.0,9a01683c-321a-421b-b9c3-056bbf851f25,C2-PE-06-WB_at_6th_Ave-Ex2,car,79,61,4819,1.295,1,0.0,0.0,False
2026-08-15T19:22,1786821735.0,9a01683c-321a-421b-b9c3-056bbf851f25,C2-PE-06-WB_at_6th_Ave-Ex2,car,75,44,3300,1.705,1,0.0,0.0,False
2026-08-15T19:22,1786821735.0,9a01683c-321a-421b-b9c3-056bbf851f25,C2-PE-06-WB_at_6th_Ave-Ex2,car,37,26,962,1.423,1,0.0,0.0,False
2026-08-15T19:22,1786821737.0,9a01683c-321a-421b-b9c3-056bbf851f25,C2-PE-06-WB_at_6th_Ave-Ex2,car,66,31,2046,2.129,1,0.0,0.0,False
2026-08-15T19:22,1786821737.0,9a01683c-321a-421b-b9c3-056bbf851f25,C2-PE-06-WB_at_6th_Ave-Ex2,car,52,43,2236,1.209,1,0.0,0.0,False
2026-08-15T19:22,1786821737.0,9a01683c-321a-421b-b9c3-056bbf851f25,C2-PE-06-WB_at_6th_Ave-Ex2,car,56,61,3416,0.918,1,0.0,0.0,False
2026-08-15T19:22,1786821739.0,9a01683c-321a-421b-b9c3-056bbf851f25,C2-PE-06-WB_at_6th_Ave-Ex2,car,57,47,2679,1.213,1,0.0,0.0,False
2026-08-15T19:22,1786821741.0,9a01683c-321a-421b-b9c3-056bbf851f25,C2-PE-06-WB_at_6th_Ave-Ex2,car,88,58,5104,1.517,2,27.8,41.82,True
2026-08-15T19:22,1786821743.0,9a01683c-321a-421b-b9c3-056bbf851f25,C2-PE-06-WB_at_6th_Ave-Ex2,car,108,106,11448,1.019,1,0.0,0.0,False
2026-08-15T19:22,1786821743.0,9a01683c-321a-421b-b9c3-056bbf851f25,C2-PE-06-WB_at_6th_Ave-Ex2,car,105,76,7980,1.382,1,0.0,0.0,False
2026-08-15T19:22,1786821743.0,9a01683c-321a-421b-b9c3-056bbf851f25,C2-PE-06-WB_at_6th_Ave-Ex2,car,64,44,2816,1.455,1,0.0,0.0,False
2026-08-15T19:22,1786821743.0,9a01683c-321a-421b-b9c3-056bbf851f25,C2-PE-06-WB_at_6th_Ave-Ex2,car,89,68,6052,1.309,1,0.0,0.0,False
2026-08-15T19:22,1786821743.0,9a01683c-321a-421b-b9c3-056bbf851f25,C2-PE-06-WB_at_6th_Ave-Ex2,car,40,33,1320,1.212,1,0.0,0.0,False
2026-08-15T19:22,1786821743.0,9a01683c-321a-421b-b9c3-056bbf851f25,C2-PE-06-WB_at_6th_Ave-Ex2,car,131,96,12576,1.365,1,0.0,0.0,False
2026-08-15T19:22,1786821745.0,9a01683c-321a-421b-b9c3-056bbf851f25,C2-PE-06-WB_at_6th_Ave-Ex2,car,52,42,2184,1.238,1,0.0,0.0,False
2026-08-15T19:22,1786821745.0,9a01683c-321a-421b-b9c3-056bbf851f25,C2-PE-06-WB_at_6th_Ave-Ex2,car,77,57,4389,1.351,1,0.0,0.0,False
2026-08-15T19:22,1786821745.0,9a01683c-321a-421b-b9c3-056bbf851f25,C2-PE-06-WB_at_6th_Ave-Ex2,car,81,78,6318,1.038,1,0.0,0.0,False
2026-08-15T19:22,1786821745.0,9a01683c-321a-421b-b9c3-056bbf851f25,C2-PE-06-WB_at_6th_Ave-Ex2,truck,83,79,6557,1.051,1,0.0,0.0,False
2026-08-15T19:24,1786821802.1,c89b62d1-35be-4bb8-b22b-a77c2583733c,Eastern Pkwy @ Utica Ave,car,81,72,5832,1.125,1,0.0,0.0,False
2026-08-15T19:24,1786821802.1,c89b62d1-35be-4bb8-b22b-a77c2583733c,Eastern Pkwy @ Utica Ave,car,59,41,2419,1.439,1,0.0,0.0,False
2026-08-15T19:24,1786821822.1,c89b62d1-35be-4bb8-b22b-a77c2583733c,Eastern Pkwy @ Utica Ave,car,104,90,9360,1.156,1,0.0,0.0,False
2026-08-15T19:24,1786821822.1,c89b62d1-35be-4bb8-b22b-a77c2583733c,Eastern Pkwy @ Utica Ave,car,55,49,2695,1.122,1,0.0,0.0,False
2026-08-15T19:24,1786821802.1,f4c47f52-9c8d-494a-92da-4dcc09a19fab,Eastern Pkwy @ Bedford Ave,car,187,169,31603,1.107,1,0.0,0.0,False
2026-08-15T19:24,1786821802.1,f4c47f52-9c8d-494a-92da-4dcc09a19fab,Eastern Pkwy @ Bedford Ave,truck,187,137,25619,1.365,1,0.0,0.0,False
2026-08-15T19:24,1786821802.1,f4c47f52-9c8d-494a-92da-4dcc09a19fab,Eastern Pkwy @ Bedford Ave,car,142,121,17182,1.174,1,0.0,0.0,False
2026-08-15T19:24,1786821802.1,f4c47f52-9c8d-494a-92da-4dcc09a19fab,Eastern Pkwy @ Bedford Ave,car,37,34,1258,1.088,1,0.0,0.0,False
2026-08-15T19:24,1786821802.1,f4c47f52-9c8d-494a-92da-4dcc09a19fab,Eastern Pkwy @ Bedford Ave,truck,152,125,19000,1.216,2,29.7,4.03,False
2026-08-15T19:24,1786821802.1,f4c47f52-9c8d-494a-92da-4dcc09a19fab,Eastern Pkwy @ Bedford Ave,car,181,162,29322,1.117,2,59.1,47.76,False
2026-08-15T19:24,1786821802.1,f4c47f52-9c8d-494a-92da-4dcc09a19fab,Eastern Pkwy @ Bedford Ave,car,214,212,45368,1.009,5,44.3,14.67,False
2026-08-15T19:24,1786821802.1,f4c47f52-9c8d-494a-92da-4dcc09a19fab,Eastern Pkwy @ Bedford Ave,car,254,335,85090,0.758,5,255.5,44.29,True
2026-08-15T19:24,1786821802.1,f4c47f52-9c8d-494a-92da-4dcc09a19fab,Eastern Pkwy @ Bedford Ave,car,242,268,64856,0.903,4,73.8,10.76,False
2026-08-15T19:24,1786821802.1,f4c47f52-9c8d-494a-92da-4dcc09a19fab,Eastern Pkwy @ Bedford Ave,car,244,274,66856,0.891,3,70.7,15.89,False
2026-08-15T19:24,1786821804.1,f4c47f52-9c8d-494a-92da-4dcc09a19fab,Eastern Pkwy @ Bedford Ave,truck,139,149,20711,0.933,3,53.8,8.05,False
2026-08-15T19:24,1786821810.1,f4c47f52-9c8d-494a-92da-4dcc09a19fab,Eastern Pkwy @ Bedford Ave,truck,195,184,35880,1.06,1,0.0,0.0,False
2026-08-15T19:24,1786821802.1,2fe54994-17f6-499d-a3ab-8c6dc9dbda9e,Atlantic Ave @ Bedford Ave,truck,95,105,9975,0.905,1,0.0,0.0,False
2026-08-15T19:24,1786821802.1,2fe54994-17f6-499d-a3ab-8c6dc9dbda9e,Atlantic Ave @ Bedford Ave,truck,93,101,9393,0.921,1,0.0,0.0,False
2026-08-15T19:24,1786821802.1,2fe54994-17f6-499d-a3ab-8c6dc9dbda9e,Atlantic Ave @ Bedford Ave,bus,101,105,10605,0.962,8,18.4,0.23,False
2026-08-15T19:24,1786821802.1,2fe54994-17f6-499d-a3ab-8c6dc9dbda9e,Atlantic Ave @ Bedford Ave,car,50,51,2550,0.98,7,86.2,1.25,False
2026-08-15T19:24,1786821816.1,2fe54994-17f6-499d-a3ab-8c6dc9dbda9e,Atlantic Ave @ Bedford Ave,car,69,72,4968,0.958,1,0.0,0.0,False
2026-08-15T19:24,1786821802.1,2fe54994-17f6-499d-a3ab-8c6dc9dbda9e,Atlantic Ave @ Bedford Ave,truck,117,131,15327,0.893,10,50.4,8.8,True
2026-08-15T19:24,1786821802.1,2fe54994-17f6-499d-a3ab-8c6dc9dbda9e,Atlantic Ave @ Bedford Ave,car,95,119,11305,0.798,7,94.6,14.55,True
2026-08-15T19:24,1786821802.1,2fe54994-17f6-499d-a3ab-8c6dc9dbda9e,Atlantic Ave @ Bedford Ave,car,72,82,5904,0.878,9,271.3,2.69,False
2026-08-15T19:24,1786821802.1,2fe54994-17f6-499d-a3ab-8c6dc9dbda9e,Atlantic Ave @ Bedford Ave,car,79,91,7189,0.868,9,55.5,4.63,True
2026-08-15T19:24,1786821808.1,2fe54994-17f6-499d-a3ab-8c6dc9dbda9e,Atlantic Ave @ Bedford Ave,truck,108,105,11340,1.029,7,206.6,0.19,False
2026-08-15T19:24,1786821810.1,2fe54994-17f6-499d-a3ab-8c6dc9dbda9e,Atlantic Ave @ Bedford Ave,car,100,102,10200,0.98,5,341.6,1.19,False
2026-08-15T19:24,1786821816.1,2fe54994-17f6-499d-a3ab-8c6dc9dbda9e,Atlantic Ave @ Bedford Ave,car,66,58,3828,1.138,3,328.4,19.08,True
2026-08-15T19:24,1786821818.1,2fe54994-17f6-499d-a3ab-8c6dc9dbda9e,Atlantic Ave @ Bedford Ave,car,115,120,13800,0.958,2,310.8,38.29,False
2026-08-15T19:24,1786821820.1,2fe54994-17f6-499d-a3ab-8c6dc9dbda9e,Atlantic Ave @ Bedford Ave,car,69,71,4899,0.972,2,286.3,30.22,True
2026-08-15T19:24,1786821820.1,2fe54994-17f6-499d-a3ab-8c6dc9dbda9e,Atlantic Ave @ Bedford Ave,car,42,39,1638,1.077,2,319.4,4.61,False
2026-08-15T19:24,1786821820.1,2fe54994-17f6-499d-a3ab-8c6dc9dbda9e,Atlantic Ave @ Bedford Ave,car,30,29,870,1.034,2,236.3,10.82,False
2026-08-15T19:24,1786821820.1,2fe54994-17f6-499d-a3ab-8c6dc9dbda9e,Atlantic Ave @ Bedford Ave,car,70,78,5460,0.897,1,0.0,0.0,False
2026-08-15T19:24,1786821820.1,2fe54994-17f6-499d-a3ab-8c6dc9dbda9e,Atlantic Ave @ Bedford Ave,car,39,48,1872,0.812,2,287.1,6.8,False
2026-08-15T19:24,1786821822.1,2fe54994-17f6-499d-a3ab-8c6dc9dbda9e,Atlantic Ave @ Bedford Ave,truck,106,105,11130,1.01,1,0.0,0.0,False
2026-08-15T19:24,1786821802.1,2e43a9d0-1df8-4a38-ae20-2e0f359bb55d,Flatbush Ave @ Empire Blvd,car,90,60,5400,1.5,1,0.0,0.0,False
2026-08-15T19:24,1786821802.1,2e43a9d0-1df8-4a38-ae20-2e0f359bb55d,Flatbush Ave @ Empire Blvd,bus,208,136,28288,1.529,1,0.0,0.0,False
2026-08-15T19:24,1786821802.1,2e43a9d0-1df8-4a38-ae20-2e0f359bb55d,Flatbush Ave @ Empire Blvd,truck,168,113,18984,1.487,1,0.0,0.0,False
2026-08-15T19:24,1786821804.1,2e43a9d0-1df8-4a38-ae20-2e0f359bb55d,Flatbush Ave @ Empire Blvd,truck,104,82,8528,1.268,1,0.0,0.0,False
2026-08-15T19:24,1786821804.1,2e43a9d0-1df8-4a38-ae20-2e0f359bb55d,Flatbush Ave @ Empire Blvd,truck,69,61,4209,1.131,1,0.0,0.0,False
2026-08-15T19:24,1786821804.1,2e43a9d0-1df8-4a38-ae20-2e0f359bb55d,Flatbush Ave @ Empire Blvd,car,19,15,285,1.267,1,0.0,0.0,False
2026-08-15T19:24,1786821802.1,2e43a9d0-1df8-4a38-ae20-2e0f359bb55d,Flatbush Ave @ Empire Blvd,truck,181,101,18281,1.792,3,270.0,6.75,False
2026-08-15T19:24,1786821806.1,2e43a9d0-1df8-4a38-ae20-2e0f359bb55d,Flatbush Ave @ Empire Blvd,car,29,17,493,1.706,1,0.0,0.0,False
2026-08-15T19:24,1786821802.1,2e43a9d0-1df8-4a38-ae20-2e0f359bb55d,Flatbush Ave @ Empire Blvd,car,173,101,17473,1.713,3,8.9,38.72,True
2026-08-15T19:24,1786821808.1,2e43a9d0-1df8-4a38-ae20-2e0f359bb55d,Flatbush Ave @ Empire Blvd,car,21,23,483,0.913,1,0.0,0.0,False
2026-08-15T19:24,1786821808.1,2e43a9d0-1df8-4a38-ae20-2e0f359bb55d,Flatbush Ave @ Empire Blvd,truck,86,69,5934,1.246,1,0.0,0.0,False
2026-08-15T19:24,1786821808.1,2e43a9d0-1df8-4a38-ae20-2e0f359bb55d,Flatbush Ave @ Empire Blvd,car,39,27,1053,1.444,1,0.0,0.0,False
2026-08-15T19:24,1786821810.1,2e43a9d0-1df8-4a38-ae20-2e0f359bb55d,Flatbush Ave @ Empire Blvd,truck,107,79,8453,1.354,1,0.0,0.0,False
2026-08-15T19:24,1786821810.1,2e43a9d0-1df8-4a38-ae20-2e0f359bb55d,Flatbush Ave @ Empire Blvd,car,18,15,270,1.2,2,225.0,0.71,False
2026-08-15T19:24,1786821814.1,2e43a9d0-1df8-4a38-ae20-2e0f359bb55d,Flatbush Ave @ Empire Blvd,car,48,49,2352,0.98,1,0.0,0.0,False
2026-08-15T19:24,1786821804.1,2e43a9d0-1df8-4a38-ae20-2e0f359bb55d,Flatbush Ave @ Empire Blvd,truck,104,83,8632,1.253,10,242.4,7.21,True
2026-08-15T19:24,1786821808.1,2e43a9d0-1df8-4a38-ae20-2e0f359bb55d,Flatbush Ave @ Empire Blvd,truck,96,94,9024,1.021,8,20.2,3.73,False
2026-08-15T19:24,1786821816.1,2e43a9d0-1df8-4a38-ae20-2e0f359bb55d,Flatbush Ave @ Empire Blvd,truck,107,76,8132,1.408,3,26.6,0.56,False
2026-08-15T19:24,1786821818.1,2e43a9d0-1df8-4a38-ae20-2e0f359bb55d,Flatbush Ave @ Empire Blvd,car,106,75,7950,1.413,1,0.0,0.0,False
2026-08-15T19:24,1786821820.1,2e43a9d0-1df8-4a38-ae20-2e0f359bb55d,Flatbush Ave @ Empire Blvd,car,106,55,5830,1.927,2,254.5,9.34,False
2026-08-15T19:24,1786821820.1,2e43a9d0-1df8-4a38-ae20-2e0f359bb55d,Flatbush Ave @ Empire Blvd,car,19,15,285,1.267,2,63.4,1.12,False
2026-08-15T19:24,1786821822.1,2e43a9d0-1df8-4a38-ae20-2e0f359bb55d,Flatbush Ave @ Empire Blvd,car,20,14,280,1.429,1,0.0,0.0,False
2026-08-15T19:24,1786821802.1,1c51b3ec-3d29-4025-928d-4e182e7c0bd5,Grand Army Plaza,car,48,25,1200,1.92,1,0.0,0.0,False
2026-08-15T19:24,1786821804.1,1c51b3ec-3d29-4025-928d-4e182e7c0bd5,Grand Army Plaza,car,117,47,5499,2.489,1,0.0,0.0,False
2026-08-15T19:24,1786821806.1,1c51b3ec-3d29-4025-928d-4e182e7c0bd5,Grand Army Plaza,bus,105,79,8295,1.329,1,0.0,0.0,False
2026-08-15T19:24,1786821806.1,1c51b3ec-3d29-4025-928d-4e182e7c0bd5,Grand Army Plaza,car,17,17,289,1.0,1,0.0,0.0,False
2026-08-15T19:24,1786821802.1,1c51b3ec-3d29-4025-928d-4e182e7c0bd5,Grand Army Plaza,bus,149,86,12814,1.733,3,0.8,37.5,True
2026-08-15T19:24,1786821806.1,1c51b3ec-3d29-4025-928d-4e182e7c0bd5,Grand Army Plaza,car,26,20,520,1.3,2,344.4,12.98,True
2026-08-15T19:24,1786821808.1,1c51b3ec-3d29-4025-928d-4e182e7c0bd5,Grand Army Plaza,car,14,17,238,0.824,1,0.0,0.0,False
2026-08-15T19:24,1786821808.1,1c51b3ec-3d29-4025-928d-4e182e7c0bd5,Grand Army Plaza,car,14,10,140,1.4,1,0.0,0.0,False
2026-08-15T19:24,1786821806.1,1c51b3ec-3d29-4025-928d-4e182e7c0bd5,Grand Army Plaza,car,80,43,3440,1.86,3,2.2,13.26,False
2026-08-15T19:24,1786821804.1,1c51b3ec-3d29-4025-928d-4e182e7c0bd5,Grand Army Plaza,car,39,32,1248,1.219,4,116.6,7.45,True
2026-08-15T19:24,1786821810.1,1c51b3ec-3d29-4025-928d-4e182e7c0bd5,Grand Army Plaza,car,124,95,11780,1.305,2,235.1,38.42,False
2026-08-15T19:24,1786821812.1,1c51b3ec-3d29-4025-928d-4e182e7c0bd5,Grand Army Plaza,car,24,17,408,1.412,1,0.0,0.0,False
2026-08-15T19:24,1786821812.1,1c51b3ec-3d29-4025-928d-4e182e7c0bd5,Grand Army Plaza,car,29,26,754,1.115,1,0.0,0.0,False
2026-08-15T19:24,1786821812.1,1c51b3ec-3d29-4025-928d-4e182e7c0bd5,Grand Army Plaza,car,38,33,1254,1.152,1,0.0,0.0,False
2026-08-15T19:24,1786821812.1,1c51b3ec-3d29-4025-928d-4e182e7c0bd5,Grand Army Plaza,car,25,25,625,1.0,1,0.0,0.0,False
2026-08-15T19:24,1786821812.1,1c51b3ec-3d29-4025-928d-4e182e7c0bd5,Grand Army Plaza,car,37,21,777,1.762,1,0.0,0.0,False
2026-08-15T19:24,1786821812.1,1c51b3ec-3d29-4025-928d-4e182e7c0bd5,Grand Army Plaza,car,124,94,11656,1.319,1,0.0,0.0,False
2026-08-15T19:24,1786821808.1,1c51b3ec-3d29-4025-928d-4e182e7c0bd5,Grand Army Plaza,car,45,29,1305,1.552,4,293.2,2.54,False
2026-08-15T19:24,1786821810.1,1c51b3ec-3d29-4025-928d-4e182e7c0bd5,Grand Army Plaza,car,70,40,2800,1.75,2,205.2,28.18,True
2026-08-15T19:24,1786821814.1,1c51b3ec-3d29-4025-928d-4e182e7c0bd5,Grand Army Plaza,car,27,22,594,1.227,1,0.0,0.0,False
2026-08-15T19:24,1786821814.1,1c51b3ec-3d29-4025-928d-4e182e7c0bd5,Grand Army Plaza,car,20,13,260,1.538,1,0.0,0.0,False
2026-08-15T19:24,1786821812.1,1c51b3ec-3d29-4025-928d-4e182e7c0bd5,Grand Army Plaza,car,22,16,352,1.375,2,177.7,12.51,True
2026-08-15T19:24,1786821816.1,1c51b3ec-3d29-4025-928d-4e182e7c0bd5,Grand Army Plaza,moto,28,31,868,0.903,1,0.0,0.0,False
2026-08-15T19:24,1786821802.1,1c51b3ec-3d29-4025-928d-4e182e7c0bd5,Grand Army Plaza,car,78,44,3432,1.773,7,117.7,5.55,True
2026-08-15T19:24,1786821802.1,1c51b3ec-3d29-4025-928d-4e182e7c0bd5,Grand Army Plaza,truck,214,155,33170,1.381,11,356.2,0.75,False
2026-08-15T19:24,1786821808.1,1c51b3ec-3d29-4025-928d-4e182e7c0bd5,Grand Army Plaza,car,47,30,1410,1.567,7,0.0,0.0,False
2026-08-15T19:24,1786821816.1,1c51b3ec-3d29-4025-928d-4e182e7c0bd5,Grand Army Plaza,car,108,35,3780,3.086,3,219.2,8.71,False
2026-08-15T19:24,1786821818.1,1c51b3ec-3d29-4025-928d-4e182e7c0bd5,Grand Army Plaza,car,120,44,5280,2.727,1,0.0,0.0,False
2026-08-15T19:24,1786821818.1,1c51b3ec-3d29-4025-928d-4e182e7c0bd5,Grand Army Plaza,car,88,32,2816,2.75,2,215.1,16.51,False
2026-08-15T19:24,1786821818.1,1c51b3ec-3d29-4025-928d-4e182e7c0bd5,Grand Army Plaza,car,96,39,3744,2.462,3,166.8,27.47,True
2026-08-15T19:24,1786821818.1,1c51b3ec-3d29-4025-928d-4e182e7c0bd5,Grand Army Plaza,car,118,51,6018,2.314,3,356.3,11.77,False
2026-08-15T19:24,1786821820.1,1c51b3ec-3d29-4025-928d-4e182e7c0bd5,Grand Army Plaza,car,117,46,5382,2.543,1,0.0,0.0,False
2026-08-15T19:24,1786821820.1,1c51b3ec-3d29-4025-928d-4e182e7c0bd5,Grand Army Plaza,car,55,32,1760,1.719,1,0.0,0.0,False
2026-08-15T19:24,1786821820.1,1c51b3ec-3d29-4025-928d-4e182e7c0bd5,Grand Army Plaza,car,39,22,858,1.773,2,90.0,3.0,False
2026-08-15T19:24,1786821820.1,1c51b3ec-3d29-4025-928d-4e182e7c0bd5,Grand Army Plaza,car,34,19,646,1.789,1,0.0,0.0,False
2026-08-15T19:24,1786821822.1,1c51b3ec-3d29-4025-928d-4e182e7c0bd5,Grand Army Plaza,car,80,32,2560,2.5,1,0.0,0.0,False
2026-08-15T19:24,1786821822.1,1c51b3ec-3d29-4025-928d-4e182e7c0bd5,Grand Army Plaza,car,37,22,814,1.682,1,0.0,0.0,False
2026-08-15T19:24,1786821822.1,1c51b3ec-3d29-4025-928d-4e182e7c0bd5,Grand Army Plaza,car,21,15,315,1.4,1,0.0,0.0,False
2026-08-15T19:24,1786821822.1,1c51b3ec-3d29-4025-928d-4e182e7c0bd5,Grand Army Plaza,car,50,24,1200,2.083,1,0.0,0.0,False
2026-08-15T19:24,1786821822.1,1c51b3ec-3d29-4025-928d-4e182e7c0bd5,Grand Army Plaza,car,16,11,176,1.455,1,0.0,0.0,False
2026-08-15T19:24,1786821822.1,1c51b3ec-3d29-4025-928d-4e182e7c0bd5,Grand Army Plaza,car,25,22,550,1.136,1,0.0,0.0,False
2026-08-15T19:24,1786821822.1,1c51b3ec-3d29-4025-928d-4e182e7c0bd5,Grand Army Plaza,car,83,35,2905,2.371,1,0.0,0.0,False
2026-08-15T19:24,1786821802.1,cb68b8b1-9093-4f2e-acf2-8133b047e8df,Flatbush Ave @ Eastern Pkwy,car,26,19,494,1.368,1,0.0,0.0,False
2026-08-15T19:24,1786821804.1,cb68b8b1-9093-4f2e-acf2-8133b047e8df,Flatbush Ave @ Eastern Pkwy,car,27,41,1107,0.659,1,0.0,0.0,False
2026-08-15T19:24,1786821804.1,cb68b8b1-9093-4f2e-acf2-8133b047e8df,Flatbush Ave @ Eastern Pkwy,car,38,36,1368,1.056,1,0.0,0.0,False
2026-08-15T19:24,1786821804.1,cb68b8b1-9093-4f2e-acf2-8133b047e8df,Flatbush Ave @ Eastern Pkwy,car,62,32,1984,1.938,2,157.1,24.42,False
2026-08-15T19:24,1786821806.1,cb68b8b1-9093-4f2e-acf2-8133b047e8df,Flatbush Ave @ Eastern Pkwy,car,40,32,1280,1.25,1,0.0,0.0,False
2026-08-15T19:24,1786821808.1,cb68b8b1-9093-4f2e-acf2-8133b047e8df,Flatbush Ave @ Eastern Pkwy,car,52,47,2444,1.106,1,0.0,0.0,False
2026-08-15T19:24,1786821808.1,cb68b8b1-9093-4f2e-acf2-8133b047e8df,Flatbush Ave @ Eastern Pkwy,car,30,25,750,1.2,1,0.0,0.0,False
2026-08-15T19:24,1786821806.1,cb68b8b1-9093-4f2e-acf2-8133b047e8df,Flatbush Ave @ Eastern Pkwy,car,58,36,2088,1.611,2,165.7,22.19,False
2026-08-15T19:24,1786821810.1,cb68b8b1-9093-4f2e-acf2-8133b047e8df,Flatbush Ave @ Eastern Pkwy,car,90,49,4410,1.837,1,0.0,0.0,False
2026-08-15T19:24,1786821810.1,cb68b8b1-9093-4f2e-acf2-8133b047e8df,Flatbush Ave @ Eastern Pkwy,truck,89,49,4361,1.816,1,0.0,0.0,False
2026-08-15T19:24,1786821808.1,cb68b8b1-9093-4f2e-acf2-8133b047e8df,Flatbush Ave @ Eastern Pkwy,car,24,17,408,1.412,3,90.0,0.25,False
2026-08-15T19:24,1786821812.1,cb68b8b1-9093-4f2e-acf2-8133b047e8df,Flatbush Ave @ Eastern Pkwy,truck,41,45,1845,0.911,1,0.0,0.0,False
2026-08-15T19:24,1786821812.1,cb68b8b1-9093-4f2e-acf2-8133b047e8df,Flatbush Ave @ Eastern Pkwy,car,41,56,2296,0.732,1,0.0,0.0,False
2026-08-15T19:24,1786821810.1,cb68b8b1-9093-4f2e-acf2-8133b047e8df,Flatbush Ave @ Eastern Pkwy,car,42,36,1512,1.167,3,100.8,5.34,False
2026-08-15T19:24,1786821812.1,cb68b8b1-9093-4f2e-acf2-8133b047e8df,Flatbush Ave @ Eastern Pkwy,car,20,20,400,1.0,2,117.6,11.85,True
2026-08-15T19:24,1786821814.1,cb68b8b1-9093-4f2e-acf2-8133b047e8df,Flatbush Ave @ Eastern Pkwy,car,30,20,600,1.5,1,0.0,0.0,False
2026-08-15T19:24,1786821814.1,cb68b8b1-9093-4f2e-acf2-8133b047e8df,Flatbush Ave @ Eastern Pkwy,car,73,36,2628,2.028,1,0.0,0.0,False
2026-08-15T19:24,1786821814.1,cb68b8b1-9093-4f2e-acf2-8133b047e8df,Flatbush Ave @ Eastern Pkwy,car,33,24,792,1.375,1,0.0,0.0,False
2026-08-15T19:24,1786821816.1,cb68b8b1-9093-4f2e-acf2-8133b047e8df,Flatbush Ave @ Eastern Pkwy,car,28,19,532,1.474,1,0.0,0.0,False
2026-08-15T19:24,1786821804.1,cb68b8b1-9093-4f2e-acf2-8133b047e8df,Flatbush Ave @ Eastern Pkwy,truck,42,57,2394,0.737,6,0.0,0.3,False
2026-08-15T19:24,1786821810.1,cb68b8b1-9093-4f2e-acf2-8133b047e8df,Flatbush Ave @ Eastern Pkwy,car,61,38,2318,1.605,7,326.3,0.3,False
2026-08-15T19:24,1786821812.1,cb68b8b1-9093-4f2e-acf2-8133b047e8df,Flatbush Ave @ Eastern Pkwy,car,42,56,2352,0.75,4,195.9,1.21,False
2026-08-15T19:24,1786821820.1,cb68b8b1-9093-4f2e-acf2-8133b047e8df,Flatbush Ave @ Eastern Pkwy,car,35,23,805,1.522,1,0.0,0.0,False
2026-08-15T19:24,1786821820.1,cb68b8b1-9093-4f2e-acf2-8133b047e8df,Flatbush Ave @ Eastern Pkwy,car,101,48,4848,2.104,1,0.0,0.0,False
2026-08-15T19:24,1786821820.1,cb68b8b1-9093-4f2e-acf2-8133b047e8df,Flatbush Ave @ Eastern Pkwy,car,58,28,1624,2.071,1,0.0,0.0,False
2026-08-15T19:24,1786821820.1,cb68b8b1-9093-4f2e-acf2-8133b047e8df,Flatbush Ave @ Eastern Pkwy,truck,66,45,2970,1.467,1,0.0,0.0,False
2026-08-15T19:24,1786821820.1,cb68b8b1-9093-4f2e-acf2-8133b047e8df,Flatbush Ave @ Eastern Pkwy,car,36,25,900,1.44,1,0.0,0.0,False
2026-08-15T19:24,1786821822.1,cb68b8b1-9093-4f2e-acf2-8133b047e8df,Flatbush Ave @ Eastern Pkwy,car,51,37,1887,1.378,1,0.0,0.0,False
2026-08-15T19:24,1786821822.1,cb68b8b1-9093-4f2e-acf2-8133b047e8df,Flatbush Ave @ Eastern Pkwy,car,35,37,1295,0.946,1,0.0,0.0,False
2026-08-15T19:24,1786821822.1,cb68b8b1-9093-4f2e-acf2-8133b047e8df,Flatbush Ave @ Eastern Pkwy,car,35,28,980,1.25,1,0.0,0.0,False
2026-08-15T19:24,1786821822.1,cb68b8b1-9093-4f2e-acf2-8133b047e8df,Flatbush Ave @ Eastern Pkwy,truck,35,28,980,1.25,1,0.0,0.0,False
2026-08-15T19:24,1786821802.1,2064d8ab-597a-45d8-a3c9-5ab95a4e69e6,7 Ave @ Union St,car,30,28,840,1.071,1,0.0,0.0,False
2026-08-15T19:24,1786821808.1,2064d8ab-597a-45d8-a3c9-5ab95a4e69e6,7 Ave @ Union St,car,34,31,1054,1.097,1,0.0,0.0,False
2026-08-15T19:24,1786821808.1,2064d8ab-597a-45d8-a3c9-5ab95a4e69e6,7 Ave @ Union St,car,53,33,1749,1.606,1,0.0,0.0,False
2026-08-15T19:24,1786821810.1,2064d8ab-597a-45d8-a3c9-5ab95a4e69e6,7 Ave @ Union St,car,51,37,1887,1.378,1,0.0,0.0,False
2026-08-15T19:24,1786821812.1,2064d8ab-597a-45d8-a3c9-5ab95a4e69e6,7 Ave @ Union St,car,32,30,960,1.067,1,0.0,0.0,False
2026-08-15T19:24,1786821814.1,2064d8ab-597a-45d8-a3c9-5ab95a4e69e6,7 Ave @ Union St,car,36,33,1188,1.091,1,0.0,0.0,False
2026-08-15T19:24,1786821818.1,2064d8ab-597a-45d8-a3c9-5ab95a4e69e6,7 Ave @ Union St,car,50,42,2100,1.19,1,0.0,0.0,False
2026-08-15T19:24,1786821820.1,2064d8ab-597a-45d8-a3c9-5ab95a4e69e6,7 Ave @ Union St,car,29,26,754,1.115,1,0.0,0.0,False
2026-08-15T19:24,1786821820.1,2064d8ab-597a-45d8-a3c9-5ab95a4e69e6,7 Ave @ Union St,car,26,16,416,1.625,1,0.0,0.0,False
2026-08-15T19:24,1786821820.1,2064d8ab-597a-45d8-a3c9-5ab95a4e69e6,7 Ave @ Union St,car,30,22,660,1.364,1,0.0,0.0,False
2026-08-15T19:24,1786821802.1,fde1748c-7c0f-4df8-8acd-120df29a9305,Atlantic Ave @ Eastern Pkwy,truck,103,95,9785,1.084,2,304.4,11.51,False
2026-08-15T19:24,1786821804.1,fde1748c-7c0f-4df8-8acd-120df29a9305,Atlantic Ave @ Eastern Pkwy,car,31,32,992,0.969,1,0.0,0.0,False
2026-08-15T19:24,1786821804.1,fde1748c-7c0f-4df8-8acd-120df29a9305,Atlantic Ave @ Eastern Pkwy,bus,43,51,2193,0.843,1,0.0,0.0,False
2026-08-15T19:24,1786821802.1,fde1748c-7c0f-4df8-8acd-120df29a9305,Atlantic Ave @ Eastern Pkwy,truck,100,96,9600,1.042,4,206.6,0.75,False
2026-08-15T19:24,1786821810.1,fde1748c-7c0f-4df8-8acd-120df29a9305,Atlantic Ave @ Eastern Pkwy,car,42,41,1722,1.024,1,0.0,0.0,False
2026-08-15T19:24,1786821810.1,fde1748c-7c0f-4df8-8acd-120df29a9305,Atlantic Ave @ Eastern Pkwy,car,35,26,910,1.346,1,0.0,0.0,False
2026-08-15T19:24,1786821810.1,fde1748c-7c0f-4df8-8acd-120df29a9305,Atlantic Ave @ Eastern Pkwy,car,40,43,1720,0.93,2,260.5,15.21,False
2026-08-15T19:24,1786821812.1,fde1748c-7c0f-4df8-8acd-120df29a9305,Atlantic Ave @ Eastern Pkwy,car,19,20,380,0.95,1,0.0,0.0,False
2026-08-15T19:24,1786821812.1,fde1748c-7c0f-4df8-8acd-120df29a9305,Atlantic Ave @ Eastern Pkwy,car,18,19,342,0.947,1,0.0,0.0,False
2026-08-15T19:24,1786821802.1,fde1748c-7c0f-4df8-8acd-120df29a9305,Atlantic Ave @ Eastern Pkwy,car,109,85,9265,1.282,7,5.8,10.8,True
2026-08-15T19:24,1786821804.1,fde1748c-7c0f-4df8-8acd-120df29a9305,Atlantic Ave @ Eastern Pkwy,car,48,51,2448,0.941,6,332.4,5.19,True
2026-08-15T19:24,1786821812.1,fde1748c-7c0f-4df8-8acd-120df29a9305,Atlantic Ave @ Eastern Pkwy,car,189,132,24948,1.432,2,166.0,22.68,False
2026-08-15T19:24,1786821812.1,fde1748c-7c0f-4df8-8acd-120df29a9305,Atlantic Ave @ Eastern Pkwy,car,77,100,7700,0.77,2,158.6,24.7,False
2026-08-15T19:24,1786821812.1,fde1748c-7c0f-4df8-8acd-120df29a9305,Atlantic Ave @ Eastern Pkwy,car,50,59,2950,0.847,2,247.1,14.12,False
2026-08-15T19:24,1786821814.1,fde1748c-7c0f-4df8-8acd-120df29a9305,Atlantic Ave @ Eastern Pkwy,car,58,53,3074,1.094,1,0.0,0.0,False
2026-08-15T19:24,1786821802.1,fde1748c-7c0f-4df8-8acd-120df29a9305,Atlantic Ave @ Eastern Pkwy,car,80,50,4000,1.6,5,32.1,8.71,True
2026-08-15T19:24,1786821806.1,fde1748c-7c0f-4df8-8acd-120df29a9305,Atlantic Ave @ Eastern Pkwy,car,86,68,5848,1.265,6,171.9,7.07,True
2026-08-15T19:24,1786821812.1,fde1748c-7c0f-4df8-8acd-120df29a9305,Atlantic Ave @ Eastern Pkwy,car,129,106,13674,1.217,3,137.7,30.09,True
2026-08-15T19:24,1786821812.1,fde1748c-7c0f-4df8-8acd-120df29a9305,Atlantic Ave @ Eastern Pkwy,car,49,52,2548,0.942,3,312.9,4.78,False
2026-08-15T19:24,1786821812.1,fde1748c-7c0f-4df8-8acd-120df29a9305,Atlantic Ave @ Eastern Pkwy,car,70,43,3010,1.628,3,357.4,5.51,False
2026-08-15T19:24,1786821816.1,fde1748c-7c0f-4df8-8acd-120df29a9305,Atlantic Ave @ Eastern Pkwy,truck,97,60,5820,1.617,1,0.0,0.0,False
2026-08-15T19:24,1786821816.1,fde1748c-7c0f-4df8-8acd-120df29a9305,Atlantic Ave @ Eastern Pkwy,truck,129,106,13674,1.217,1,0.0,0.0,False
2026-08-15T19:24,1786821802.1,fde1748c-7c0f-4df8-8acd-120df29a9305,Atlantic Ave @ Eastern Pkwy,car,44,43,1892,1.023,9,14.0,0.26,False
2026-08-15T19:24,1786821802.1,fde1748c-7c0f-4df8-8acd-120df29a9305,Atlantic Ave @ Eastern Pkwy,car,32,37,1184,0.865,8,66.8,0.54,False
2026-08-15T19:24,1786821804.1,fde1748c-7c0f-4df8-8acd-120df29a9305,Atlantic Ave @ Eastern Pkwy,car,138,95,13110,1.453,7,340.9,16.31,True
2026-08-15T19:24,1786821810.1,fde1748c-7c0f-4df8-8acd-120df29a9305,Atlantic Ave @ Eastern Pkwy,car,59,45,2655,1.311,4,39.9,9.35,True
2026-08-15T19:24,1786821810.1,fde1748c-7c0f-4df8-8acd-120df29a9305,Atlantic Ave @ Eastern Pkwy,truck,87,79,6873,1.101,7,207.3,2.72,False
2026-08-15T19:24,1786821812.1,fde1748c-7c0f-4df8-8acd-120df29a9305,Atlantic Ave @ Eastern Pkwy,car,65,52,3380,1.25,5,138.0,11.95,True
2026-08-15T19:24,1786821812.1,fde1748c-7c0f-4df8-8acd-120df29a9305,Atlantic Ave @ Eastern Pkwy,car,36,37,1332,0.973,5,282.5,1.15,False
2026-08-15T19:24,1786821812.1,fde1748c-7c0f-4df8-8acd-120df29a9305,Atlantic Ave @ Eastern Pkwy,car,12,47,564,0.255,5,45.0,0.18,False
2026-08-15T19:24,1786821814.1,fde1748c-7c0f-4df8-8acd-120df29a9305,Atlantic Ave @ Eastern Pkwy,car,38,30,1140,1.267,4,78.7,0.85,False
2026-08-15T19:24,1786821814.1,fde1748c-7c0f-4df8-8acd-120df29a9305,Atlantic Ave @ Eastern Pkwy,truck,117,88,10296,1.33,3,342.0,20.24,False
2026-08-15T19:24,1786821814.1,fde1748c-7c0f-4df8-8acd-120df29a9305,Atlantic Ave @ Eastern Pkwy,car,22,25,550,0.88,2,129.8,7.81,False
2026-08-15T19:24,1786821814.1,fde1748c-7c0f-4df8-8acd-120df29a9305,Atlantic Ave @ Eastern Pkwy,car,49,55,2695,0.891,2,87.7,25.02,True
2026-08-15T19:24,1786821814.1,fde1748c-7c0f-4df8-8acd-120df29a9305,Atlantic Ave @ Eastern Pkwy,car,122,101,12322,1.208,5,150.3,19.71,True
2026-08-15T19:24,1786821814.1,fde1748c-7c0f-4df8-8acd-120df29a9305,Atlantic Ave @ Eastern Pkwy,car,28,28,784,1.0,4,45.0,0.24,False
2026-08-15T19:24,1786821814.1,fde1748c-7c0f-4df8-8acd-120df29a9305,Atlantic Ave @ Eastern Pkwy,car,24,23,552,1.043,2,276.3,4.53,False
2026-08-15T19:24,1786821818.1,fde1748c-7c0f-4df8-8acd-120df29a9305,Atlantic Ave @ Eastern Pkwy,car,70,61,4270,1.148,1,0.0,0.0,False
2026-08-15T19:24,1786821818.1,fde1748c-7c0f-4df8-8acd-120df29a9305,Atlantic Ave @ Eastern Pkwy,car,43,45,1935,0.956,2,124.2,16.92,False
2026-08-15T19:24,1786821818.1,fde1748c-7c0f-4df8-8acd-120df29a9305,Atlantic Ave @ Eastern Pkwy,car,101,25,2525,4.04,1,0.0,0.0,False
2026-08-15T19:24,1786821818.1,fde1748c-7c0f-4df8-8acd-120df29a9305,Atlantic Ave @ Eastern Pkwy,car,29,42,1218,0.69,2,116.6,1.12,False
2026-08-15T19:24,1786821818.1,fde1748c-7c0f-4df8-8acd-120df29a9305,Atlantic Ave @ Eastern Pkwy,car,36,23,828,1.565,1,0.0,0.0,False
2026-08-15T19:24,1786821820.1,fde1748c-7c0f-4df8-8acd-120df29a9305,Atlantic Ave @ Eastern Pkwy,bus,133,122,16226,1.09,2,251.6,1.58,False
2026-08-15T19:24,1786821820.1,fde1748c-7c0f-4df8-8acd-120df29a9305,Atlantic Ave @ Eastern Pkwy,car,43,47,2021,0.915,2,270.0,1.0,False
2026-08-15T19:24,1786821820.1,fde1748c-7c0f-4df8-8acd-120df29a9305,Atlantic Ave @ Eastern Pkwy,car,73,54,3942,1.352,1,0.0,0.0,False
2026-08-15T19:24,1786821820.1,fde1748c-7c0f-4df8-8acd-120df29a9305,Atlantic Ave @ Eastern Pkwy,car,28,23,644,1.217,2,328.2,12.35,True
2026-08-15T19:24,1786821820.1,fde1748c-7c0f-4df8-8acd-120df29a9305,Atlantic Ave @ Eastern Pkwy,truck,60,52,3120,1.154,1,0.0,0.0,False
2026-08-15T19:24,1786821822.1,fde1748c-7c0f-4df8-8acd-120df29a9305,Atlantic Ave @ Eastern Pkwy,car,30,28,840,1.071,1,0.0,0.0,False
2026-08-15T19:24,1786821802.1,6851bbf7-e079-4379-b021-e5c7dafcb8c9,8 Ave @ 9 St,car,127,141,17907,0.901,1,0.0,0.0,False
2026-08-15T19:24,1786821802.1,6851bbf7-e079-4379-b021-e5c7dafcb8c9,8 Ave @ 9 St,car,59,52,3068,1.135,2,157.6,9.19,False
2026-08-15T19:24,1786821802.1,6851bbf7-e079-4379-b021-e5c7dafcb8c9,8 Ave @ 9 St,truck,239,222,53058,1.077,2,328.9,96.9,True
2026-08-15T19:24,1786821802.1,6851bbf7-e079-4379-b021-e5c7dafcb8c9,8 Ave @ 9 St,truck,122,141,17202,0.865,2,341.0,32.26,False
2026-08-15T19:24,1786821804.1,6851bbf7-e079-4379-b021-e5c7dafcb8c9,8 Ave @ 9 St,car,45,40,1800,1.125,1,0.0,0.0,False
2026-08-15T19:24,1786821810.1,6851bbf7-e079-4379-b021-e5c7dafcb8c9,8 Ave @ 9 St,car,100,78,7800,1.282,1,0.0,0.0,False
2026-08-15T19:24,1786821810.1,6851bbf7-e079-4379-b021-e5c7dafcb8c9,8 Ave @ 9 St,car,35,33,1155,1.061,1,0.0,0.0,False
2026-08-15T19:24,1786821802.1,6851bbf7-e079-4379-b021-e5c7dafcb8c9,8 Ave @ 9 St,car,45,36,1620,1.25,4,116.6,0.37,False
2026-08-15T19:24,1786821802.1,6851bbf7-e079-4379-b021-e5c7dafcb8c9,8 Ave @ 9 St,truck,118,77,9086,1.532,10,90.0,0.22,False
2026-08-15T19:24,1786821802.1,6851bbf7-e079-4379-b021-e5c7dafcb8c9,8 Ave @ 9 St,car,89,67,5963,1.328,9,116.6,0.14,False
2026-08-15T19:24,1786821802.1,6851bbf7-e079-4379-b021-e5c7dafcb8c9,8 Ave @ 9 St,car,54,46,2484,1.174,8,90.0,0.07,False
2026-08-15T19:24,1786821818.1,6851bbf7-e079-4379-b021-e5c7dafcb8c9,8 Ave @ 9 St,truck,93,79,7347,1.177,1,0.0,0.0,False
2026-08-15T19:24,1786821820.1,6851bbf7-e079-4379-b021-e5c7dafcb8c9,8 Ave @ 9 St,car,35,31,1085,1.129,1,0.0,0.0,False
2026-08-15T19:24,1786821820.1,6851bbf7-e079-4379-b021-e5c7dafcb8c9,8 Ave @ 9 St,truck,44,41,1804,1.073,1,0.0,0.0,False
2026-08-15T19:24,1786821802.1,74707723-013b-4bf1-9a8b-c209dbf71984,Bushwick Ave @ Gates Ave,car,137,123,16851,1.114,1,0.0,0.0,False
2026-08-15T19:24,1786821802.1,74707723-013b-4bf1-9a8b-c209dbf71984,Bushwick Ave @ Gates Ave,car,43,37,1591,1.162,1,0.0,0.0,False
2026-08-15T19:24,1786821804.1,74707723-013b-4bf1-9a8b-c209dbf71984,Bushwick Ave @ Gates Ave,car,23,26,598,0.885,1,0.0,0.0,False
2026-08-15T19:24,1786821802.1,74707723-013b-4bf1-9a8b-c209dbf71984,Bushwick Ave @ Gates Ave,car,95,149,14155,0.638,2,74.1,54.6,False
2026-08-15T19:24,1786821804.1,74707723-013b-4bf1-9a8b-c209dbf71984,Bushwick Ave @ Gates Ave,car,58,68,3944,0.853,2,288.4,6.32,False
2026-08-15T19:24,1786821806.1,74707723-013b-4bf1-9a8b-c209dbf71984,Bushwick Ave @ Gates Ave,car,209,127,26543,1.646,2,141.8,8.9,False
2026-08-15T19:24,1786821808.1,74707723-013b-4bf1-9a8b-c209dbf71984,Bushwick Ave @ Gates Ave,car,35,36,1260,0.972,1,0.0,0.0,False
2026-08-15T19:24,1786821808.1,74707723-013b-4bf1-9a8b-c209dbf71984,Bushwick Ave @ Gates Ave,truck,57,43,2451,1.326,1,0.0,0.0,False
2026-08-15T19:24,1786821808.1,74707723-013b-4bf1-9a8b-c209dbf71984,Bushwick Ave @ Gates Ave,car,58,42,2436,1.381,1,0.0,0.0,False
2026-08-15T19:24,1786821810.1,74707723-013b-4bf1-9a8b-c209dbf71984,Bushwick Ave @ Gates Ave,truck,41,46,1886,0.891,1,0.0,0.0,False
2026-08-15T19:24,1786821816.1,74707723-013b-4bf1-9a8b-c209dbf71984,Bushwick Ave @ Gates Ave,car,55,43,2365,1.279,1,0.0,0.0,False
2026-08-15T19:24,1786821802.1,74707723-013b-4bf1-9a8b-c209dbf71984,Bushwick Ave @ Gates Ave,car,61,99,6039,0.616,11,90.0,0.1,False
2026-08-15T19:24,1786821820.1,74707723-013b-4bf1-9a8b-c209dbf71984,Bushwick Ave @ Gates Ave,car,63,79,4977,0.797,1,0.0,0.0,False
2026-08-15T19:24,1786821822.1,74707723-013b-4bf1-9a8b-c209dbf71984,Bushwick Ave @ Gates Ave,car,186,128,23808,1.453,1,0.0,0.0,False
2026-08-15T19:24,1786821802.1,a8805cdb-e305-42d0-b011-cb825380cf8e,Bushwick Ave @ Cooper St,car,123,28,3444,4.393,1,0.0,0.0,False
2026-08-15T19:24,1786821802.1,a8805cdb-e305-42d0-b011-cb825380cf8e,Bushwick Ave @ Cooper St,car,124,145,17980,0.855,2,288.4,1.58,False
2026-08-15T19:24,1786821806.1,a8805cdb-e305-42d0-b011-cb825380cf8e,Bushwick Ave @ Cooper St,truck,99,110,10890,0.9,1,0.0,0.0,False
2026-08-15T19:24,1786821804.1,a8805cdb-e305-42d0-b011-cb825380cf8e,Bushwick Ave @ Cooper St,car,27,16,432,1.688,3,333.4,1.12,False
2026-08-15T19:24,1786821802.1,a8805cdb-e305-42d0-b011-cb825380cf8e,Bushwick Ave @ Cooper St,car,114,121,13794,0.942,7,126.7,4.47,False
2026-08-15T19:24,1786821814.1,a8805cdb-e305-42d0-b011-cb825380cf8e,Bushwick Ave @ Cooper St,truck,79,93,7347,0.849,1,0.0,0.0,False
2026-08-15T19:24,1786821804.1,a8805cdb-e305-42d0-b011-cb825380cf8e,Bushwick Ave @ Cooper St,car,123,147,18081,0.837,7,121.5,8.3,False
2026-08-15T19:24,1786821814.1,a8805cdb-e305-42d0-b011-cb825380cf8e,Bushwick Ave @ Cooper St,truck,127,133,16891,0.955,2,125.8,22.2,False
2026-08-15T19:24,1786821802.1,a8805cdb-e305-42d0-b011-cb825380cf8e,Bushwick Ave @ Cooper St,car,86,91,7826,0.945,10,270.0,0.11,False
2026-08-15T19:24,1786821802.1,a8805cdb-e305-42d0-b011-cb825380cf8e,Bushwick Ave @ Cooper St,car,81,95,7695,0.853,7,71.6,0.79,False
2026-08-15T19:24,1786821804.1,a8805cdb-e305-42d0-b011-cb825380cf8e,Bushwick Ave @ Cooper St,truck,57,51,2907,1.118,9,180.0,0.06,False
2026-08-15T19:24,1786821818.1,a8805cdb-e305-42d0-b011-cb825380cf8e,Bushwick Ave @ Cooper St,truck,17,99,1683,0.172,3,270.0,0.5,False
2026-08-15T19:24,1786821818.1,a8805cdb-e305-42d0-b011-cb825380cf8e,Bushwick Ave @ Cooper St,truck,62,72,4464,0.861,2,275.5,15.57,False
2026-08-15T19:24,1786821818.1,a8805cdb-e305-42d0-b011-cb825380cf8e,Bushwick Ave @ Cooper St,car,32,33,1056,0.97,1,0.0,0.0,False
2026-08-15T19:24,1786821820.1,a8805cdb-e305-42d0-b011-cb825380cf8e,Bushwick Ave @ Cooper St,car,47,54,2538,0.87,1,0.0,0.0,False
2026-08-15T19:24,1786821820.1,a8805cdb-e305-42d0-b011-cb825380cf8e,Bushwick Ave @ Cooper St,car,104,131,13624,0.794,1,0.0,0.0,False
2026-08-15T19:24,1786821820.1,a8805cdb-e305-42d0-b011-cb825380cf8e,Bushwick Ave @ Cooper St,truck,105,142,14910,0.739,2,131.1,25.87,False
2026-08-15T19:24,1786821820.1,a8805cdb-e305-42d0-b011-cb825380cf8e,Bushwick Ave @ Cooper St,bus,53,76,4028,0.697,1,0.0,0.0,False
2026-08-15T19:24,1786821820.1,a8805cdb-e305-42d0-b011-cb825380cf8e,Bushwick Ave @ Cooper St,car,81,95,7695,0.853,2,180.0,0.5,False
2026-08-15T19:24,1786821820.1,a8805cdb-e305-42d0-b011-cb825380cf8e,Bushwick Ave @ Cooper St,truck,85,89,7565,0.955,2,180.0,1.0,False
2026-08-15T19:24,1786821820.1,a8805cdb-e305-42d0-b011-cb825380cf8e,Bushwick Ave @ Cooper St,car,26,24,624,1.083,1,0.0,0.0,False
2026-08-15T19:24,1786821822.1,a8805cdb-e305-42d0-b011-cb825380cf8e,Bushwick Ave @ Cooper St,car,106,116,12296,0.914,1,0.0,0.0,False
2026-08-15T19:24,1786821822.1,a8805cdb-e305-42d0-b011-cb825380cf8e,Bushwick Ave @ Cooper St,truck,107,117,12519,0.915,1,0.0,0.0,False
2026-08-15T19:24,1786821822.1,a8805cdb-e305-42d0-b011-cb825380cf8e,Bushwick Ave @ Cooper St,car,126,29,3654,4.345,1,0.0,0.0,False
2026-08-15T19:24,1786821804.1,068461e2-c62f-4ce4-adac-5f9efe92af1d,Bushwick Ave @ De Kalb Ave,truck,39,53,2067,0.736,2,180.0,0.5,False
2026-08-15T19:24,1786821808.1,068461e2-c62f-4ce4-adac-5f9efe92af1d,Bushwick Ave @ De Kalb Ave,car,71,59,4189,1.203,1,0.0,0.0,False
2026-08-15T19:24,1786821808.1,068461e2-c62f-4ce4-adac-5f9efe92af1d,Bushwick Ave @ De Kalb Ave,truck,57,60,3420,0.95,1,0.0,0.0,False
2026-08-15T19:24,1786821810.1,068461e2-c62f-4ce4-adac-5f9efe92af1d,Bushwick Ave @ De Kalb Ave,truck,64,58,3712,1.103,1,0.0,0.0,False
2026-08-15T19:24,1786821804.1,068461e2-c62f-4ce4-adac-5f9efe92af1d,Bushwick Ave @ De Kalb Ave,truck,77,82,6314,0.939,7,57.5,4.35,False
2026-08-15T19:24,1786821816.1,068461e2-c62f-4ce4-adac-5f9efe92af1d,Bushwick Ave @ De Kalb Ave,car,78,81,6318,0.963,1,0.0,0.0,False
2026-08-15T19:24,1786821806.1,068461e2-c62f-4ce4-adac-5f9efe92af1d,Bushwick Ave @ De Kalb Ave,truck,40,54,2160,0.741,6,48.4,1.2,False
2026-08-15T19:24,1786821808.1,068461e2-c62f-4ce4-adac-5f9efe92af1d,Bushwick Ave @ De Kalb Ave,car,27,27,729,1.0,6,270.0,0.1,False
2026-08-15T19:24,1786821812.1,068461e2-c62f-4ce4-adac-5f9efe92af1d,Bushwick Ave @ De Kalb Ave,car,37,52,1924,0.712,3,296.6,3.35,False
2026-08-15T19:24,1786821818.1,068461e2-c62f-4ce4-adac-5f9efe92af1d,Bushwick Ave @ De Kalb Ave,car,59,65,3835,0.908,2,40.6,9.22,False
2026-08-15T19:24,1786821818.1,068461e2-c62f-4ce4-adac-5f9efe92af1d,Bushwick Ave @ De Kalb Ave,car,27,32,864,0.844,1,0.0,0.0,False
2026-08-15T19:24,1786821820.1,068461e2-c62f-4ce4-adac-5f9efe92af1d,Bushwick Ave @ De Kalb Ave,car,108,107,11556,1.009,1,0.0,0.0,False
2026-08-15T19:24,1786821820.1,068461e2-c62f-4ce4-adac-5f9efe92af1d,Bushwick Ave @ De Kalb Ave,car,59,20,1180,2.95,1,0.0,0.0,False
2026-08-15T19:24,1786821822.1,068461e2-c62f-4ce4-adac-5f9efe92af1d,Bushwick Ave @ De Kalb Ave,car,158,176,27808,0.898,1,0.0,0.0,False
2026-08-15T19:24,1786821802.1,089d8066-4e5e-4549-9496-a5f4ffb56ef5,7 Ave @ 9 St,car,170,61,10370,2.787,1,0.0,0.0,False
2026-08-15T19:24,1786821802.1,089d8066-4e5e-4549-9496-a5f4ffb56ef5,7 Ave @ 9 St,car,34,34,1156,1.0,1,0.0,0.0,False
2026-08-15T19:24,1786821802.1,089d8066-4e5e-4549-9496-a5f4ffb56ef5,7 Ave @ 9 St,car,31,28,868,1.107,2,174.3,10.05,False
2026-08-15T19:24,1786821804.1,089d8066-4e5e-4549-9496-a5f4ffb56ef5,7 Ave @ 9 St,car,49,43,2107,1.14,1,0.0,0.0,False
2026-08-15T19:24,1786821804.1,089d8066-4e5e-4549-9496-a5f4ffb56ef5,7 Ave @ 9 St,car,36,25,900,1.44,1,0.0,0.0,False
2026-08-15T19:24,1786821802.1,089d8066-4e5e-4549-9496-a5f4ffb56ef5,7 Ave @ 9 St,truck,64,97,6208,0.66,3,90.0,1.0,False
2026-08-15T19:24,1786821806.1,089d8066-4e5e-4549-9496-a5f4ffb56ef5,7 Ave @ 9 St,car,40,32,1280,1.25,1,0.0,0.0,False
2026-08-15T19:24,1786821808.1,089d8066-4e5e-4549-9496-a5f4ffb56ef5,7 Ave @ 9 St,car,34,24,816,1.417,1,0.0,0.0,False
2026-08-15T19:24,1786821808.1,089d8066-4e5e-4549-9496-a5f4ffb56ef5,7 Ave @ 9 St,truck,107,117,12519,0.915,3,90.0,0.5,False
2026-08-15T19:24,1786821806.1,089d8066-4e5e-4549-9496-a5f4ffb56ef5,7 Ave @ 9 St,car,65,65,4225,1.0,5,102.2,4.73,False
2026-08-15T19:24,1786821806.1,089d8066-4e5e-4549-9496-a5f4ffb56ef5,7 Ave @ 9 St,car,34,27,918,1.259,4,198.4,0.53,False
2026-08-15T19:24,1786821802.1,089d8066-4e5e-4549-9496-a5f4ffb56ef5,7 Ave @ 9 St,truck,65,103,6695,0.631,7,315.0,0.24,False
2026-08-15T19:24,1786821804.1,089d8066-4e5e-4549-9496-a5f4ffb56ef5,7 Ave @ 9 St,car,86,77,6622,1.117,8,113.4,2.34,False
2026-08-15T19:24,1786821806.1,089d8066-4e5e-4549-9496-a5f4ffb56ef5,7 Ave @ 9 St,car,105,118,12390,0.89,7,218.8,5.45,False
2026-08-15T19:24,1786821810.1,089d8066-4e5e-4549-9496-a5f4ffb56ef5,7 Ave @ 9 St,car,62,58,3596,1.069,4,40.6,6.15,False
2026-08-15T19:24,1786821812.1,089d8066-4e5e-4549-9496-a5f4ffb56ef5,7 Ave @ 9 St,car,62,66,4092,0.939,5,63.4,0.28,False
2026-08-15T19:24,1786821814.1,089d8066-4e5e-4549-9496-a5f4ffb56ef5,7 Ave @ 9 St,truck,66,103,6798,0.641,3,90.0,0.25,False
2026-08-15T19:24,1786821816.1,089d8066-4e5e-4549-9496-a5f4ffb56ef5,7 Ave @ 9 St,car,24,16,384,1.5,1,0.0,0.0,False
2026-08-15T19:24,1786821816.1,089d8066-4e5e-4549-9496-a5f4ffb56ef5,7 Ave @ 9 St,car,63,35,2205,1.8,1,0.0,0.0,False
2026-08-15T19:24,1786821818.1,089d8066-4e5e-4549-9496-a5f4ffb56ef5,7 Ave @ 9 St,bus,430,197,84710,2.183,1,0.0,0.0,False
2026-08-15T19:24,1786821818.1,089d8066-4e5e-4549-9496-a5f4ffb56ef5,7 Ave @ 9 St,car,53,35,1855,1.514,2,188.1,3.54,False
2026-08-15T19:24,1786821820.1,089d8066-4e5e-4549-9496-a5f4ffb56ef5,7 Ave @ 9 St,car,92,63,5796,1.46,1,0.0,0.0,False
2026-08-15T19:24,1786821820.1,089d8066-4e5e-4549-9496-a5f4ffb56ef5,7 Ave @ 9 St,car,40,38,1520,1.053,1,0.0,0.0,False
2026-08-15T19:24,1786821820.1,089d8066-4e5e-4549-9496-a5f4ffb56ef5,7 Ave @ 9 St,car,40,33,1320,1.212,1,0.0,0.0,False
2026-08-15T19:24,1786821802.1,a8f2d065-c266-4378-ac63-50b81677da84,C2-PE-02-Ctr_at_Ft_Hamltn_Pkwy-Ex5,car,277,61,16897,4.541,1,0.0,0.0,False
2026-08-15T19:24,1786821802.1,053afe02-e1b3-4bea-9995-787e72c7fff4,Atlantic Ave @ Barclays Center,car,125,71,8875,1.761,1,0.0,0.0,False
2026-08-15T19:24,1786821802.1,053afe02-e1b3-4bea-9995-787e72c7fff4,Atlantic Ave @ Barclays Center,car,172,91,15652,1.89,1,0.0,0.0,False
2026-08-15T19:24,1786821802.1,053afe02-e1b3-4bea-9995-787e72c7fff4,Atlantic Ave @ Barclays Center,car,33,21,693,1.571,1,0.0,0.0,False
2026-08-15T19:24,1786821802.1,053afe02-e1b3-4bea-9995-787e72c7fff4,Atlantic Ave @ Barclays Center,car,103,100,10300,1.03,2,279.5,3.04,False
2026-08-15T19:24,1786821802.1,053afe02-e1b3-4bea-9995-787e72c7fff4,Atlantic Ave @ Barclays Center,car,103,47,4841,2.191,2,38.5,21.71,False
2026-08-15T19:24,1786821804.1,053afe02-e1b3-4bea-9995-787e72c7fff4,Atlantic Ave @ Barclays Center,car,34,22,748,1.545,1,0.0,0.0,False
2026-08-15T19:24,1786821804.1,053afe02-e1b3-4bea-9995-787e72c7fff4,Atlantic Ave @ Barclays Center,car,26,16,416,1.625,1,0.0,0.0,False
2026-08-15T19:24,1786821804.1,053afe02-e1b3-4bea-9995-787e72c7fff4,Atlantic Ave @ Barclays Center,car,35,15,525,2.333,1,0.0,0.0,False
2026-08-15T19:24,1786821804.1,053afe02-e1b3-4bea-9995-787e72c7fff4,Atlantic Ave @ Barclays Center,car,32,34,1088,0.941,1,0.0,0.0,False
2026-08-15T19:24,1786821804.1,053afe02-e1b3-4bea-9995-787e72c7fff4,Atlantic Ave @ Barclays Center,car,42,38,1596,1.105,1,0.0,0.0,False
2026-08-15T19:24,1786821804.1,053afe02-e1b3-4bea-9995-787e72c7fff4,Atlantic Ave @ Barclays Center,car,36,22,792,1.636,1,0.0,0.0,False
2026-08-15T19:24,1786821806.1,053afe02-e1b3-4bea-9995-787e72c7fff4,Atlantic Ave @ Barclays Center,car,85,60,5100,1.417,1,0.0,0.0,False
2026-08-15T19:24,1786821806.1,053afe02-e1b3-4bea-9995-787e72c7fff4,Atlantic Ave @ Barclays Center,car,45,24,1080,1.875,1,0.0,0.0,False
2026-08-15T19:24,1786821806.1,053afe02-e1b3-4bea-9995-787e72c7fff4,Atlantic Ave @ Barclays Center,car,87,32,2784,2.719,1,0.0,0.0,False
2026-08-15T19:24,1786821802.1,053afe02-e1b3-4bea-9995-787e72c7fff4,Atlantic Ave @ Barclays Center,car,48,41,1968,1.171,4,159.4,14.24,True
2026-08-15T19:24,1786821804.1,053afe02-e1b3-4bea-9995-787e72c7fff4,Atlantic Ave @ Barclays Center,car,80,61,4880,1.311,2,347.6,41.98,True
2026-08-15T19:24,1786821810.1,053afe02-e1b3-4bea-9995-787e72c7fff4,Atlantic Ave @ Barclays Center,truck,59,48,2832,1.229,1,0.0,0.0,False
2026-08-15T19:24,1786821810.1,053afe02-e1b3-4bea-9995-787e72c7fff4,Atlantic Ave @ Barclays Center,car,46,31,1426,1.484,1,0.0,0.0,False
2026-08-15T19:24,1786821806.1,053afe02-e1b3-4bea-9995-787e72c7fff4,Atlantic Ave @ Barclays Center,car,29,16,464,1.812,3,156.4,4.37,False
2026-08-15T19:24,1786821812.1,053afe02-e1b3-4bea-9995-787e72c7fff4,Atlantic Ave @ Barclays Center,car,39,28,1092,1.393,1,0.0,0.0,False
2026-08-15T19:24,1786821812.1,053afe02-e1b3-4bea-9995-787e72c7fff4,Atlantic Ave @ Barclays Center,car,63,37,2331,1.703,1,0.0,0.0,False
2026-08-15T19:24,1786821812.1,053afe02-e1b3-4bea-9995-787e72c7fff4,Atlantic Ave @ Barclays Center,car,113,100,11300,1.13,1,0.0,0.0,False
2026-08-15T19:24,1786821812.1,053afe02-e1b3-4bea-9995-787e72c7fff4,Atlantic Ave @ Barclays Center,car,31,22,682,1.409,1,0.0,0.0,False
2026-08-15T19:24,1786821812.1,053afe02-e1b3-4bea-9995-787e72c7fff4,Atlantic Ave @ Barclays Center,car,117,29,3393,4.034,1,0.0,0.0,False
2026-08-15T19:24,1786821808.1,053afe02-e1b3-4bea-9995-787e72c7fff4,Atlantic Ave @ Barclays Center,car,50,21,1050,2.381,3,240.6,9.18,False
2026-08-15T19:24,1786821814.1,053afe02-e1b3-4bea-9995-787e72c7fff4,Atlantic Ave @ Barclays Center,car,111,123,13653,0.902,1,0.0,0.0,False
2026-08-15T19:24,1786821812.1,053afe02-e1b3-4bea-9995-787e72c7fff4,Atlantic Ave @ Barclays Center,car,127,103,13081,1.233,3,24.1,15.89,False
2026-08-15T19:24,1786821814.1,053afe02-e1b3-4bea-9995-787e72c7fff4,Atlantic Ave @ Barclays Center,car,28,16,448,1.75,2,270.0,2.5,False
2026-08-15T19:24,1786821816.1,053afe02-e1b3-4bea-9995-787e72c7fff4,Atlantic Ave @ Barclays Center,car,72,30,2160,2.4,1,0.0,0.0,False
2026-08-15T19:24,1786821816.1,053afe02-e1b3-4bea-9995-787e72c7fff4,Atlantic Ave @ Barclays Center,car,38,23,874,1.652,1,0.0,0.0,False
2026-08-15T19:24,1786821802.1,053afe02-e1b3-4bea-9995-787e72c7fff4,Atlantic Ave @ Barclays Center,car,135,90,12150,1.5,11,180.0,0.15,False
2026-08-15T19:24,1786821802.1,053afe02-e1b3-4bea-9995-787e72c7fff4,Atlantic Ave @ Barclays Center,car,98,80,7840,1.225,11,0.0,0.35,False
2026-08-15T19:24,1786821802.1,053afe02-e1b3-4bea-9995-787e72c7fff4,Atlantic Ave @ Barclays Center,car,50,45,2250,1.111,10,135.0,0.24,False
2026-08-15T19:24,1786821804.1,053afe02-e1b3-4bea-9995-787e72c7fff4,Atlantic Ave @ Barclays Center,car,83,68,5644,1.221,10,56.3,0.2,False
2026-08-15T19:24,1786821804.1,053afe02-e1b3-4bea-9995-787e72c7fff4,Atlantic Ave @ Barclays Center,car,107,105,11235,1.019,9,42.9,1.19,False
2026-08-15T19:24,1786821808.1,053afe02-e1b3-4bea-9995-787e72c7fff4,Atlantic Ave @ Barclays Center,car,47,28,1316,1.679,4,207.9,12.45,True
2026-08-15T19:24,1786821810.1,053afe02-e1b3-4bea-9995-787e72c7fff4,Atlantic Ave @ Barclays Center,car,218,101,22018,2.158,5,222.5,20.17,False
2026-08-15T19:24,1786821814.1,053afe02-e1b3-4bea-9995-787e72c7fff4,Atlantic Ave @ Barclays Center,car,106,70,7420,1.514,4,37.2,10.47,False
2026-08-15T19:24,1786821814.1,053afe02-e1b3-4bea-9995-787e72c7fff4,Atlantic Ave @ Barclays Center,car,48,37,1776,1.297,5,59.7,3.47,False
2026-08-15T19:24,1786821816.1,053afe02-e1b3-4bea-9995-787e72c7fff4,Atlantic Ave @ Barclays Center,car,86,52,4472,1.654,3,208.9,27.41,True
2026-08-15T19:24,1786821816.1,053afe02-e1b3-4bea-9995-787e72c7fff4,Atlantic Ave @ Barclays Center,car,51,38,1938,1.342,3,190.0,4.32,False
2026-08-15T19:24,1786821818.1,053afe02-e1b3-4bea-9995-787e72c7fff4,Atlantic Ave @ Barclays Center,car,18,22,396,0.818,1,0.0,0.0,False
2026-08-15T19:24,1786821818.1,053afe02-e1b3-4bea-9995-787e72c7fff4,Atlantic Ave @ Barclays Center,car,34,18,612,1.889,1,0.0,0.0,False
2026-08-15T19:24,1786821818.1,053afe02-e1b3-4bea-9995-787e72c7fff4,Atlantic Ave @ Barclays Center,car,31,19,589,1.632,1,0.0,0.0,False
2026-08-15T19:24,1786821818.1,053afe02-e1b3-4bea-9995-787e72c7fff4,Atlantic Ave @ Barclays Center,car,69,35,2415,1.971,1,0.0,0.0,False
2026-08-15T19:24,1786821820.1,053afe02-e1b3-4bea-9995-787e72c7fff4,Atlantic Ave @ Barclays Center,car,47,20,940,2.35,1,0.0,0.0,False
2026-08-15T19:24,1786821820.1,053afe02-e1b3-4bea-9995-787e72c7fff4,Atlantic Ave @ Barclays Center,car,32,17,544,1.882,1,0.0,0.0,False
2026-08-15T19:24,1786821820.1,053afe02-e1b3-4bea-9995-787e72c7fff4,Atlantic Ave @ Barclays Center,car,156,116,18096,1.345,1,0.0,0.0,False
2026-08-15T19:24,1786821820.1,053afe02-e1b3-4bea-9995-787e72c7fff4,Atlantic Ave @ Barclays Center,car,74,50,3700,1.48,2,36.0,6.8,False
2026-08-15T19:24,1786821820.1,053afe02-e1b3-4bea-9995-787e72c7fff4,Atlantic Ave @ Barclays Center,car,31,48,1488,0.646,2,270.0,3.0,False
2026-08-15T19:24,1786821822.1,053afe02-e1b3-4bea-9995-787e72c7fff4,Atlantic Ave @ Barclays Center,car,100,40,4000,2.5,1,0.0,0.0,False
2026-08-15T19:24,1786821822.1,053afe02-e1b3-4bea-9995-787e72c7fff4,Atlantic Ave @ Barclays Center,car,116,35,4060,3.314,1,0.0,0.0,False
2026-08-15T19:24,1786821822.1,053afe02-e1b3-4bea-9995-787e72c7fff4,Atlantic Ave @ Barclays Center,car,34,21,714,1.619,1,0.0,0.0,False
2026-08-15T19:24,1786821822.1,053afe02-e1b3-4bea-9995-787e72c7fff4,Atlantic Ave @ Barclays Center,truck,119,91,10829,1.308,1,0.0,0.0,False
2026-08-15T19:24,1786821802.1,fa287d30-44a9-48ef-90d6-5ab0a54eab15,Flatbush Ave and Atlantic Ave,truck,72,68,4896,1.059,1,0.0,0.0,False
2026-08-15T19:24,1786821804.1,fa287d30-44a9-48ef-90d6-5ab0a54eab15,Flatbush Ave and Atlantic Ave,car,34,32,1088,1.062,1,0.0,0.0,False
2026-08-15T19:24,1786821802.1,fa287d30-44a9-48ef-90d6-5ab0a54eab15,Flatbush Ave and Atlantic Ave,car,74,70,5180,1.057,2,284.0,10.31,False
2026-08-15T19:24,1786821810.1,fa287d30-44a9-48ef-90d6-5ab0a54eab15,Flatbush Ave and Atlantic Ave,car,19,17,323,1.118,2,0.0,0.0,False
2026-08-15T19:24,1786821802.1,fa287d30-44a9-48ef-90d6-5ab0a54eab15,Flatbush Ave and Atlantic Ave,truck,105,106,11130,0.991,7,125.0,1.02,False
2026-08-15T19:24,1786821808.1,fa287d30-44a9-48ef-90d6-5ab0a54eab15,Flatbush Ave and Atlantic Ave,truck,55,42,2310,1.31,3,90.0,0.25,False
2026-08-15T19:24,1786821814.1,fa287d30-44a9-48ef-90d6-5ab0a54eab15,Flatbush Ave and Atlantic Ave,truck,102,100,10200,1.02,1,0.0,0.0,False
2026-08-15T19:24,1786821816.1,fa287d30-44a9-48ef-90d6-5ab0a54eab15,Flatbush Ave and Atlantic Ave,car,104,50,5200,2.08,1,0.0,0.0,False
2026-08-15T19:24,1786821808.1,fa287d30-44a9-48ef-90d6-5ab0a54eab15,Flatbush Ave and Atlantic Ave,car,65,56,3640,1.161,6,227.4,6.79,True
2026-08-15T19:24,1786821814.1,fa287d30-44a9-48ef-90d6-5ab0a54eab15,Flatbush Ave and Atlantic Ave,car,125,82,10250,1.524,4,246.6,7.99,False
2026-08-15T19:24,1786821814.1,fa287d30-44a9-48ef-90d6-5ab0a54eab15,Flatbush Ave and Atlantic Ave,truck,92,129,11868,0.713,4,294.2,7.31,False
2026-08-15T19:24,1786821816.1,fa287d30-44a9-48ef-90d6-5ab0a54eab15,Flatbush Ave and Atlantic Ave,car,82,69,5658,1.188,3,213.7,2.7,False
2026-08-15T19:24,1786821820.1,fa287d30-44a9-48ef-90d6-5ab0a54eab15,Flatbush Ave and Atlantic Ave,bus,311,168,52248,1.851,1,0.0,0.0,False
2026-08-15T19:24,1786821822.1,fa287d30-44a9-48ef-90d6-5ab0a54eab15,Flatbush Ave and Atlantic Ave,car,34,36,1224,0.944,1,0.0,0.0,False
2026-08-15T19:24,1786821822.1,fa287d30-44a9-48ef-90d6-5ab0a54eab15,Flatbush Ave and Atlantic Ave,car,18,16,288,1.125,1,0.0,0.0,False
2026-08-15T19:24,1786821822.1,fa287d30-44a9-48ef-90d6-5ab0a54eab15,Flatbush Ave and Atlantic Ave,car,28,13,364,2.154,1,0.0,0.0,False
2026-08-15T19:24,1786821802.1,5f4bef40-ddee-41fa-a623-6388d561f416,C2-PE-01-Cntr_at_Caton_Ave-Ex6,car,103,66,6798,1.561,1,0.0,0.0,False
2026-08-15T19:24,1786821802.1,5f4bef40-ddee-41fa-a623-6388d561f416,C2-PE-01-Cntr_at_Caton_Ave-Ex6,car,107,76,8132,1.408,2,221.5,40.73,False
2026-08-15T19:24,1786821804.1,5f4bef40-ddee-41fa-a623-6388d561f416,C2-PE-01-Cntr_at_Caton_Ave-Ex6,car,308,276,85008,1.116,1,0.0,0.0,False
2026-08-15T19:24,1786821806.1,5f4bef40-ddee-41fa-a623-6388d561f416,C2-PE-01-Cntr_at_Caton_Ave-Ex6,car,511,372,190092,1.374,1,0.0,0.0,False
2026-08-15T19:24,1786821806.1,5f4bef40-ddee-41fa-a623-6388d561f416,C2-PE-01-Cntr_at_Caton_Ave-Ex6,car,142,124,17608,1.145,1,0.0,0.0,False
2026-08-15T19:24,1786821810.1,5f4bef40-ddee-41fa-a623-6388d561f416,C2-PE-01-Cntr_at_Caton_Ave-Ex6,car,151,127,19177,1.189,1,0.0,0.0,False
2026-08-15T19:24,1786821812.1,5f4bef40-ddee-41fa-a623-6388d561f416,C2-PE-01-Cntr_at_Caton_Ave-Ex6,car,175,183,32025,0.956,1,0.0,0.0,False
2026-08-15T19:24,1786821812.1,5f4bef40-ddee-41fa-a623-6388d561f416,C2-PE-01-Cntr_at_Caton_Ave-Ex6,car,325,248,80600,1.31,1,0.0,0.0,False
2026-08-15T19:24,1786821812.1,5f4bef40-ddee-41fa-a623-6388d561f416,C2-PE-01-Cntr_at_Caton_Ave-Ex6,truck,324,247,80028,1.312,1,0.0,0.0,False
2026-08-15T19:24,1786821812.1,5f4bef40-ddee-41fa-a623-6388d561f416,C2-PE-01-Cntr_at_Caton_Ave-Ex6,car,87,80,6960,1.087,1,0.0,0.0,False
2026-08-15T19:24,1786821814.1,5f4bef40-ddee-41fa-a623-6388d561f416,C2-PE-01-Cntr_at_Caton_Ave-Ex6,car,238,204,48552,1.167,1,0.0,0.0,False
2026-08-15T19:24,1786821814.1,5f4bef40-ddee-41fa-a623-6388d561f416,C2-PE-01-Cntr_at_Caton_Ave-Ex6,car,125,146,18250,0.856,2,37.0,68.9,True
2026-08-15T19:24,1786821814.1,5f4bef40-ddee-41fa-a623-6388d561f416,C2-PE-01-Cntr_at_Caton_Ave-Ex6,car,96,76,7296,1.263,2,15.4,20.74,False
2026-08-15T19:24,1786821816.1,5f4bef40-ddee-41fa-a623-6388d561f416,C2-PE-01-Cntr_at_Caton_Ave-Ex6,truck,303,240,72720,1.262,1,0.0,0.0,False
2026-08-15T19:24,1786821816.1,5f4bef40-ddee-41fa-a623-6388d561f416,C2-PE-01-Cntr_at_Caton_Ave-Ex6,car,303,240,72720,1.262,1,0.0,0.0,False
2026-08-15T19:24,1786821816.1,5f4bef40-ddee-41fa-a623-6388d561f416,C2-PE-01-Cntr_at_Caton_Ave-Ex6,car,107,80,8560,1.337,1,0.0,0.0,False
2026-08-15T19:24,1786821816.1,5f4bef40-ddee-41fa-a623-6388d561f416,C2-PE-01-Cntr_at_Caton_Ave-Ex6,truck,217,170,36890,1.276,1,0.0,0.0,False
2026-08-15T19:24,1786821816.1,5f4bef40-ddee-41fa-a623-6388d561f416,C2-PE-01-Cntr_at_Caton_Ave-Ex6,car,105,120,12600,0.875,1,0.0,0.0,False
2026-08-15T19:24,1786821816.1,5f4bef40-ddee-41fa-a623-6388d561f416,C2-PE-01-Cntr_at_Caton_Ave-Ex6,car,298,259,77182,1.151,2,248.5,98.33,False
2026-08-15T19:24,1786821816.1,5f4bef40-ddee-41fa-a623-6388d561f416,C2-PE-01-Cntr_at_Caton_Ave-Ex6,truck,299,266,79534,1.124,2,250.2,94.58,False
2026-08-15T19:24,1786821818.1,5f4bef40-ddee-41fa-a623-6388d561f416,C2-PE-01-Cntr_at_Caton_Ave-Ex6,car,394,220,86680,1.791,1,0.0,0.0,False
2026-08-15T19:24,1786821818.1,5f4bef40-ddee-41fa-a623-6388d561f416,C2-PE-01-Cntr_at_Caton_Ave-Ex6,car,618,105,64890,5.886,1,0.0,0.0,False
2026-08-15T19:24,1786821820.1,5f4bef40-ddee-41fa-a623-6388d561f416,C2-PE-01-Cntr_at_Caton_Ave-Ex6,car,543,376,204168,1.444,1,0.0,0.0,False
2026-08-15T19:24,1786821820.1,5f4bef40-ddee-41fa-a623-6388d561f416,C2-PE-01-Cntr_at_Caton_Ave-Ex6,car,192,139,26688,1.381,1,0.0,0.0,False
2026-08-15T19:24,1786821822.1,5f4bef40-ddee-41fa-a623-6388d561f416,C2-PE-01-Cntr_at_Caton_Ave-Ex6,car,169,133,22477,1.271,1,0.0,0.0,False
2026-08-15T19:24,1786821822.1,5f4bef40-ddee-41fa-a623-6388d561f416,C2-PE-01-Cntr_at_Caton_Ave-Ex6,car,232,153,35496,1.516,1,0.0,0.0,False
2026-08-15T19:24,1786821822.1,5f4bef40-ddee-41fa-a623-6388d561f416,C2-PE-01-Cntr_at_Caton_Ave-Ex6,car,101,84,8484,1.202,1,0.0,0.0,False
2026-08-15T19:24,1786821804.1,f9608ba1-608f-4dad-a8aa-9a9c1978b363,McDonald Ave @ 10th Ave / 20th St,car,47,54,2538,0.87,1,0.0,0.0,False
2026-08-15T19:24,1786821802.1,f9608ba1-608f-4dad-a8aa-9a9c1978b363,McDonald Ave @ 10th Ave / 20th St,truck,67,59,3953,1.136,2,0.0,31.0,True
2026-08-15T19:24,1786821812.1,f9608ba1-608f-4dad-a8aa-9a9c1978b363,McDonald Ave @ 10th Ave / 20th St,car,36,40,1440,0.9,1,0.0,0.0,False
2026-08-15T19:24,1786821812.1,f9608ba1-608f-4dad-a8aa-9a9c1978b363,McDonald Ave @ 10th Ave / 20th St,truck,39,41,1599,0.951,1,0.0,0.0,False
2026-08-15T19:24,1786821802.1,9955d671-39ad-4fb7-b63e-4e78cf6ac157,Flatbush Ave and 4 Ave,moto,50,58,2900,0.862,1,0.0,0.0,False
2026-08-15T19:24,1786821802.1,9955d671-39ad-4fb7-b63e-4e78cf6ac157,Flatbush Ave and 4 Ave,moto,77,56,4312,1.375,1,0.0,0.0,False
2026-08-15T19:24,1786821802.1,9955d671-39ad-4fb7-b63e-4e78cf6ac157,Flatbush Ave and 4 Ave,car,33,29,957,1.138,1,0.0,0.0,False
2026-08-15T19:24,1786821802.1,9955d671-39ad-4fb7-b63e-4e78cf6ac157,Flatbush Ave and 4 Ave,car,67,34,2278,1.971,4,210.5,3.29,False
2026-08-15T19:24,1786821802.1,9955d671-39ad-4fb7-b63e-4e78cf6ac157,Flatbush Ave and 4 Ave,car,56,38,2128,1.474,3,195.3,2.85,False
2026-08-15T19:24,1786821808.1,9955d671-39ad-4fb7-b63e-4e78cf6ac157,Flatbush Ave and 4 Ave,car,32,28,896,1.143,1,0.0,0.0,False
2026-08-15T19:24,1786821804.1,9955d671-39ad-4fb7-b63e-4e78cf6ac157,Flatbush Ave and 4 Ave,car,29,32,928,0.906,3,202.5,7.85,True
2026-08-15T19:24,1786821812.1,9955d671-39ad-4fb7-b63e-4e78cf6ac157,Flatbush Ave and 4 Ave,moto,46,44,2024,1.045,1,0.0,0.0,False
2026-08-15T19:24,1786821812.1,9955d671-39ad-4fb7-b63e-4e78cf6ac157,Flatbush Ave and 4 Ave,moto,34,43,1462,0.791,1,0.0,0.0,False
2026-08-15T19:24,1786821814.1,9955d671-39ad-4fb7-b63e-4e78cf6ac157,Flatbush Ave and 4 Ave,truck,49,92,4508,0.533,1,0.0,0.0,False
2026-08-15T19:24,1786821814.1,9955d671-39ad-4fb7-b63e-4e78cf6ac157,Flatbush Ave and 4 Ave,car,37,30,1110,1.233,1,0.0,0.0,False
2026-08-15T19:24,1786821802.1,9955d671-39ad-4fb7-b63e-4e78cf6ac157,Flatbush Ave and 4 Ave,truck,44,50,2200,0.88,7,45.0,0.35,False
2026-08-15T19:24,1786821814.1,9955d671-39ad-4fb7-b63e-4e78cf6ac157,Flatbush Ave and 4 Ave,car,51,49,2499,1.041,2,36.0,20.4,True
2026-08-15T19:24,1786821816.1,9955d671-39ad-4fb7-b63e-4e78cf6ac157,Flatbush Ave and 4 Ave,car,31,30,930,1.033,1,0.0,0.0,False
2026-08-15T19:24,1786821816.1,9955d671-39ad-4fb7-b63e-4e78cf6ac157,Flatbush Ave and 4 Ave,car,37,22,814,1.682,3,333.4,2.8,False
2026-08-15T19:24,1786821818.1,9955d671-39ad-4fb7-b63e-4e78cf6ac157,Flatbush Ave and 4 Ave,car,131,82,10742,1.598,1,0.0,0.0,False
2026-08-15T19:24,1786821818.1,9955d671-39ad-4fb7-b63e-4e78cf6ac157,Flatbush Ave and 4 Ave,car,137,165,22605,0.83,1,0.0,0.0,False
2026-08-15T19:24,1786821818.1,9955d671-39ad-4fb7-b63e-4e78cf6ac157,Flatbush Ave and 4 Ave,car,31,32,992,0.969,2,168.7,7.65,False
2026-08-15T19:24,1786821818.1,9955d671-39ad-4fb7-b63e-4e78cf6ac157,Flatbush Ave and 4 Ave,truck,40,45,1800,0.889,1,0.0,0.0,False
2026-08-15T19:24,1786821818.1,9955d671-39ad-4fb7-b63e-4e78cf6ac157,Flatbush Ave and 4 Ave,truck,47,40,1880,1.175,1,0.0,0.0,False
2026-08-15T19:24,1786821818.1,9955d671-39ad-4fb7-b63e-4e78cf6ac157,Flatbush Ave and 4 Ave,car,41,45,1845,0.911,1,0.0,0.0,False
2026-08-15T19:24,1786821818.1,9955d671-39ad-4fb7-b63e-4e78cf6ac157,Flatbush Ave and 4 Ave,car,20,19,380,1.053,1,0.0,0.0,False
2026-08-15T19:24,1786821820.1,9955d671-39ad-4fb7-b63e-4e78cf6ac157,Flatbush Ave and 4 Ave,truck,100,90,9000,1.111,2,196.5,37.02,False
2026-08-15T19:24,1786821820.1,9955d671-39ad-4fb7-b63e-4e78cf6ac157,Flatbush Ave and 4 Ave,car,76,35,2660,2.171,2,182.0,29.02,False
2026-08-15T19:24,1786821820.1,9955d671-39ad-4fb7-b63e-4e78cf6ac157,Flatbush Ave and 4 Ave,car,19,15,285,1.267,1,0.0,0.0,False
2026-08-15T19:24,1786821820.1,9955d671-39ad-4fb7-b63e-4e78cf6ac157,Flatbush Ave and 4 Ave,truck,81,115,9315,0.704,2,125.4,42.31,False
2026-08-15T19:24,1786821820.1,9955d671-39ad-4fb7-b63e-4e78cf6ac157,Flatbush Ave and 4 Ave,car,122,169,20618,0.722,2,78.0,16.87,False
2026-08-15T19:24,1786821822.1,9955d671-39ad-4fb7-b63e-4e78cf6ac157,Flatbush Ave and 4 Ave,truck,52,37,1924,1.405,1,0.0,0.0,False
2026-08-15T19:24,1786821822.1,9955d671-39ad-4fb7-b63e-4e78cf6ac157,Flatbush Ave and 4 Ave,car,36,35,1260,1.029,1,0.0,0.0,False
2026-08-15T19:24,1786821822.1,9955d671-39ad-4fb7-b63e-4e78cf6ac157,Flatbush Ave and 4 Ave,car,53,63,3339,0.841,1,0.0,0.0,False
2026-08-15T19:24,1786821802.1,2293205b-2b15-44da-8220-6833a13c5a80,Ocean Pkwy @ Church Ave,car,264,145,38280,1.821,1,0.0,0.0,False
2026-08-15T19:24,1786821804.1,2293205b-2b15-44da-8220-6833a13c5a80,Ocean Pkwy @ Church Ave,car,251,43,10793,5.837,1,0.0,0.0,False
2026-08-15T19:24,1786821804.1,2293205b-2b15-44da-8220-6833a13c5a80,Ocean Pkwy @ Church Ave,car,163,43,7009,3.791,1,0.0,0.0,False
2026-08-15T19:24,1786821806.1,2293205b-2b15-44da-8220-6833a13c5a80,Ocean Pkwy @ Church Ave,car,21,59,1239,0.356,1,0.0,0.0,False
2026-08-15T19:24,1786821806.1,2293205b-2b15-44da-8220-6833a13c5a80,Ocean Pkwy @ Church Ave,bus,230,226,51980,1.018,2,108.9,63.41,False
2026-08-15T19:24,1786821808.1,2293205b-2b15-44da-8220-6833a13c5a80,Ocean Pkwy @ Church Ave,bus,188,182,34216,1.033,1,0.0,0.0,False
2026-08-15T19:24,1786821810.1,2293205b-2b15-44da-8220-6833a13c5a80,Ocean Pkwy @ Church Ave,car,134,78,10452,1.718,1,0.0,0.0,False
2026-08-15T19:24,1786821810.1,2293205b-2b15-44da-8220-6833a13c5a80,Ocean Pkwy @ Church Ave,car,44,36,1584,1.222,1,0.0,0.0,False
2026-08-15T19:24,1786821802.1,2293205b-2b15-44da-8220-6833a13c5a80,Ocean Pkwy @ Church Ave,car,110,90,9900,1.222,7,270.0,0.17,False
2026-08-15T19:24,1786821802.1,2293205b-2b15-44da-8220-6833a13c5a80,Ocean Pkwy @ Church Ave,car,113,91,10283,1.242,10,146.6,5.45,True
2026-08-15T19:24,1786821806.1,2293205b-2b15-44da-8220-6833a13c5a80,Ocean Pkwy @ Church Ave,car,67,49,3283,1.367,7,141.3,1.07,False
2026-08-15T19:24,1786821818.1,2293205b-2b15-44da-8220-6833a13c5a80,Ocean Pkwy @ Church Ave,car,78,120,9360,0.65,2,345.5,13.95,False
2026-08-15T19:24,1786821818.1,2293205b-2b15-44da-8220-6833a13c5a80,Ocean Pkwy @ Church Ave,car,73,67,4891,1.09,1,0.0,0.0,False
2026-08-15T19:24,1786821818.1,2293205b-2b15-44da-8220-6833a13c5a80,Ocean Pkwy @ Church Ave,car,51,30,1530,1.7,1,0.0,0.0,False
2026-08-15T19:24,1786821820.1,2293205b-2b15-44da-8220-6833a13c5a80,Ocean Pkwy @ Church Ave,car,145,59,8555,2.458,1,0.0,0.0,False
2026-08-15T19:24,1786821820.1,2293205b-2b15-44da-8220-6833a13c5a80,Ocean Pkwy @ Church Ave,car,145,61,8845,2.377,1,0.0,0.0,False
2026-08-15T19:24,1786821820.1,2293205b-2b15-44da-8220-6833a13c5a80,Ocean Pkwy @ Church Ave,car,44,55,2420,0.8,1,0.0,0.0,False
2026-08-15T19:24,1786821802.1,3c079db6-117c-4e79-94ed-5178c1517091,Prospect Expwy @ Prospect Park W @ 19 St,truck,36,68,2448,0.529,1,0.0,0.0,False
2026-08-15T19:24,1786821802.1,3c079db6-117c-4e79-94ed-5178c1517091,Prospect Expwy @ Prospect Park W @ 19 St,car,48,45,2160,1.067,1,0.0,0.0,False
2026-08-15T19:24,1786821802.1,3c079db6-117c-4e79-94ed-5178c1517091,Prospect Expwy @ Prospect Park W @ 19 St,car,37,31,1147,1.194,1,0.0,0.0,False
2026-08-15T19:24,1786821802.1,3c079db6-117c-4e79-94ed-5178c1517091,Prospect Expwy @ Prospect Park W @ 19 St,car,42,42,1764,1.0,1,0.0,0.0,False
2026-08-15T19:24,1786821802.1,3c079db6-117c-4e79-94ed-5178c1517091,Prospect Expwy @ Prospect Park W @ 19 St,car,39,35,1365,1.114,1,0.0,0.0,False
2026-08-15T19:24,1786821802.1,3c079db6-117c-4e79-94ed-5178c1517091,Prospect Expwy @ Prospect Park W @ 19 St,truck,46,40,1840,1.15,1,0.0,0.0,False
2026-08-15T19:24,1786821802.1,3c079db6-117c-4e79-94ed-5178c1517091,Prospect Expwy @ Prospect Park W @ 19 St,truck,78,67,5226,1.164,1,0.0,0.0,False
2026-08-15T19:24,1786821802.1,3c079db6-117c-4e79-94ed-5178c1517091,Prospect Expwy @ Prospect Park W @ 19 St,car,77,66,5082,1.167,1,0.0,0.0,False
2026-08-15T19:24,1786821802.1,3c079db6-117c-4e79-94ed-5178c1517091,Prospect Expwy @ Prospect Park W @ 19 St,car,46,40,1840,1.15,1,0.0,0.0,False
2026-08-15T19:24,1786821802.1,3c079db6-117c-4e79-94ed-5178c1517091,Prospect Expwy @ Prospect Park W @ 19 St,truck,46,35,1610,1.314,1,0.0,0.0,False
2026-08-15T19:24,1786821802.1,3c079db6-117c-4e79-94ed-5178c1517091,Prospect Expwy @ Prospect Park W @ 19 St,car,46,34,1564,1.353,1,0.0,0.0,False
2026-08-15T19:24,1786821802.1,3c079db6-117c-4e79-94ed-5178c1517091,Prospect Expwy @ Prospect Park W @ 19 St,truck,40,35,1400,1.143,1,0.0,0.0,False
2026-08-15T19:24,1786821804.1,3c079db6-117c-4e79-94ed-5178c1517091,Prospect Expwy @ Prospect Park W @ 19 St,truck,61,58,3538,1.052,1,0.0,0.0,False
2026-08-15T19:24,1786821804.1,3c079db6-117c-4e79-94ed-5178c1517091,Prospect Expwy @ Prospect Park W @ 19 St,car,32,26,832,1.231,1,0.0,0.0,False
2026-08-15T19:24,1786821804.1,3c079db6-117c-4e79-94ed-5178c1517091,Prospect Expwy @ Prospect Park W @ 19 St,truck,66,63,4158,1.048,1,0.0,0.0,False
2026-08-15T19:24,1786821804.1,3c079db6-117c-4e79-94ed-5178c1517091,Prospect Expwy @ Prospect Park W @ 19 St,car,50,37,1850,1.351,1,0.0,0.0,False
2026-08-15T19:24,1786821804.1,3c079db6-117c-4e79-94ed-5178c1517091,Prospect Expwy @ Prospect Park W @ 19 St,truck,50,37,1850,1.351,1,0.0,0.0,False
2026-08-15T19:24,1786821804.1,3c079db6-117c-4e79-94ed-5178c1517091,Prospect Expwy @ Prospect Park W @ 19 St,truck,77,31,2387,2.484,1,0.0,0.0,False
2026-08-15T19:24,1786821804.1,3c079db6-117c-4e79-94ed-5178c1517091,Prospect Expwy @ Prospect Park W @ 19 St,car,71,33,2343,2.152,1,0.0,0.0,False
2026-08-15T19:24,1786821804.1,3c079db6-117c-4e79-94ed-5178c1517091,Prospect Expwy @ Prospect Park W @ 19 St,car,52,21,1092,2.476,1,0.0,0.0,False
2026-08-15T19:24,1786821806.1,3c079db6-117c-4e79-94ed-5178c1517091,Prospect Expwy @ Prospect Park W @ 19 St,truck,61,67,4087,0.91,1,0.0,0.0,False
2026-08-15T19:24,1786821806.1,3c079db6-117c-4e79-94ed-5178c1517091,Prospect Expwy @ Prospect Park W @ 19 St,car,46,40,1840,1.15,1,0.0,0.0,False
2026-08-15T19:24,1786821806.1,3c079db6-117c-4e79-94ed-5178c1517091,Prospect Expwy @ Prospect Park W @ 19 St,truck,68,45,3060,1.511,1,0.0,0.0,False
2026-08-15T19:24,1786821804.1,3c079db6-117c-4e79-94ed-5178c1517091,Prospect Expwy @ Prospect Park W @ 19 St,car,30,21,630,1.429,2,235.5,9.71,False
2026-08-15T19:24,1786821804.1,3c079db6-117c-4e79-94ed-5178c1517091,Prospect Expwy @ Prospect Park W @ 19 St,car,23,22,506,1.045,2,90.0,0.5,False
2026-08-15T19:24,1786821806.1,3c079db6-117c-4e79-94ed-5178c1517091,Prospect Expwy @ Prospect Park W @ 19 St,truck,37,34,1258,1.088,2,286.7,10.44,False
2026-08-15T19:24,1786821808.1,3c079db6-117c-4e79-94ed-5178c1517091,Prospect Expwy @ Prospect Park W @ 19 St,car,23,14,322,1.643,1,0.0,0.0,False
2026-08-15T19:24,1786821802.1,3c079db6-117c-4e79-94ed-5178c1517091,Prospect Expwy @ Prospect Park W @ 19 St,car,29,41,1189,0.707,6,338.2,1.62,False
2026-08-15T19:24,1786821806.1,3c079db6-117c-4e79-94ed-5178c1517091,Prospect Expwy @ Prospect Park W @ 19 St,car,41,42,1722,0.976,4,234.5,1.43,False
2026-08-15T19:24,1786821808.1,3c079db6-117c-4e79-94ed-5178c1517091,Prospect Expwy @ Prospect Park W @ 19 St,truck,53,49,2597,1.082,2,153.9,25.04,True
2026-08-15T19:24,1786821808.1,3c079db6-117c-4e79-94ed-5178c1517091,Prospect Expwy @ Prospect Park W @ 19 St,car,68,80,5440,0.85,4,278.5,3.37,False
2026-08-15T19:24,1786821810.1,3c079db6-117c-4e79-94ed-5178c1517091,Prospect Expwy @ Prospect Park W @ 19 St,car,54,54,2916,1.0,1,0.0,0.0,False
2026-08-15T19:24,1786821810.1,3c079db6-117c-4e79-94ed-5178c1517091,Prospect Expwy @ Prospect Park W @ 19 St,truck,76,71,5396,1.07,2,104.0,18.55,False
2026-08-15T19:24,1786821810.1,3c079db6-117c-4e79-94ed-5178c1517091,Prospect Expwy @ Prospect Park W @ 19 St,truck,66,64,4224,1.031,1,0.0,0.0,False
2026-08-15T19:24,1786821810.1,3c079db6-117c-4e79-94ed-5178c1517091,Prospect Expwy @ Prospect Park W @ 19 St,truck,65,53,3445,1.226,3,155.1,11.3,False
2026-08-15T19:24,1786821810.1,3c079db6-117c-4e79-94ed-5178c1517091,Prospect Expwy @ Prospect Park W @ 19 St,truck,50,53,2650,0.943,1,0.0,0.0,False
2026-08-15T19:24,1786821810.1,3c079db6-117c-4e79-94ed-5178c1517091,Prospect Expwy @ Prospect Park W @ 19 St,truck,69,55,3795,1.255,1,0.0,0.0,False
2026-08-15T19:24,1786821810.1,3c079db6-117c-4e79-94ed-5178c1517091,Prospect Expwy @ Prospect Park W @ 19 St,car,31,24,744,1.292,2,6.3,4.53,False
2026-08-15T19:24,1786821810.1,3c079db6-117c-4e79-94ed-5178c1517091,Prospect Expwy @ Prospect Park W @ 19 St,car,43,36,1548,1.194,1,0.0,0.0,False
2026-08-15T19:24,1786821810.1,3c079db6-117c-4e79-94ed-5178c1517091,Prospect Expwy @ Prospect Park W @ 19 St,truck,54,55,2970,0.982,1,0.0,0.0,False
2026-08-15T19:24,1786821810.1,3c079db6-117c-4e79-94ed-5178c1517091,Prospect Expwy @ Prospect Park W @ 19 St,truck,53,32,1696,1.656,1,0.0,0.0,False
2026-08-15T19:24,1786821810.1,3c079db6-117c-4e79-94ed-5178c1517091,Prospect Expwy @ Prospect Park W @ 19 St,truck,40,39,1560,1.026,2,141.8,17.8,True
2026-08-15T19:24,1786821810.1,3c079db6-117c-4e79-94ed-5178c1517091,Prospect Expwy @ Prospect Park W @ 19 St,bus,53,33,1749,1.606,1,0.0,0.0,False
2026-08-15T19:24,1786821810.1,3c079db6-117c-4e79-94ed-5178c1517091,Prospect Expwy @ Prospect Park W @ 19 St,car,48,43,2064,1.116,2,159.4,25.63,True
2026-08-15T19:24,1786821812.1,3c079db6-117c-4e79-94ed-5178c1517091,Prospect Expwy @ Prospect Park W @ 19 St,car,48,41,1968,1.171,1,0.0,0.0,False
2026-08-15T19:24,1786821812.1,3c079db6-117c-4e79-94ed-5178c1517091,Prospect Expwy @ Prospect Park W @ 19 St,car,37,27,999,1.37,2,280.3,5.59,False
2026-08-15T19:24,1786821812.1,3c079db6-117c-4e79-94ed-5178c1517091,Prospect Expwy @ Prospect Park W @ 19 St,car,58,49,2842,1.184,2,207.1,26.39,True
2026-08-15T19:24,1786821812.1,3c079db6-117c-4e79-94ed-5178c1517091,Prospect Expwy @ Prospect Park W @ 19 St,car,39,35,1365,1.114,1,0.0,0.0,False
2026-08-15T19:24,1786821812.1,3c079db6-117c-4e79-94ed-5178c1517091,Prospect Expwy @ Prospect Park W @ 19 St,car,50,42,2100,1.19,1,0.0,0.0,False
2026-08-15T19:24,1786821812.1,3c079db6-117c-4e79-94ed-5178c1517091,Prospect Expwy @ Prospect Park W @ 19 St,truck,70,60,4200,1.167,1,0.0,0.0,False
2026-08-15T19:24,1786821812.1,3c079db6-117c-4e79-94ed-5178c1517091,Prospect Expwy @ Prospect Park W @ 19 St,truck,57,49,2793,1.163,2,207.6,25.94,True
2026-08-15T19:24,1786821812.1,3c079db6-117c-4e79-94ed-5178c1517091,Prospect Expwy @ Prospect Park W @ 19 St,car,70,59,4130,1.186,1,0.0,0.0,False
2026-08-15T19:24,1786821812.1,3c079db6-117c-4e79-94ed-5178c1517091,Prospect Expwy @ Prospect Park W @ 19 St,car,41,36,1476,1.139,2,173.3,17.12,True
2026-08-15T19:24,1786821814.1,3c079db6-117c-4e79-94ed-5178c1517091,Prospect Expwy @ Prospect Park W @ 19 St,truck,73,50,3650,1.46,1,0.0,0.0,False
2026-08-15T19:24,1786821814.1,3c079db6-117c-4e79-94ed-5178c1517091,Prospect Expwy @ Prospect Park W @ 19 St,car,30,27,810,1.111,1,0.0,0.0,False
2026-08-15T19:24,1786821814.1,3c079db6-117c-4e79-94ed-5178c1517091,Prospect Expwy @ Prospect Park W @ 19 St,car,38,21,798,1.81,1,0.0,0.0,False
2026-08-15T19:24,1786821802.1,5a9ebe48-fb36-4de7-8666-f50de83c7941,Flatbush Ave @ Nostrand Ave,car,50,24,1200,2.083,1,0.0,0.0,False
2026-08-15T19:24,1786821802.1,5a9ebe48-fb36-4de7-8666-f50de83c7941,Flatbush Ave @ Nostrand Ave,car,24,24,576,1.0,1,0.0,0.0,False
2026-08-15T19:24,1786821802.1,5a9ebe48-fb36-4de7-8666-f50de83c7941,Flatbush Ave @ Nostrand Ave,car,37,24,888,1.542,1,0.0,0.0,False
2026-08-15T19:24,1786821802.1,5a9ebe48-fb36-4de7-8666-f50de83c7941,Flatbush Ave @ Nostrand Ave,car,69,52,3588,1.327,2,333.4,1.12,False
2026-08-15T19:24,1786821802.1,5a9ebe48-fb36-4de7-8666-f50de83c7941,Flatbush Ave @ Nostrand Ave,car,88,90,7920,0.978,4,7.1,4.03,False
2026-08-15T19:24,1786821802.1,5a9ebe48-fb36-4de7-8666-f50de83c7941,Flatbush Ave @ Nostrand Ave,car,58,51,2958,1.137,4,23.2,1.27,False
2026-08-15T19:24,1786821808.1,5a9ebe48-fb36-4de7-8666-f50de83c7941,Flatbush Ave @ Nostrand Ave,car,48,23,1104,2.087,1,0.0,0.0,False
2026-08-15T19:24,1786821806.1,5a9ebe48-fb36-4de7-8666-f50de83c7941,Flatbush Ave @ Nostrand Ave,car,27,27,729,1.0,3,346.0,1.03,False
2026-08-15T19:24,1786821802.1,5a9ebe48-fb36-4de7-8666-f50de83c7941,Flatbush Ave @ Nostrand Ave,car,64,52,3328,1.231,6,129.8,2.34,False
2026-08-15T19:24,1786821814.1,5a9ebe48-fb36-4de7-8666-f50de83c7941,Flatbush Ave @ Nostrand Ave,car,55,46,2530,1.196,1,0.0,0.0,False
2026-08-15T19:24,1786821814.1,5a9ebe48-fb36-4de7-8666-f50de83c7941,Flatbush Ave @ Nostrand Ave,car,48,23,1104,2.087,1,0.0,0.0,False
2026-08-15T19:24,1786821816.1,5a9ebe48-fb36-4de7-8666-f50de83c7941,Flatbush Ave @ Nostrand Ave,car,131,84,11004,1.56,1,0.0,0.0,False
2026-08-15T19:24,1786821816.1,5a9ebe48-fb36-4de7-8666-f50de83c7941,Flatbush Ave @ Nostrand Ave,car,85,25,2125,3.4,1,0.0,0.0,False
2026-08-15T19:24,1786821816.1,5a9ebe48-fb36-4de7-8666-f50de83c7941,Flatbush Ave @ Nostrand Ave,bus,74,58,4292,1.276,1,0.0,0.0,False
2026-08-15T19:24,1786821802.1,5a9ebe48-fb36-4de7-8666-f50de83c7941,Flatbush Ave @ Nostrand Ave,car,63,41,2583,1.537,11,0.0,0.55,False
2026-08-15T19:24,1786821802.1,5a9ebe48-fb36-4de7-8666-f50de83c7941,Flatbush Ave @ Nostrand Ave,car,46,40,1840,1.15,11,149.7,0.69,False
2026-08-15T19:24,1786821806.1,5a9ebe48-fb36-4de7-8666-f50de83c7941,Flatbush Ave @ Nostrand Ave,car,41,38,1558,1.079,7,150.3,0.67,False
2026-08-15T19:24,1786821810.1,5a9ebe48-fb36-4de7-8666-f50de83c7941,Flatbush Ave @ Nostrand Ave,car,39,41,1599,0.951,4,136.4,4.83,False
2026-08-15T19:24,1786821812.1,5a9ebe48-fb36-4de7-8666-f50de83c7941,Flatbush Ave @ Nostrand Ave,car,97,78,7566,1.244,4,175.0,3.85,False
2026-08-15T19:24,1786821812.1,5a9ebe48-fb36-4de7-8666-f50de83c7941,Flatbush Ave @ Nostrand Ave,car,38,34,1292,1.118,3,39.0,6.75,False
2026-08-15T19:24,1786821812.1,5a9ebe48-fb36-4de7-8666-f50de83c7941,Flatbush Ave @ Nostrand Ave,car,30,28,840,1.071,5,271.4,5.25,True
2026-08-15T19:24,1786821814.1,5a9ebe48-fb36-4de7-8666-f50de83c7941,Flatbush Ave @ Nostrand Ave,car,41,39,1599,1.051,4,78.7,0.85,False
2026-08-15T19:24,1786821816.1,5a9ebe48-fb36-4de7-8666-f50de83c7941,Flatbush Ave @ Nostrand Ave,car,24,22,528,1.091,2,72.9,6.8,False
2026-08-15T19:24,1786821816.1,5a9ebe48-fb36-4de7-8666-f50de83c7941,Flatbush Ave @ Nostrand Ave,car,50,52,2600,0.962,3,123.7,11.72,True
2026-08-15T19:24,1786821818.1,5a9ebe48-fb36-4de7-8666-f50de83c7941,Flatbush Ave @ Nostrand Ave,car,35,18,630,1.944,1,0.0,0.0,False
2026-08-15T19:24,1786821820.1,5a9ebe48-fb36-4de7-8666-f50de83c7941,Flatbush Ave @ Nostrand Ave,bus,51,47,2397,1.085,1,0.0,0.0,False
2026-08-15T19:24,1786821820.1,5a9ebe48-fb36-4de7-8666-f50de83c7941,Flatbush Ave @ Nostrand Ave,car,79,46,3634,1.717,1,0.0,0.0,False
2026-08-15T19:24,1786821822.1,5a9ebe48-fb36-4de7-8666-f50de83c7941,Flatbush Ave @ Nostrand Ave,car,81,54,4374,1.5,1,0.0,0.0,False
2026-08-15T19:24,1786821822.1,5a9ebe48-fb36-4de7-8666-f50de83c7941,Flatbush Ave @ Nostrand Ave,car,43,42,1806,1.024,1,0.0,0.0,False
2026-08-15T19:24,1786821822.1,5a9ebe48-fb36-4de7-8666-f50de83c7941,Flatbush Ave @ Nostrand Ave,car,24,15,360,1.6,1,0.0,0.0,False
2026-08-15T19:24,1786821822.1,5a9ebe48-fb36-4de7-8666-f50de83c7941,Flatbush Ave @ Nostrand Ave,car,17,13,221,1.308,1,0.0,0.0,False
2026-08-15T19:24,1786821802.1,88895623-f6fa-4509-a927-8eae076725da,Ft. Hamilton Pkwy @ McDonald Ave,truck,36,49,1764,0.735,1,0.0,0.0,False
2026-08-15T19:24,1786821802.1,88895623-f6fa-4509-a927-8eae076725da,Ft. Hamilton Pkwy @ McDonald Ave,car,60,46,2760,1.304,1,0.0,0.0,False
2026-08-15T19:24,1786821804.1,88895623-f6fa-4509-a927-8eae076725da,Ft. Hamilton Pkwy @ McDonald Ave,truck,91,77,7007,1.182,1,0.0,0.0,False
2026-08-15T19:24,1786821804.1,88895623-f6fa-4509-a927-8eae076725da,Ft. Hamilton Pkwy @ McDonald Ave,truck,29,35,1015,0.829,1,0.0,0.0,False
2026-08-15T19:24,1786821804.1,88895623-f6fa-4509-a927-8eae076725da,Ft. Hamilton Pkwy @ McDonald Ave,car,36,28,1008,1.286,1,0.0,0.0,False
2026-08-15T19:24,1786821806.1,88895623-f6fa-4509-a927-8eae076725da,Ft. Hamilton Pkwy @ McDonald Ave,truck,54,53,2862,1.019,1,0.0,0.0,False
2026-08-15T19:24,1786821808.1,88895623-f6fa-4509-a927-8eae076725da,Ft. Hamilton Pkwy @ McDonald Ave,car,186,104,19344,1.788,1,0.0,0.0,False
2026-08-15T19:24,1786821810.1,88895623-f6fa-4509-a927-8eae076725da,Ft. Hamilton Pkwy @ McDonald Ave,car,31,23,713,1.348,1,0.0,0.0,False
2026-08-15T19:24,1786821812.1,88895623-f6fa-4509-a927-8eae076725da,Ft. Hamilton Pkwy @ McDonald Ave,car,34,27,918,1.259,1,0.0,0.0,False
2026-08-15T19:24,1786821816.1,88895623-f6fa-4509-a927-8eae076725da,Ft. Hamilton Pkwy @ McDonald Ave,car,60,47,2820,1.277,1,0.0,0.0,False
2026-08-15T19:24,1786821802.1,88895623-f6fa-4509-a927-8eae076725da,Ft. Hamilton Pkwy @ McDonald Ave,car,67,60,4020,1.117,11,194.0,0.41,False
2026-08-15T19:24,1786821808.1,88895623-f6fa-4509-a927-8eae076725da,Ft. Hamilton Pkwy @ McDonald Ave,truck,154,165,25410,0.933,7,203.2,0.63,False
2026-08-15T19:24,1786821808.1,88895623-f6fa-4509-a927-8eae076725da,Ft. Hamilton Pkwy @ McDonald Ave,truck,98,119,11662,0.824,8,116.6,0.32,False
2026-08-15T19:24,1786821820.1,88895623-f6fa-4509-a927-8eae076725da,Ft. Hamilton Pkwy @ McDonald Ave,car,36,27,972,1.333,2,36.9,2.5,False
2026-08-15T19:24,1786821802.1,0bbea8bd-10f1-4126-b3c5-9e9432eab749,Atlantic Ave @ Pennsylvania Ave,car,175,53,9275,3.302,1,0.0,0.0,False
2026-08-15T19:24,1786821802.1,0bbea8bd-10f1-4126-b3c5-9e9432eab749,Atlantic Ave @ Pennsylvania Ave,car,28,20,560,1.4,1,0.0,0.0,False
2026-08-15T19:24,1786821802.1,0bbea8bd-10f1-4126-b3c5-9e9432eab749,Atlantic Ave @ Pennsylvania Ave,car,234,55,12870,4.255,1,0.0,0.0,False
2026-08-15T19:24,1786821802.1,0bbea8bd-10f1-4126-b3c5-9e9432eab749,Atlantic Ave @ Pennsylvania Ave,car,46,30,1380,1.533,1,0.0,0.0,False
2026-08-15T19:24,1786821802.1,0bbea8bd-10f1-4126-b3c5-9e9432eab749,Atlantic Ave @ Pennsylvania Ave,car,36,25,900,1.44,1,0.0,0.0,False
2026-08-15T19:24,1786821802.1,0bbea8bd-10f1-4126-b3c5-9e9432eab749,Atlantic Ave @ Pennsylvania Ave,car,116,52,6032,2.231,1,0.0,0.0,False
2026-08-15T19:24,1786821802.1,0bbea8bd-10f1-4126-b3c5-9e9432eab749,Atlantic Ave @ Pennsylvania Ave,car,14,20,280,0.7,1,0.0,0.0,False
2026-08-15T19:24,1786821802.1,0bbea8bd-10f1-4126-b3c5-9e9432eab749,Atlantic Ave @ Pennsylvania Ave,car,67,51,3417,1.314,2,160.0,5.85,False
2026-08-15T19:24,1786821802.1,0bbea8bd-10f1-4126-b3c5-9e9432eab749,Atlantic Ave @ Pennsylvania Ave,car,44,52,2288,0.846,2,290.9,18.2,False
2026-08-15T19:24,1786821802.1,0bbea8bd-10f1-4126-b3c5-9e9432eab749,Atlantic Ave @ Pennsylvania Ave,car,26,15,390,1.733,2,48.0,6.73,False
2026-08-15T19:24,1786821804.1,0bbea8bd-10f1-4126-b3c5-9e9432eab749,Atlantic Ave @ Pennsylvania Ave,car,115,82,9430,1.402,1,0.0,0.0,False
2026-08-15T19:24,1786821804.1,0bbea8bd-10f1-4126-b3c5-9e9432eab749,Atlantic Ave @ Pennsylvania Ave,car,43,32,1376,1.344,1,0.0,0.0,False
2026-08-15T19:24,1786821802.1,0bbea8bd-10f1-4126-b3c5-9e9432eab749,Atlantic Ave @ Pennsylvania Ave,car,71,54,3834,1.315,2,143.1,15.0,False
2026-08-15T19:24,1786821802.1,0bbea8bd-10f1-4126-b3c5-9e9432eab749,Atlantic Ave @ Pennsylvania Ave,car,33,25,825,1.32,2,132.5,8.14,False
2026-08-15T19:24,1786821802.1,0bbea8bd-10f1-4126-b3c5-9e9432eab749,Atlantic Ave @ Pennsylvania Ave,car,67,32,2144,2.094,2,123.7,3.61,False
2026-08-15T19:24,1786821802.1,0bbea8bd-10f1-4126-b3c5-9e9432eab749,Atlantic Ave @ Pennsylvania Ave,car,108,69,7452,1.565,2,205.8,49.42,True
2026-08-15T19:24,1786821804.1,0bbea8bd-10f1-4126-b3c5-9e9432eab749,Atlantic Ave @ Pennsylvania Ave,car,59,56,3304,1.054,2,122.8,18.45,False
2026-08-15T19:24,1786821804.1,0bbea8bd-10f1-4126-b3c5-9e9432eab749,Atlantic Ave @ Pennsylvania Ave,car,57,46,2622,1.239,2,339.4,4.27,False
2026-08-15T19:24,1786821804.1,0bbea8bd-10f1-4126-b3c5-9e9432eab749,Atlantic Ave @ Pennsylvania Ave,car,108,89,9612,1.213,3,279.5,22.81,True
2026-08-15T19:24,1786821804.1,0bbea8bd-10f1-4126-b3c5-9e9432eab749,Atlantic Ave @ Pennsylvania Ave,car,87,83,7221,1.048,2,138.1,39.65,True
2026-08-15T19:24,1786821804.1,0bbea8bd-10f1-4126-b3c5-9e9432eab749,Atlantic Ave @ Pennsylvania Ave,truck,44,33,1452,1.333,2,93.8,7.52,False
2026-08-15T19:24,1786821802.1,0bbea8bd-10f1-4126-b3c5-9e9432eab749,Atlantic Ave @ Pennsylvania Ave,car,36,31,1116,1.161,3,200.6,2.14,False
2026-08-15T19:24,1786821804.1,0bbea8bd-10f1-4126-b3c5-9e9432eab749,Atlantic Ave @ Pennsylvania Ave,car,56,46,2576,1.217,4,140.6,8.41,True
2026-08-15T19:24,1786821806.1,0bbea8bd-10f1-4126-b3c5-9e9432eab749,Atlantic Ave @ Pennsylvania Ave,car,56,47,2632,1.191,3,263.5,8.81,False
2026-08-15T19:24,1786821810.1,0bbea8bd-10f1-4126-b3c5-9e9432eab749,Atlantic Ave @ Pennsylvania Ave,car,21,17,357,1.235,1,0.0,0.0,False
2026-08-15T19:24,1786821810.1,0bbea8bd-10f1-4126-b3c5-9e9432eab749,Atlantic Ave @ Pennsylvania Ave,car,55,44,2420,1.25,1,0.0,0.0,False
2026-08-15T19:24,1786821810.1,0bbea8bd-10f1-4126-b3c5-9e9432eab749,Atlantic Ave @ Pennsylvania Ave,car,24,18,432,1.333,1,0.0,0.0,False
2026-08-15T19:24,1786821810.1,0bbea8bd-10f1-4126-b3c5-9e9432eab749,Atlantic Ave @ Pennsylvania Ave,car,45,12,540,3.75,1,0.0,0.0,False
2026-08-15T19:24,1786821806.1,0bbea8bd-10f1-4126-b3c5-9e9432eab749,Atlantic Ave @ Pennsylvania Ave,car,42,30,1260,1.4,3,80.0,4.32,False
2026-08-15T19:24,1786821808.1,0bbea8bd-10f1-4126-b3c5-9e9432eab749,Atlantic Ave @ Pennsylvania Ave,car,73,43,3139,1.698,2,130.7,23.75,False
2026-08-15T19:24,1786821810.1,0bbea8bd-10f1-4126-b3c5-9e9432eab749,Atlantic Ave @ Pennsylvania Ave,car,57,36,2052,1.583,2,229.1,24.46,True
2026-08-15T19:24,1786821812.1,0bbea8bd-10f1-4126-b3c5-9e9432eab749,Atlantic Ave @ Pennsylvania Ave,car,77,54,4158,1.426,1,0.0,0.0,False
2026-08-15T19:24,1786821812.1,0bbea8bd-10f1-4126-b3c5-9e9432eab749,Atlantic Ave @ Pennsylvania Ave,car,31,30,930,1.033,1,0.0,0.0,False
2026-08-15T19:24,1786821812.1,0bbea8bd-10f1-4126-b3c5-9e9432eab749,Atlantic Ave @ Pennsylvania Ave,car,28,20,560,1.4,1,0.0,0.0,False
2026-08-15T19:24,1786821812.1,0bbea8bd-10f1-4126-b3c5-9e9432eab749,Atlantic Ave @ Pennsylvania Ave,car,25,18,450,1.389,1,0.0,0.0,False
2026-08-15T19:24,1786821812.1,0bbea8bd-10f1-4126-b3c5-9e9432eab749,Atlantic Ave @ Pennsylvania Ave,car,35,28,980,1.25,1,0.0,0.0,False
2026-08-15T19:24,1786821812.1,0bbea8bd-10f1-4126-b3c5-9e9432eab749,Atlantic Ave @ Pennsylvania Ave,car,42,25,1050,1.68,2,40.0,16.32,False
2026-08-15T19:24,1786821812.1,0bbea8bd-10f1-4126-b3c5-9e9432eab749,Atlantic Ave @ Pennsylvania Ave,bus,82,54,4428,1.519,2,93.1,27.54,False
2026-08-15T19:24,1786821814.1,0bbea8bd-10f1-4126-b3c5-9e9432eab749,Atlantic Ave @ Pennsylvania Ave,car,29,24,696,1.208,1,0.0,0.0,False
2026-08-15T19:24,1786821814.1,0bbea8bd-10f1-4126-b3c5-9e9432eab749,Atlantic Ave @ Pennsylvania Ave,car,18,15,270,1.2,1,0.0,0.0,False
2026-08-15T19:24,1786821808.1,0bbea8bd-10f1-4126-b3c5-9e9432eab749,Atlantic Ave @ Pennsylvania Ave,car,29,19,551,1.526,4,135.0,1.18,False
2026-08-15T19:24,1786821816.1,0bbea8bd-10f1-4126-b3c5-9e9432eab749,Atlantic Ave @ Pennsylvania Ave,car,32,20,640,1.6,1,0.0,0.0,False
2026-08-15T19:24,1786821816.1,0bbea8bd-10f1-4126-b3c5-9e9432eab749,Atlantic Ave @ Pennsylvania Ave,car,157,126,19782,1.246,1,0.0,0.0,False
2026-08-15T19:24,1786821802.1,0bbea8bd-10f1-4126-b3c5-9e9432eab749,Atlantic Ave @ Pennsylvania Ave,car,137,86,11782,1.593,10,60.3,1.79,False
2026-08-15T19:24,1786821802.1,0bbea8bd-10f1-4126-b3c5-9e9432eab749,Atlantic Ave @ Pennsylvania Ave,car,156,106,16536,1.472,9,351.3,3.73,False
2026-08-15T19:24,1786821802.1,0bbea8bd-10f1-4126-b3c5-9e9432eab749,Atlantic Ave @ Pennsylvania Ave,car,70,42,2940,1.667,10,176.1,3.23,True
2026-08-15T19:24,1786821802.1,0bbea8bd-10f1-4126-b3c5-9e9432eab749,Atlantic Ave @ Pennsylvania Ave,car,207,147,30429,1.408,10,121.9,3.47,False
2026-08-15T19:24,1786821802.1,0bbea8bd-10f1-4126-b3c5-9e9432eab749,Atlantic Ave @ Pennsylvania Ave,car,130,100,13000,1.3,10,194.5,5.34,False
2026-08-15T19:24,1786821802.1,0bbea8bd-10f1-4126-b3c5-9e9432eab749,Atlantic Ave @ Pennsylvania Ave,car,133,98,13034,1.357,9,146.3,3.83,False
2026-08-15T19:24,1786821814.1,0bbea8bd-10f1-4126-b3c5-9e9432eab749,Atlantic Ave @ Pennsylvania Ave,car,78,47,3666,1.66,5,90.0,0.25,False
2026-08-15T19:24,1786821814.1,0bbea8bd-10f1-4126-b3c5-9e9432eab749,Atlantic Ave @ Pennsylvania Ave,car,78,40,3120,1.95,2,344.7,5.7,False
2026-08-15T19:24,1786821814.1,0bbea8bd-10f1-4126-b3c5-9e9432eab749,Atlantic Ave @ Pennsylvania Ave,car,35,28,980,1.25,5,63.4,0.28,False
2026-08-15T19:24,1786821816.1,0bbea8bd-10f1-4126-b3c5-9e9432eab749,Atlantic Ave @ Pennsylvania Ave,car,62,52,3224,1.192,2,71.6,22.14,False
2026-08-15T19:24,1786821816.1,0bbea8bd-10f1-4126-b3c5-9e9432eab749,Atlantic Ave @ Pennsylvania Ave,car,121,89,10769,1.36,4,0.0,0.0,False
2026-08-15T19:24,1786821816.1,0bbea8bd-10f1-4126-b3c5-9e9432eab749,Atlantic Ave @ Pennsylvania Ave,car,23,16,368,1.438,2,11.3,2.55,False
2026-08-15T19:24,1786821816.1,0bbea8bd-10f1-4126-b3c5-9e9432eab749,Atlantic Ave @ Pennsylvania Ave,car,126,76,9576,1.658,4,243.4,0.37,False
2026-08-15T19:24,1786821816.1,0bbea8bd-10f1-4126-b3c5-9e9432eab749,Atlantic Ave @ Pennsylvania Ave,car,23,30,690,0.767,3,341.6,0.79,False
2026-08-15T19:24,1786821818.1,0bbea8bd-10f1-4126-b3c5-9e9432eab749,Atlantic Ave @ Pennsylvania Ave,truck,159,161,25599,0.988,1,0.0,0.0,False
2026-08-15T19:24,1786821818.1,0bbea8bd-10f1-4126-b3c5-9e9432eab749,Atlantic Ave @ Pennsylvania Ave,car,124,127,15748,0.976,2,301.8,55.92,True
2026-08-15T19:24,1786821818.1,0bbea8bd-10f1-4126-b3c5-9e9432eab749,Atlantic Ave @ Pennsylvania Ave,car,68,44,2992,1.545,3,206.6,0.56,False
2026-08-15T19:24,1786821818.1,0bbea8bd-10f1-4126-b3c5-9e9432eab749,Atlantic Ave @ Pennsylvania Ave,car,46,33,1518,1.394,3,90.0,3.0,False
2026-08-15T19:24,1786821818.1,0bbea8bd-10f1-4126-b3c5-9e9432eab749,Atlantic Ave @ Pennsylvania Ave,car,77,46,3542,1.674,2,119.1,5.15,False
2026-08-15T19:24,1786821818.1,0bbea8bd-10f1-4126-b3c5-9e9432eab749,Atlantic Ave @ Pennsylvania Ave,car,61,26,1586,2.346,1,0.0,0.0,False
2026-08-15T19:24,1786821818.1,0bbea8bd-10f1-4126-b3c5-9e9432eab749,Atlantic Ave @ Pennsylvania Ave,car,21,20,420,1.05,1,0.0,0.0,False
2026-08-15T19:24,1786821818.1,0bbea8bd-10f1-4126-b3c5-9e9432eab749,Atlantic Ave @ Pennsylvania Ave,car,50,49,2450,1.02,2,240.6,9.18,False
2026-08-15T19:24,1786821818.1,0bbea8bd-10f1-4126-b3c5-9e9432eab749,Atlantic Ave @ Pennsylvania Ave,car,37,31,1147,1.194,1,0.0,0.0,False
2026-08-15T19:24,1786821820.1,0bbea8bd-10f1-4126-b3c5-9e9432eab749,Atlantic Ave @ Pennsylvania Ave,car,53,31,1643,1.71,2,111.8,2.69,False
2026-08-15T19:24,1786821820.1,0bbea8bd-10f1-4126-b3c5-9e9432eab749,Atlantic Ave @ Pennsylvania Ave,truck,60,66,3960,0.909,2,2.9,10.01,False
2026-08-15T19:24,1786821820.1,0bbea8bd-10f1-4126-b3c5-9e9432eab749,Atlantic Ave @ Pennsylvania Ave,truck,123,88,10824,1.398,1,0.0,0.0,False
2026-08-15T19:24,1786821822.1,0bbea8bd-10f1-4126-b3c5-9e9432eab749,Atlantic Ave @ Pennsylvania Ave,car,62,47,2914,1.319,1,0.0,0.0,False
2026-08-15T19:24,1786821802.1,d401c83b-2f78-49dd-8974-14c819a992b2,C2-PE-05-Ctr_at_7th_Ave-Ex4,car,159,119,18921,1.336,1,0.0,0.0,False
2026-08-15T19:24,1786821802.1,d401c83b-2f78-49dd-8974-14c819a992b2,C2-PE-05-Ctr_at_7th_Ave-Ex4,car,73,48,3504,1.521,1,0.0,0.0,False
2026-08-15T19:24,1786821802.1,d401c83b-2f78-49dd-8974-14c819a992b2,C2-PE-05-Ctr_at_7th_Ave-Ex4,car,50,41,2050,1.22,1,0.0,0.0,False
2026-08-15T19:24,1786821808.1,d401c83b-2f78-49dd-8974-14c819a992b2,C2-PE-05-Ctr_at_7th_Ave-Ex4,car,110,112,12320,0.982,1,0.0,0.0,False
2026-08-15T19:24,1786821808.1,d401c83b-2f78-49dd-8974-14c819a992b2,C2-PE-05-Ctr_at_7th_Ave-Ex4,car,101,73,7373,1.384,2,211.2,19.29,False
2026-08-15T19:24,1786821810.1,d401c83b-2f78-49dd-8974-14c819a992b2,C2-PE-05-Ctr_at_7th_Ave-Ex4,car,184,98,18032,1.878,1,0.0,0.0,False
2026-08-15T19:24,1786821810.1,d401c83b-2f78-49dd-8974-14c819a992b2,C2-PE-05-Ctr_at_7th_Ave-Ex4,truck,108,127,13716,0.85,1,0.0,0.0,False
2026-08-15T19:24,1786821810.1,d401c83b-2f78-49dd-8974-14c819a992b2,C2-PE-05-Ctr_at_7th_Ave-Ex4,car,109,124,13516,0.879,1,0.0,0.0,False
2026-08-15T19:24,1786821810.1,d401c83b-2f78-49dd-8974-14c819a992b2,C2-PE-05-Ctr_at_7th_Ave-Ex4,car,109,19,2071,5.737,1,0.0,0.0,False
2026-08-15T19:24,1786821812.1,d401c83b-2f78-49dd-8974-14c819a992b2,C2-PE-05-Ctr_at_7th_Ave-Ex4,truck,157,129,20253,1.217,1,0.0,0.0,False
2026-08-15T19:24,1786821812.1,d401c83b-2f78-49dd-8974-14c819a992b2,C2-PE-05-Ctr_at_7th_Ave-Ex4,car,156,129,20124,1.209,1,0.0,0.0,False
2026-08-15T19:24,1786821814.1,d401c83b-2f78-49dd-8974-14c819a992b2,C2-PE-05-Ctr_at_7th_Ave-Ex4,car,148,124,18352,1.194,1,0.0,0.0,False
2026-08-15T19:24,1786821814.1,d401c83b-2f78-49dd-8974-14c819a992b2,C2-PE-05-Ctr_at_7th_Ave-Ex4,moto,147,124,18228,1.185,1,0.0,0.0,False
2026-08-15T19:24,1786821818.1,d401c83b-2f78-49dd-8974-14c819a992b2,C2-PE-05-Ctr_at_7th_Ave-Ex4,car,177,160,28320,1.106,1,0.0,0.0,False
2026-08-15T19:24,1786821820.1,d401c83b-2f78-49dd-8974-14c819a992b2,C2-PE-05-Ctr_at_7th_Ave-Ex4,car,143,104,14872,1.375,1,0.0,0.0,False
2026-08-15T19:24,1786821820.1,d401c83b-2f78-49dd-8974-14c819a992b2,C2-PE-05-Ctr_at_7th_Ave-Ex4,car,98,73,7154,1.342,1,0.0,0.0,False
2026-08-15T19:24,1786821820.1,d401c83b-2f78-49dd-8974-14c819a992b2,C2-PE-05-Ctr_at_7th_Ave-Ex4,car,84,71,5964,1.183,1,0.0,0.0,False
2026-08-15T19:24,1786821802.1,40961631-fb83-4f48-8ffb-3385448d4e5f,7 Ave @ 18 St,car,47,34,1598,1.382,1,0.0,0.0,False
2026-08-15T19:24,1786821802.1,40961631-fb83-4f48-8ffb-3385448d4e5f,7 Ave @ 18 St,truck,45,30,1350,1.5,2,113.2,3.81,False
2026-08-15T19:24,1786821804.1,40961631-fb83-4f48-8ffb-3385448d4e5f,7 Ave @ 18 St,car,26,15,390,1.733,1,0.0,0.0,False
2026-08-15T19:24,1786821804.1,40961631-fb83-4f48-8ffb-3385448d4e5f,7 Ave @ 18 St,car,26,16,416,1.625,1,0.0,0.0,False
2026-08-15T19:24,1786821804.1,40961631-fb83-4f48-8ffb-3385448d4e5f,7 Ave @ 18 St,car,16,8,128,2.0,1,0.0,0.0,False
2026-08-15T19:24,1786821804.1,40961631-fb83-4f48-8ffb-3385448d4e5f,7 Ave @ 18 St,car,17,12,204,1.417,1,0.0,0.0,False
2026-08-15T19:24,1786821808.1,40961631-fb83-4f48-8ffb-3385448d4e5f,7 Ave @ 18 St,truck,86,49,4214,1.755,1,0.0,0.0,False
2026-08-15T19:24,1786821810.1,40961631-fb83-4f48-8ffb-3385448d4e5f,7 Ave @ 18 St,truck,54,33,1782,1.636,1,0.0,0.0,False
2026-08-15T19:24,1786821810.1,40961631-fb83-4f48-8ffb-3385448d4e5f,7 Ave @ 18 St,car,23,19,437,1.211,1,0.0,0.0,False
2026-08-15T19:24,1786821812.1,40961631-fb83-4f48-8ffb-3385448d4e5f,7 Ave @ 18 St,truck,77,46,3542,1.674,1,0.0,0.0,False
2026-08-15T19:24,1786821812.1,40961631-fb83-4f48-8ffb-3385448d4e5f,7 Ave @ 18 St,car,29,18,522,1.611,1,0.0,0.0,False
2026-08-15T19:24,1786821814.1,40961631-fb83-4f48-8ffb-3385448d4e5f,7 Ave @ 18 St,truck,52,33,1716,1.576,1,0.0,0.0,False
2026-08-15T19:24,1786821816.1,40961631-fb83-4f48-8ffb-3385448d4e5f,7 Ave @ 18 St,car,17,13,221,1.308,1,0.0,0.0,False
2026-08-15T19:24,1786821818.1,40961631-fb83-4f48-8ffb-3385448d4e5f,7 Ave @ 18 St,truck,93,64,5952,1.453,1,0.0,0.0,False
2026-08-15T19:24,1786821802.1,f801cf2f-cd02-4077-aa53-99ee8a00e1ab,3 Ave @ Atlantic Ave,truck,95,116,11020,0.819,1,0.0,0.0,False
2026-08-15T19:24,1786821804.1,f801cf2f-cd02-4077-aa53-99ee8a00e1ab,3 Ave @ Atlantic Ave,car,55,30,1650,1.833,1,0.0,0.0,False
2026-08-15T19:24,1786821804.1,f801cf2f-cd02-4077-aa53-99ee8a00e1ab,3 Ave @ Atlantic Ave,truck,88,64,5632,1.375,1,0.0,0.0,False
2026-08-15T19:24,1786821804.1,f801cf2f-cd02-4077-aa53-99ee8a00e1ab,3 Ave @ Atlantic Ave,car,35,20,700,1.75,1,0.0,0.0,False
2026-08-15T19:24,1786821804.1,f801cf2f-cd02-4077-aa53-99ee8a00e1ab,3 Ave @ Atlantic Ave,truck,22,26,572,0.846,1,0.0,0.0,False
2026-08-15T19:24,1786821804.1,f801cf2f-cd02-4077-aa53-99ee8a00e1ab,3 Ave @ Atlantic Ave,car,89,67,5963,1.328,2,220.5,22.34,False
2026-08-15T19:24,1786821804.1,f801cf2f-cd02-4077-aa53-99ee8a00e1ab,3 Ave @ Atlantic Ave,car,40,33,1320,1.212,3,8.1,1.77,False
2026-08-15T19:24,1786821808.1,f801cf2f-cd02-4077-aa53-99ee8a00e1ab,3 Ave @ Atlantic Ave,truck,73,86,6278,0.849,1,0.0,0.0,False
2026-08-15T19:24,1786821806.1,f801cf2f-cd02-4077-aa53-99ee8a00e1ab,3 Ave @ Atlantic Ave,car,60,43,2580,1.395,2,204.1,20.81,False
2026-08-15T19:24,1786821810.1,f801cf2f-cd02-4077-aa53-99ee8a00e1ab,3 Ave @ Atlantic Ave,truck,100,91,9100,1.099,1,0.0,0.0,False
2026-08-15T19:24,1786821810.1,f801cf2f-cd02-4077-aa53-99ee8a00e1ab,3 Ave @ Atlantic Ave,car,19,23,437,0.826,1,0.0,0.0,False
2026-08-15T19:24,1786821806.1,f801cf2f-cd02-4077-aa53-99ee8a00e1ab,3 Ave @ Atlantic Ave,car,25,22,550,1.136,3,236.3,5.41,True
2026-08-15T19:24,1786821812.1,f801cf2f-cd02-4077-aa53-99ee8a00e1ab,3 Ave @ Atlantic Ave,truck,135,112,15120,1.205,1,0.0,0.0,False
2026-08-15T19:24,1786821802.1,f801cf2f-cd02-4077-aa53-99ee8a00e1ab,3 Ave @ Atlantic Ave,car,49,35,1715,1.4,6,45.0,5.37,True
2026-08-15T19:24,1786821804.1,f801cf2f-cd02-4077-aa53-99ee8a00e1ab,3 Ave @ Atlantic Ave,car,45,42,1890,1.071,5,339.4,2.14,False
2026-08-15T19:24,1786821810.1,f801cf2f-cd02-4077-aa53-99ee8a00e1ab,3 Ave @ Atlantic Ave,car,100,92,9200,1.087,2,68.5,20.43,False
2026-08-15T19:24,1786821814.1,f801cf2f-cd02-4077-aa53-99ee8a00e1ab,3 Ave @ Atlantic Ave,truck,67,73,4891,0.918,1,0.0,0.0,False
2026-08-15T19:24,1786821814.1,f801cf2f-cd02-4077-aa53-99ee8a00e1ab,3 Ave @ Atlantic Ave,car,48,33,1584,1.455,1,0.0,0.0,False
2026-08-15T19:24,1786821812.1,f801cf2f-cd02-4077-aa53-99ee8a00e1ab,3 Ave @ Atlantic Ave,truck,99,132,13068,0.75,2,26.6,33.54,False
2026-08-15T19:24,1786821816.1,f801cf2f-cd02-4077-aa53-99ee8a00e1ab,3 Ave @ Atlantic Ave,car,33,25,825,1.32,1,0.0,0.0,False
2026-08-15T19:24,1786821816.1,f801cf2f-cd02-4077-aa53-99ee8a00e1ab,3 Ave @ Atlantic Ave,truck,101,77,7777,1.312,1,0.0,0.0,False
2026-08-15T19:24,1786821816.1,f801cf2f-cd02-4077-aa53-99ee8a00e1ab,3 Ave @ Atlantic Ave,car,28,14,392,2.0,1,0.0,0.0,False
2026-08-15T19:24,1786821810.1,f801cf2f-cd02-4077-aa53-99ee8a00e1ab,3 Ave @ Atlantic Ave,car,27,28,756,0.964,3,0.0,0.75,False
2026-08-15T19:24,1786821814.1,f801cf2f-cd02-4077-aa53-99ee8a00e1ab,3 Ave @ Atlantic Ave,car,24,25,600,0.96,2,288.4,3.16,False
2026-08-15T19:24,1786821818.1,f801cf2f-cd02-4077-aa53-99ee8a00e1ab,3 Ave @ Atlantic Ave,truck,80,87,6960,0.92,3,114.4,3.02,False
2026-08-15T19:24,1786821820.1,f801cf2f-cd02-4077-aa53-99ee8a00e1ab,3 Ave @ Atlantic Ave,car,36,35,1260,1.029,1,0.0,0.0,False
2026-08-15T19:24,1786821820.1,f801cf2f-cd02-4077-aa53-99ee8a00e1ab,3 Ave @ Atlantic Ave,car,27,22,594,1.227,1,0.0,0.0,False
2026-08-15T19:24,1786821802.1,ed0f8bd4-fe44-4f86-98a9-91f45b446200,3 Ave @ Union St,car,195,42,8190,4.643,1,0.0,0.0,False
2026-08-15T19:24,1786821802.1,ed0f8bd4-fe44-4f86-98a9-91f45b446200,3 Ave @ Union St,car,135,97,13095,1.392,2,166.0,2.06,False
2026-08-15T19:24,1786821804.1,ed0f8bd4-fe44-4f86-98a9-91f45b446200,3 Ave @ Union St,car,51,56,2856,0.911,1,0.0,0.0,False
2026-08-15T19:24,1786821806.1,ed0f8bd4-fe44-4f86-98a9-91f45b446200,3 Ave @ Union St,truck,63,64,4032,0.984,1,0.0,0.0,False
2026-08-15T19:24,1786821806.1,ed0f8bd4-fe44-4f86-98a9-91f45b446200,3 Ave @ Union St,car,113,50,5650,2.26,1,0.0,0.0,False
2026-08-15T19:24,1786821806.1,ed0f8bd4-fe44-4f86-98a9-91f45b446200,3 Ave @ Union St,truck,67,47,3149,1.426,1,0.0,0.0,False
2026-08-15T19:24,1786821804.1,ed0f8bd4-fe44-4f86-98a9-91f45b446200,3 Ave @ Union St,car,196,77,15092,2.545,3,165.9,43.05,True
2026-08-15T19:24,1786821808.1,ed0f8bd4-fe44-4f86-98a9-91f45b446200,3 Ave @ Union St,bus,89,90,8010,0.989,1,0.0,0.0,False
2026-08-15T19:24,1786821808.1,ed0f8bd4-fe44-4f86-98a9-91f45b446200,3 Ave @ Union St,truck,63,49,3087,1.286,1,0.0,0.0,False
2026-08-15T19:24,1786821810.1,ed0f8bd4-fe44-4f86-98a9-91f45b446200,3 Ave @ Union St,car,197,33,6501,5.97,1,0.0,0.0,False
2026-08-15T19:24,1786821810.1,ed0f8bd4-fe44-4f86-98a9-91f45b446200,3 Ave @ Union St,car,52,54,2808,0.963,1,0.0,0.0,False
2026-08-15T19:24,1786821812.1,ed0f8bd4-fe44-4f86-98a9-91f45b446200,3 Ave @ Union St,car,112,94,10528,1.191,1,0.0,0.0,False
2026-08-15T19:24,1786821802.1,ed0f8bd4-fe44-4f86-98a9-91f45b446200,3 Ave @ Union St,truck,82,72,5904,1.139,11,270.0,0.15,False
2026-08-15T19:24,1786821802.1,ed0f8bd4-fe44-4f86-98a9-91f45b446200,3 Ave @ Union St,truck,115,98,11270,1.173,11,147.6,8.11,True
2026-08-15T19:24,1786821808.1,ed0f8bd4-fe44-4f86-98a9-91f45b446200,3 Ave @ Union St,truck,111,113,12543,0.982,8,146.3,6.18,False
2026-08-15T19:24,1786821818.1,ed0f8bd4-fe44-4f86-98a9-91f45b446200,3 Ave @ Union St,truck,134,66,8844,2.03,1,0.0,0.0,False
2026-08-15T19:24,1786821818.1,ed0f8bd4-fe44-4f86-98a9-91f45b446200,3 Ave @ Union St,car,115,94,10810,1.223,1,0.0,0.0,False
2026-08-15T19:24,1786821820.1,ed0f8bd4-fe44-4f86-98a9-91f45b446200,3 Ave @ Union St,truck,114,82,9348,1.39,1,0.0,0.0,False
2026-08-15T19:24,1786821802.1,2e0d5197-6073-411f-9d1a-326b30841679,Flushing Ave @ Williamsburg W St,car,33,32,1056,1.031,1,0.0,0.0,False
2026-08-15T19:24,1786821802.1,2e0d5197-6073-411f-9d1a-326b30841679,Flushing Ave @ Williamsburg W St,car,47,43,2021,1.093,1,0.0,0.0,False
2026-08-15T19:24,1786821804.1,2e0d5197-6073-411f-9d1a-326b30841679,Flushing Ave @ Williamsburg W St,car,36,29,1044,1.241,1,0.0,0.0,False
2026-08-15T19:24,1786821804.1,2e0d5197-6073-411f-9d1a-326b30841679,Flushing Ave @ Williamsburg W St,car,35,21,735,1.667,1,0.0,0.0,False
2026-08-15T19:24,1786821804.1,2e0d5197-6073-411f-9d1a-326b30841679,Flushing Ave @ Williamsburg W St,truck,96,100,9600,0.96,2,93.0,48.07,True
2026-08-15T19:24,1786821806.1,2e0d5197-6073-411f-9d1a-326b30841679,Flushing Ave @ Williamsburg W St,car,34,30,1020,1.133,1,0.0,0.0,False
2026-08-15T19:24,1786821806.1,2e0d5197-6073-411f-9d1a-326b30841679,Flushing Ave @ Williamsburg W St,car,32,19,608,1.684,1,0.0,0.0,False
2026-08-15T19:24,1786821808.1,2e0d5197-6073-411f-9d1a-326b30841679,Flushing Ave @ Williamsburg W St,car,45,44,1980,1.023,1,0.0,0.0,False
2026-08-15T19:24,1786821808.1,2e0d5197-6073-411f-9d1a-326b30841679,Flushing Ave @ Williamsburg W St,car,185,129,23865,1.434,1,0.0,0.0,False
2026-08-15T19:24,1786821808.1,2e0d5197-6073-411f-9d1a-326b30841679,Flushing Ave @ Williamsburg W St,car,39,17,663,2.294,1,0.0,0.0,False
2026-08-15T19:24,1786821808.1,2e0d5197-6073-411f-9d1a-326b30841679,Flushing Ave @ Williamsburg W St,car,30,30,900,1.0,1,0.0,0.0,False
2026-08-15T19:24,1786821810.1,2e0d5197-6073-411f-9d1a-326b30841679,Flushing Ave @ Williamsburg W St,car,45,42,1890,1.071,1,0.0,0.0,False
2026-08-15T19:24,1786821810.1,2e0d5197-6073-411f-9d1a-326b30841679,Flushing Ave @ Williamsburg W St,car,75,68,5100,1.103,1,0.0,0.0,False
2026-08-15T19:24,1786821802.1,9a01683c-321a-421b-b9c3-056bbf851f25,C2-PE-06-WB_at_6th_Ave-Ex2,car,93,68,6324,1.368,1,0.0,0.0,False
2026-08-15T19:24,1786821802.1,9a01683c-321a-421b-b9c3-056bbf851f25,C2-PE-06-WB_at_6th_Ave-Ex2,car,61,53,3233,1.151,1,0.0,0.0,False
2026-08-15T19:24,1786821804.1,9a01683c-321a-421b-b9c3-056bbf851f25,C2-PE-06-WB_at_6th_Ave-Ex2,car,118,80,9440,1.475,1,0.0,0.0,False
2026-08-15T19:24,1786821804.1,9a01683c-321a-421b-b9c3-056bbf851f25,C2-PE-06-WB_at_6th_Ave-Ex2,car,75,60,4500,1.25,1,0.0,0.0,False
2026-08-15T19:24,1786821802.1,9a01683c-321a-421b-b9c3-056bbf851f25,C2-PE-06-WB_at_6th_Ave-Ex2,car,88,95,8360,0.926,2,156.6,23.96,False
2026-08-15T19:24,1786821806.1,9a01683c-321a-421b-b9c3-056bbf851f25,C2-PE-06-WB_at_6th_Ave-Ex2,car,56,52,2912,1.077,1,0.0,0.0,False
2026-08-15T19:24,1786821806.1,9a01683c-321a-421b-b9c3-056bbf851f25,C2-PE-06-WB_at_6th_Ave-Ex2,car,71,51,3621,1.392,1,0.0,0.0,False
2026-08-15T19:24,1786821806.1,9a01683c-321a-421b-b9c3-056bbf851f25,C2-PE-06-WB_at_6th_Ave-Ex2,truck,89,97,8633,0.918,1,0.0,0.0,False
2026-08-15T19:24,1786821808.1,9a01683c-321a-421b-b9c3-056bbf851f25,C2-PE-06-WB_at_6th_Ave-Ex2,car,80,65,5200,1.231,1,0.0,0.0,False
2026-08-15T19:24,1786821808.1,9a01683c-321a-421b-b9c3-056bbf851f25,C2-PE-06-WB_at_6th_Ave-Ex2,car,65,54,3510,1.204,1,0.0,0.0,False
2026-08-15T19:24,1786821810.1,9a01683c-321a-421b-b9c3-056bbf851f25,C2-PE-06-WB_at_6th_Ave-Ex2,car,51,42,2142,1.214,1,0.0,0.0,False
2026-08-15T19:24,1786821810.1,9a01683c-321a-421b-b9c3-056bbf851f25,C2-PE-06-WB_at_6th_Ave-Ex2,car,104,93,9672,1.118,1,0.0,0.0,False
2026-08-15T19:24,1786821812.1,9a01683c-321a-421b-b9c3-056bbf851f25,C2-PE-06-WB_at_6th_Ave-Ex2,car,138,89,12282,1.551,1,0.0,0.0,False
2026-08-15T19:24,1786821812.1,9a01683c-321a-421b-b9c3-056bbf851f25,C2-PE-06-WB_at_6th_Ave-Ex2,car,115,36,4140,3.194,1,0.0,0.0,False
2026-08-15T19:24,1786821812.1,9a01683c-321a-421b-b9c3-056bbf851f25,C2-PE-06-WB_at_6th_Ave-Ex2,car,64,38,2432,1.684,1,0.0,0.0,False
2026-08-15T19:24,1786821812.1,9a01683c-321a-421b-b9c3-056bbf851f25,C2-PE-06-WB_at_6th_Ave-Ex2,car,71,47,3337,1.511,1,0.0,0.0,False
2026-08-15T19:24,1786821802.1,9a01683c-321a-421b-b9c3-056bbf851f25,C2-PE-06-WB_at_6th_Ave-Ex2,car,66,38,2508,1.737,4,250.9,9.17,True
2026-08-15T19:24,1786821810.1,9a01683c-321a-421b-b9c3-056bbf851f25,C2-PE-06-WB_at_6th_Ave-Ex2,car,77,68,5236,1.132,3,342.2,13.91,False
2026-08-15T19:24,1786821814.1,9a01683c-321a-421b-b9c3-056bbf851f25,C2-PE-06-WB_at_6th_Ave-Ex2,car,63,48,3024,1.312,1,0.0,0.0,False
2026-08-15T19:24,1786821814.1,9a01683c-321a-421b-b9c3-056bbf851f25,C2-PE-06-WB_at_6th_Ave-Ex2,car,40,28,1120,1.429,1,0.0,0.0,False
2026-08-15T19:24,1786821818.1,9a01683c-321a-421b-b9c3-056bbf851f25,C2-PE-06-WB_at_6th_Ave-Ex2,car,109,90,9810,1.211,1,0.0,0.0,False
2026-08-15T19:24,1786821818.1,9a01683c-321a-421b-b9c3-056bbf851f25,C2-PE-06-WB_at_6th_Ave-Ex2,car,59,42,2478,1.405,1,0.0,0.0,False
2026-08-15T19:24,1786821818.1,9a01683c-321a-421b-b9c3-056bbf851f25,C2-PE-06-WB_at_6th_Ave-Ex2,car,151,111,16761,1.36,1,0.0,0.0,False
2026-08-15T19:24,1786821818.1,9a01683c-321a-421b-b9c3-056bbf851f25,C2-PE-06-WB_at_6th_Ave-Ex2,car,118,73,8614,1.616,1,0.0,0.0,False
2026-08-15T19:24,1786821818.1,9a01683c-321a-421b-b9c3-056bbf851f25,C2-PE-06-WB_at_6th_Ave-Ex2,truck,154,113,17402,1.363,1,0.0,0.0,False
2026-08-15T19:24,1786821820.1,9a01683c-321a-421b-b9c3-056bbf851f25,C2-PE-06-WB_at_6th_Ave-Ex2,car,27,28,756,0.964,1,0.0,0.0,False
2026-08-15T19:24,1786821822.1,9a01683c-321a-421b-b9c3-056bbf851f25,C2-PE-06-WB_at_6th_Ave-Ex2,car,92,69,6348,1.333,1,0.0,0.0,False
2026-08-15T19:25,1786821876.1,c89b62d1-35be-4bb8-b22b-a77c2583733c,Eastern Pkwy @ Utica Ave,car,27,25,675,1.08,1,0.0,0.0,False
2026-08-15T19:25,1786821876.1,c89b62d1-35be-4bb8-b22b-a77c2583733c,Eastern Pkwy @ Utica Ave,car,62,42,2604,1.476,1,0.0,0.0,False
2026-08-15T19:25,1786821882.1,c89b62d1-35be-4bb8-b22b-a77c2583733c,Eastern Pkwy @ Utica Ave,car,35,37,1295,0.946,1,0.0,0.0,False
2026-08-15T19:25,1786821876.1,f4c47f52-9c8d-494a-92da-4dcc09a19fab,Eastern Pkwy @ Bedford Ave,truck,290,173,50170,1.676,2,53.1,70.0,False
2026-08-15T19:25,1786821876.1,f4c47f52-9c8d-494a-92da-4dcc09a19fab,Eastern Pkwy @ Bedford Ave,car,290,237,68730,1.224,5,38.7,4.8,False
2026-08-15T19:25,1786821878.1,f4c47f52-9c8d-494a-92da-4dcc09a19fab,Eastern Pkwy @ Bedford Ave,car,192,256,49152,0.75,4,352.4,2.52,False
2026-08-15T19:25,1786821878.1,f4c47f52-9c8d-494a-92da-4dcc09a19fab,Eastern Pkwy @ Bedford Ave,car,292,338,98696,0.864,4,240.1,28.45,False
2026-08-15T19:25,1786821878.1,f4c47f52-9c8d-494a-92da-4dcc09a19fab,Eastern Pkwy @ Bedford Ave,car,230,231,53130,0.996,4,273.4,2.84,False
2026-08-15T19:25,1786821880.1,f4c47f52-9c8d-494a-92da-4dcc09a19fab,Eastern Pkwy @ Bedford Ave,car,182,163,29666,1.117,3,126.9,1.25,False
2026-08-15T19:25,1786821882.1,f4c47f52-9c8d-494a-92da-4dcc09a19fab,Eastern Pkwy @ Bedford Ave,car,113,163,18419,0.693,2,116.6,2.24,False
2026-08-15T19:25,1786821884.1,f4c47f52-9c8d-494a-92da-4dcc09a19fab,Eastern Pkwy @ Bedford Ave,car,141,86,12126,1.64,1,0.0,0.0,False
2026-08-15T19:25,1786821876.1,2fe54994-17f6-499d-a3ab-8c6dc9dbda9e,Atlantic Ave @ Bedford Ave,car,38,38,1444,1.0,1,0.0,0.0,False
2026-08-15T19:25,1786821876.1,2fe54994-17f6-499d-a3ab-8c6dc9dbda9e,Atlantic Ave @ Bedford Ave,car,33,29,957,1.138,1,0.0,0.0,False
2026-08-15T19:25,1786821876.1,2fe54994-17f6-499d-a3ab-8c6dc9dbda9e,Atlantic Ave @ Bedford Ave,truck,53,65,3445,0.815,1,0.0,0.0,False
2026-08-15T19:25,1786821878.1,2fe54994-17f6-499d-a3ab-8c6dc9dbda9e,Atlantic Ave @ Bedford Ave,car,46,36,1656,1.278,1,0.0,0.0,False
2026-08-15T19:25,1786821878.1,2fe54994-17f6-499d-a3ab-8c6dc9dbda9e,Atlantic Ave @ Bedford Ave,truck,62,65,4030,0.954,1,0.0,0.0,False
2026-08-15T19:25,1786821876.1,2fe54994-17f6-499d-a3ab-8c6dc9dbda9e,Atlantic Ave @ Bedford Ave,truck,95,140,13300,0.679,5,245.0,2.07,False
2026-08-15T19:25,1786821878.1,2fe54994-17f6-499d-a3ab-8c6dc9dbda9e,Atlantic Ave @ Bedford Ave,truck,117,109,12753,1.073,4,124.5,3.24,False
2026-08-15T19:25,1786821884.1,2fe54994-17f6-499d-a3ab-8c6dc9dbda9e,Atlantic Ave @ Bedford Ave,truck,130,107,13910,1.215,3,270.0,0.25,False
2026-08-15T19:25,1786821876.1,2fe54994-17f6-499d-a3ab-8c6dc9dbda9e,Atlantic Ave @ Bedford Ave,truck,111,114,12654,0.974,10,110.6,0.47,False
2026-08-15T19:25,1786821876.1,2fe54994-17f6-499d-a3ab-8c6dc9dbda9e,Atlantic Ave @ Bedford Ave,truck,96,106,10176,0.906,8,277.4,1.66,False
2026-08-15T19:25,1786821878.1,2fe54994-17f6-499d-a3ab-8c6dc9dbda9e,Atlantic Ave @ Bedford Ave,car,64,56,3584,1.143,10,119.1,1.14,False
2026-08-15T19:25,1786821878.1,2fe54994-17f6-499d-a3ab-8c6dc9dbda9e,Atlantic Ave @ Bedford Ave,bus,67,73,4891,0.918,9,90.0,0.19,False
2026-08-15T19:25,1786821878.1,2fe54994-17f6-499d-a3ab-8c6dc9dbda9e,Atlantic Ave @ Bedford Ave,bus,110,109,11990,1.009,8,161.6,0.23,False
2026-08-15T19:25,1786821882.1,2fe54994-17f6-499d-a3ab-8c6dc9dbda9e,Atlantic Ave @ Bedford Ave,bus,98,110,10780,0.891,6,303.7,0.72,False
2026-08-15T19:25,1786821882.1,2fe54994-17f6-499d-a3ab-8c6dc9dbda9e,Atlantic Ave @ Bedford Ave,truck,93,142,13206,0.655,8,59.0,0.42,False
2026-08-15T19:25,1786821892.1,2fe54994-17f6-499d-a3ab-8c6dc9dbda9e,Atlantic Ave @ Bedford Ave,truck,90,144,12960,0.625,2,0.0,1.0,False
2026-08-15T19:25,1786821896.1,2fe54994-17f6-499d-a3ab-8c6dc9dbda9e,Atlantic Ave @ Bedford Ave,truck,122,100,12200,1.22,1,0.0,0.0,False
2026-08-15T19:25,1786821896.1,2fe54994-17f6-499d-a3ab-8c6dc9dbda9e,Atlantic Ave @ Bedford Ave,car,42,40,1680,1.05,1,0.0,0.0,False
2026-08-15T19:25,1786821876.1,2e43a9d0-1df8-4a38-ae20-2e0f359bb55d,Flatbush Ave @ Empire Blvd,truck,107,78,8346,1.372,1,0.0,0.0,False
2026-08-15T19:25,1786821876.1,2e43a9d0-1df8-4a38-ae20-2e0f359bb55d,Flatbush Ave @ Empire Blvd,car,76,40,3040,1.9,1,0.0,0.0,False
2026-08-15T19:25,1786821882.1,2e43a9d0-1df8-4a38-ae20-2e0f359bb55d,Flatbush Ave @ Empire Blvd,truck,58,52,3016,1.115,1,0.0,0.0,False
2026-08-15T19:25,1786821886.1,2e43a9d0-1df8-4a38-ae20-2e0f359bb55d,Flatbush Ave @ Empire Blvd,car,23,21,483,1.095,1,0.0,0.0,False
2026-08-15T19:25,1786821886.1,2e43a9d0-1df8-4a38-ae20-2e0f359bb55d,Flatbush Ave @ Empire Blvd,car,67,53,3551,1.264,1,0.0,0.0,False
2026-08-15T19:25,1786821886.1,2e43a9d0-1df8-4a38-ae20-2e0f359bb55d,Flatbush Ave @ Empire Blvd,car,92,86,7912,1.07,1,0.0,0.0,False
2026-08-15T19:25,1786821886.1,2e43a9d0-1df8-4a38-ae20-2e0f359bb55d,Flatbush Ave @ Empire Blvd,bus,184,105,19320,1.752,1,0.0,0.0,False
2026-08-15T19:25,1786821886.1,2e43a9d0-1df8-4a38-ae20-2e0f359bb55d,Flatbush Ave @ Empire Blvd,truck,184,105,19320,1.752,1,0.0,0.0,False
2026-08-15T19:25,1786821886.1,2e43a9d0-1df8-4a38-ae20-2e0f359bb55d,Flatbush Ave @ Empire Blvd,car,51,50,2550,1.02,1,0.0,0.0,False
2026-08-15T19:25,1786821884.1,2e43a9d0-1df8-4a38-ae20-2e0f359bb55d,Flatbush Ave @ Empire Blvd,car,115,80,9200,1.438,3,12.5,4.61,False
2026-08-15T19:25,1786821876.1,2e43a9d0-1df8-4a38-ae20-2e0f359bb55d,Flatbush Ave @ Empire Blvd,truck,113,113,12769,1.0,10,51.8,8.27,True
2026-08-15T19:25,1786821876.1,2e43a9d0-1df8-4a38-ae20-2e0f359bb55d,Flatbush Ave @ Empire Blvd,truck,76,64,4864,1.188,10,37.7,1.54,False
2026-08-15T19:25,1786821884.1,2e43a9d0-1df8-4a38-ae20-2e0f359bb55d,Flatbush Ave @ Empire Blvd,car,19,16,304,1.188,5,346.0,0.52,False
2026-08-15T19:25,1786821888.1,2e43a9d0-1df8-4a38-ae20-2e0f359bb55d,Flatbush Ave @ Empire Blvd,car,144,98,14112,1.469,3,13.8,33.47,True
2026-08-15T19:25,1786821892.1,2e43a9d0-1df8-4a38-ae20-2e0f359bb55d,Flatbush Ave @ Empire Blvd,car,115,56,6440,2.054,1,0.0,0.0,False
2026-08-15T19:25,1786821892.1,2e43a9d0-1df8-4a38-ae20-2e0f359bb55d,Flatbush Ave @ Empire Blvd,car,78,55,4290,1.418,3,166.0,2.06,False
2026-08-15T19:25,1786821894.1,2e43a9d0-1df8-4a38-ae20-2e0f359bb55d,Flatbush Ave @ Empire Blvd,car,45,32,1440,1.406,1,0.0,0.0,False
2026-08-15T19:25,1786821894.1,2e43a9d0-1df8-4a38-ae20-2e0f359bb55d,Flatbush Ave @ Empire Blvd,truck,144,97,13968,1.485,1,0.0,0.0,False
2026-08-15T19:25,1786821894.1,2e43a9d0-1df8-4a38-ae20-2e0f359bb55d,Flatbush Ave @ Empire Blvd,truck,72,48,3456,1.5,1,0.0,0.0,False
2026-08-15T19:25,1786821894.1,2e43a9d0-1df8-4a38-ae20-2e0f359bb55d,Flatbush Ave @ Empire Blvd,bus,72,48,3456,1.5,2,193.4,34.44,True
2026-08-15T19:25,1786821896.1,2e43a9d0-1df8-4a38-ae20-2e0f359bb55d,Flatbush Ave @ Empire Blvd,car,30,28,840,1.071,1,0.0,0.0,False
2026-08-15T19:25,1786821896.1,2e43a9d0-1df8-4a38-ae20-2e0f359bb55d,Flatbush Ave @ Empire Blvd,car,44,56,2464,0.786,1,0.0,0.0,False
2026-08-15T19:25,1786821896.1,2e43a9d0-1df8-4a38-ae20-2e0f359bb55d,Flatbush Ave @ Empire Blvd,truck,120,127,15240,0.945,1,0.0,0.0,False
2026-08-15T19:25,1786821896.1,2e43a9d0-1df8-4a38-ae20-2e0f359bb55d,Flatbush Ave @ Empire Blvd,truck,37,35,1295,1.057,1,0.0,0.0,False
2026-08-15T19:25,1786821876.1,1c51b3ec-3d29-4025-928d-4e182e7c0bd5,Grand Army Plaza,car,81,31,2511,2.613,1,0.0,0.0,False
2026-08-15T19:25,1786821878.1,1c51b3ec-3d29-4025-928d-4e182e7c0bd5,Grand Army Plaza,car,38,24,912,1.583,2,330.3,4.03,False
2026-08-15T19:25,1786821876.1,1c51b3ec-3d29-4025-928d-4e182e7c0bd5,Grand Army Plaza,truck,203,163,33089,1.245,10,206.6,0.12,False
2026-08-15T19:25,1786821882.1,1c51b3ec-3d29-4025-928d-4e182e7c0bd5,Grand Army Plaza,bus,286,108,30888,2.648,7,350.9,23.72,True
2026-08-15T19:25,1786821890.1,1c51b3ec-3d29-4025-928d-4e182e7c0bd5,Grand Army Plaza,truck,205,155,31775,1.323,3,45.0,1.41,False
2026-08-15T19:25,1786821896.1,1c51b3ec-3d29-4025-928d-4e182e7c0bd5,Grand Army Plaza,car,123,57,7011,2.158,1,0.0,0.0,False
2026-08-15T19:25,1786821896.1,1c51b3ec-3d29-4025-928d-4e182e7c0bd5,Grand Army Plaza,truck,68,39,2652,1.744,1,0.0,0.0,False
2026-08-15T19:25,1786821876.1,cb68b8b1-9093-4f2e-acf2-8133b047e8df,Flatbush Ave @ Eastern Pkwy,car,37,30,1110,1.233,1,0.0,0.0,False
2026-08-15T19:25,1786821878.1,cb68b8b1-9093-4f2e-acf2-8133b047e8df,Flatbush Ave @ Eastern Pkwy,car,52,44,2288,1.182,1,0.0,0.0,False
2026-08-15T19:25,1786821890.1,cb68b8b1-9093-4f2e-acf2-8133b047e8df,Flatbush Ave @ Eastern Pkwy,moto,84,79,6636,1.063,3,121.0,1.46,False
2026-08-15T19:25,1786821876.1,2064d8ab-597a-45d8-a3c9-5ab95a4e69e6,7 Ave @ Union St,car,34,26,884,1.308,1,0.0,0.0,False
2026-08-15T19:25,1786821886.1,2064d8ab-597a-45d8-a3c9-5ab95a4e69e6,7 Ave @ Union St,car,39,40,1560,0.975,1,0.0,0.0,False
2026-08-15T19:25,1786821888.1,2064d8ab-597a-45d8-a3c9-5ab95a4e69e6,7 Ave @ Union St,car,53,41,2173,1.293,1,0.0,0.0,False
2026-08-15T19:25,1786821888.1,2064d8ab-597a-45d8-a3c9-5ab95a4e69e6,7 Ave @ Union St,car,70,35,2450,2.0,1,0.0,0.0,False
2026-08-15T19:25,1786821888.1,2064d8ab-597a-45d8-a3c9-5ab95a4e69e6,7 Ave @ Union St,car,44,28,1232,1.571,1,0.0,0.0,False
2026-08-15T19:25,1786821888.1,2064d8ab-597a-45d8-a3c9-5ab95a4e69e6,7 Ave @ Union St,car,29,17,493,1.706,1,0.0,0.0,False
2026-08-15T19:25,1786821886.1,2064d8ab-597a-45d8-a3c9-5ab95a4e69e6,7 Ave @ Union St,car,39,45,1755,0.867,3,320.7,7.11,False
2026-08-15T19:25,1786821894.1,2064d8ab-597a-45d8-a3c9-5ab95a4e69e6,7 Ave @ Union St,car,42,37,1554,1.135,1,0.0,0.0,False
2026-08-15T19:25,1786821894.1,2064d8ab-597a-45d8-a3c9-5ab95a4e69e6,7 Ave @ Union St,car,35,32,1120,1.094,2,0.0,0.5,False
2026-08-15T19:25,1786821894.1,2064d8ab-597a-45d8-a3c9-5ab95a4e69e6,7 Ave @ Union St,car,43,41,1763,1.049,2,104.0,2.06,False
2026-08-15T19:25,1786821896.1,2064d8ab-597a-45d8-a3c9-5ab95a4e69e6,7 Ave @ Union St,car,29,24,696,1.208,1,0.0,0.0,False
2026-08-15T19:25,1786821876.1,fde1748c-7c0f-4df8-8acd-120df29a9305,Atlantic Ave @ Eastern Pkwy,car,27,20,540,1.35,1,0.0,0.0,False
2026-08-15T19:25,1786821876.1,fde1748c-7c0f-4df8-8acd-120df29a9305,Atlantic Ave @ Eastern Pkwy,bus,94,59,5546,1.593,6,183.2,1.8,False
2026-08-15T19:25,1786821878.1,fde1748c-7c0f-4df8-8acd-120df29a9305,Atlantic Ave @ Eastern Pkwy,bus,133,113,15029,1.177,5,225.0,0.18,False
2026-08-15T19:25,1786821888.1,fde1748c-7c0f-4df8-8acd-120df29a9305,Atlantic Ave @ Eastern Pkwy,car,34,30,1020,1.133,1,0.0,0.0,False
2026-08-15T19:25,1786821876.1,fde1748c-7c0f-4df8-8acd-120df29a9305,Atlantic Ave @ Eastern Pkwy,truck,88,72,6336,1.222,6,161.6,7.59,True
2026-08-15T19:25,1786821890.1,fde1748c-7c0f-4df8-8acd-120df29a9305,Atlantic Ave @ Eastern Pkwy,truck,79,56,4424,1.411,1,0.0,0.0,False
2026-08-15T19:25,1786821876.1,fde1748c-7c0f-4df8-8acd-120df29a9305,Atlantic Ave @ Eastern Pkwy,bus,46,115,5290,0.4,10,246.3,1.52,False
2026-08-15T19:25,1786821876.1,fde1748c-7c0f-4df8-8acd-120df29a9305,Atlantic Ave @ Eastern Pkwy,bus,159,145,23055,1.097,8,113.0,9.31,True
2026-08-15T19:25,1786821878.1,fde1748c-7c0f-4df8-8acd-120df29a9305,Atlantic Ave @ Eastern Pkwy,car,31,38,1178,0.816,10,76.0,0.46,False
2026-08-15T19:25,1786821882.1,fde1748c-7c0f-4df8-8acd-120df29a9305,Atlantic Ave @ Eastern Pkwy,bus,123,121,14883,1.017,5,185.0,15.69,True
2026-08-15T19:25,1786821886.1,fde1748c-7c0f-4df8-8acd-120df29a9305,Atlantic Ave @ Eastern Pkwy,car,46,47,2162,0.979,6,66.8,0.76,False
2026-08-15T19:25,1786821886.1,fde1748c-7c0f-4df8-8acd-120df29a9305,Atlantic Ave @ Eastern Pkwy,car,34,35,1190,0.971,4,307.9,1.9,False
2026-08-15T19:25,1786821888.1,fde1748c-7c0f-4df8-8acd-120df29a9305,Atlantic Ave @ Eastern Pkwy,car,107,94,10058,1.138,3,313.2,11.32,False
2026-08-15T19:25,1786821890.1,fde1748c-7c0f-4df8-8acd-120df29a9305,Atlantic Ave @ Eastern Pkwy,car,28,28,784,1.0,4,180.0,0.17,False
2026-08-15T19:25,1786821890.1,fde1748c-7c0f-4df8-8acd-120df29a9305,Atlantic Ave @ Eastern Pkwy,car,11,47,517,0.234,4,315.0,0.24,False
2026-08-15T19:25,1786821890.1,fde1748c-7c0f-4df8-8acd-120df29a9305,Atlantic Ave @ Eastern Pkwy,car,43,39,1677,1.103,2,171.9,10.61,False
2026-08-15T19:25,1786821892.1,fde1748c-7c0f-4df8-8acd-120df29a9305,Atlantic Ave @ Eastern Pkwy,car,67,66,4422,1.015,2,153.4,4.47,False
2026-08-15T19:25,1786821892.1,fde1748c-7c0f-4df8-8acd-120df29a9305,Atlantic Ave @ Eastern Pkwy,truck,94,117,10998,0.803,1,0.0,0.0,False
2026-08-15T19:25,1786821892.1,fde1748c-7c0f-4df8-8acd-120df29a9305,Atlantic Ave @ Eastern Pkwy,car,106,77,8162,1.377,1,0.0,0.0,False
2026-08-15T19:25,1786821892.1,fde1748c-7c0f-4df8-8acd-120df29a9305,Atlantic Ave @ Eastern Pkwy,truck,46,47,2162,0.979,1,0.0,0.0,False
2026-08-15T19:25,1786821892.1,fde1748c-7c0f-4df8-8acd-120df29a9305,Atlantic Ave @ Eastern Pkwy,car,47,48,2256,0.979,1,0.0,0.0,False
2026-08-15T19:25,1786821892.1,fde1748c-7c0f-4df8-8acd-120df29a9305,Atlantic Ave @ Eastern Pkwy,car,51,52,2652,0.981,2,328.4,22.9,True
2026-08-15T19:25,1786821892.1,fde1748c-7c0f-4df8-8acd-120df29a9305,Atlantic Ave @ Eastern Pkwy,car,35,37,1295,0.946,1,0.0,0.0,False
2026-08-15T19:25,1786821892.1,fde1748c-7c0f-4df8-8acd-120df29a9305,Atlantic Ave @ Eastern Pkwy,car,38,26,988,1.462,1,0.0,0.0,False
2026-08-15T19:25,1786821894.1,fde1748c-7c0f-4df8-8acd-120df29a9305,Atlantic Ave @ Eastern Pkwy,truck,62,53,3286,1.17,2,339.2,15.51,False
2026-08-15T19:25,1786821894.1,fde1748c-7c0f-4df8-8acd-120df29a9305,Atlantic Ave @ Eastern Pkwy,car,31,27,837,1.148,1,0.0,0.0,False
2026-08-15T19:25,1786821894.1,fde1748c-7c0f-4df8-8acd-120df29a9305,Atlantic Ave @ Eastern Pkwy,truck,129,105,13545,1.229,1,0.0,0.0,False
2026-08-15T19:25,1786821894.1,fde1748c-7c0f-4df8-8acd-120df29a9305,Atlantic Ave @ Eastern Pkwy,car,128,104,13312,1.231,1,0.0,0.0,False
2026-08-15T19:25,1786821894.1,fde1748c-7c0f-4df8-8acd-120df29a9305,Atlantic Ave @ Eastern Pkwy,car,23,22,506,1.045,2,129.8,3.91,False
2026-08-15T19:25,1786821896.1,fde1748c-7c0f-4df8-8acd-120df29a9305,Atlantic Ave @ Eastern Pkwy,car,84,71,5964,1.183,1,0.0,0.0,False
2026-08-15T19:25,1786821896.1,fde1748c-7c0f-4df8-8acd-120df29a9305,Atlantic Ave @ Eastern Pkwy,car,77,72,5544,1.069,1,0.0,0.0,False
2026-08-15T19:25,1786821896.1,fde1748c-7c0f-4df8-8acd-120df29a9305,Atlantic Ave @ Eastern Pkwy,car,29,38,1102,0.763,1,0.0,0.0,False
2026-08-15T19:25,1786821896.1,fde1748c-7c0f-4df8-8acd-120df29a9305,Atlantic Ave @ Eastern Pkwy,car,25,26,650,0.962,1,0.0,0.0,False
2026-08-15T19:25,1786821896.1,fde1748c-7c0f-4df8-8acd-120df29a9305,Atlantic Ave @ Eastern Pkwy,car,24,17,408,1.412,1,0.0,0.0,False
2026-08-15T19:25,1786821878.1,6851bbf7-e079-4379-b021-e5c7dafcb8c9,8 Ave @ 9 St,car,44,30,1320,1.467,1,0.0,0.0,False
2026-08-15T19:25,1786821876.1,6851bbf7-e079-4379-b021-e5c7dafcb8c9,8 Ave @ 9 St,car,44,42,1848,1.048,4,0.0,0.0,False
2026-08-15T19:25,1786821880.1,6851bbf7-e079-4379-b021-e5c7dafcb8c9,8 Ave @ 9 St,car,47,34,1598,1.382,2,135.0,0.71,False
2026-08-15T19:25,1786821888.1,6851bbf7-e079-4379-b021-e5c7dafcb8c9,8 Ave @ 9 St,car,45,43,1935,1.047,1,0.0,0.0,False
2026-08-15T19:25,1786821876.1,6851bbf7-e079-4379-b021-e5c7dafcb8c9,8 Ave @ 9 St,truck,99,79,7821,1.253,8,225.0,0.1,False
2026-08-15T19:25,1786821876.1,6851bbf7-e079-4379-b021-e5c7dafcb8c9,8 Ave @ 9 St,car,89,69,6141,1.29,10,288.4,1.05,False
2026-08-15T19:25,1786821876.1,6851bbf7-e079-4379-b021-e5c7dafcb8c9,8 Ave @ 9 St,car,97,78,7566,1.244,8,153.4,0.16,False
2026-08-15T19:25,1786821890.1,6851bbf7-e079-4379-b021-e5c7dafcb8c9,8 Ave @ 9 St,truck,69,81,5589,0.852,2,203.6,21.27,False
2026-08-15T19:25,1786821890.1,6851bbf7-e079-4379-b021-e5c7dafcb8c9,8 Ave @ 9 St,car,70,80,5600,0.875,1,0.0,0.0,False
2026-08-15T19:25,1786821892.1,6851bbf7-e079-4379-b021-e5c7dafcb8c9,8 Ave @ 9 St,car,64,68,4352,0.941,2,262.4,7.57,False
2026-08-15T19:25,1786821892.1,6851bbf7-e079-4379-b021-e5c7dafcb8c9,8 Ave @ 9 St,truck,102,113,11526,0.903,1,0.0,0.0,False
2026-08-15T19:25,1786821892.1,6851bbf7-e079-4379-b021-e5c7dafcb8c9,8 Ave @ 9 St,car,144,171,24624,0.842,2,141.3,67.94,False
2026-08-15T19:25,1786821892.1,6851bbf7-e079-4379-b021-e5c7dafcb8c9,8 Ave @ 9 St,car,45,34,1530,1.324,2,110.6,4.27,False
2026-08-15T19:25,1786821892.1,6851bbf7-e079-4379-b021-e5c7dafcb8c9,8 Ave @ 9 St,car,103,116,11948,0.888,1,0.0,0.0,False
2026-08-15T19:25,1786821894.1,6851bbf7-e079-4379-b021-e5c7dafcb8c9,8 Ave @ 9 St,car,43,28,1204,1.536,1,0.0,0.0,False
2026-08-15T19:25,1786821894.1,6851bbf7-e079-4379-b021-e5c7dafcb8c9,8 Ave @ 9 St,car,68,58,3944,1.172,1,0.0,0.0,False
2026-08-15T19:25,1786821880.1,74707723-013b-4bf1-9a8b-c209dbf71984,Bushwick Ave @ Gates Ave,car,37,36,1332,1.028,2,18.4,1.58,False
2026-08-15T19:25,1786821876.1,74707723-013b-4bf1-9a8b-c209dbf71984,Bushwick Ave @ Gates Ave,car,57,74,4218,0.77,5,33.7,1.8,False
2026-08-15T19:25,1786821878.1,74707723-013b-4bf1-9a8b-c209dbf71984,Bushwick Ave @ Gates Ave,car,37,41,1517,0.902,3,256.0,4.12,False
2026-08-15T19:25,1786821882.1,74707723-013b-4bf1-9a8b-c209dbf71984,Bushwick Ave @ Gates Ave,truck,60,44,2640,1.364,2,153.4,2.24,False
2026-08-15T19:25,1786821886.1,74707723-013b-4bf1-9a8b-c209dbf71984,Bushwick Ave @ Gates Ave,car,65,63,4095,1.032,1,0.0,0.0,False
2026-08-15T19:25,1786821878.1,74707723-013b-4bf1-9a8b-c209dbf71984,Bushwick Ave @ Gates Ave,car,102,165,16830,0.618,6,252.0,18.4,True
2026-08-15T19:25,1786821888.1,74707723-013b-4bf1-9a8b-c209dbf71984,Bushwick Ave @ Gates Ave,car,35,43,1505,0.814,1,0.0,0.0,False
2026-08-15T19:25,1786821876.1,74707723-013b-4bf1-9a8b-c209dbf71984,Bushwick Ave @ Gates Ave,car,118,145,17110,0.814,6,43.8,6.79,False
2026-08-15T19:25,1786821880.1,74707723-013b-4bf1-9a8b-c209dbf71984,Bushwick Ave @ Gates Ave,car,46,60,2760,0.767,5,119.1,1.29,False
2026-08-15T19:25,1786821890.1,74707723-013b-4bf1-9a8b-c209dbf71984,Bushwick Ave @ Gates Ave,truck,117,146,17082,0.801,1,0.0,0.0,False
2026-08-15T19:25,1786821890.1,74707723-013b-4bf1-9a8b-c209dbf71984,Bushwick Ave @ Gates Ave,truck,56,43,2408,1.302,1,0.0,0.0,False
2026-08-15T19:25,1786821876.1,74707723-013b-4bf1-9a8b-c209dbf71984,Bushwick Ave @ Gates Ave,car,63,106,6678,0.594,11,90.0,0.05,False
2026-08-15T19:25,1786821888.1,74707723-013b-4bf1-9a8b-c209dbf71984,Bushwick Ave @ Gates Ave,car,134,100,13400,1.34,3,61.9,8.5,False
2026-08-15T19:25,1786821888.1,74707723-013b-4bf1-9a8b-c209dbf71984,Bushwick Ave @ Gates Ave,car,60,59,3540,1.017,2,48.4,24.08,True
2026-08-15T19:25,1786821888.1,74707723-013b-4bf1-9a8b-c209dbf71984,Bushwick Ave @ Gates Ave,car,111,185,20535,0.6,2,259.3,51.39,False
2026-08-15T19:25,1786821892.1,74707723-013b-4bf1-9a8b-c209dbf71984,Bushwick Ave @ Gates Ave,car,138,79,10902,1.747,2,120.3,6.95,False
2026-08-15T19:25,1786821892.1,74707723-013b-4bf1-9a8b-c209dbf71984,Bushwick Ave @ Gates Ave,truck,110,184,20240,0.598,1,0.0,0.0,False
2026-08-15T19:25,1786821892.1,74707723-013b-4bf1-9a8b-c209dbf71984,Bushwick Ave @ Gates Ave,car,29,21,609,1.381,1,0.0,0.0,False
2026-08-15T19:25,1786821892.1,74707723-013b-4bf1-9a8b-c209dbf71984,Bushwick Ave @ Gates Ave,car,38,44,1672,0.864,2,116.6,1.12,False
2026-08-15T19:25,1786821894.1,74707723-013b-4bf1-9a8b-c209dbf71984,Bushwick Ave @ Gates Ave,car,72,73,5256,0.986,1,0.0,0.0,False
2026-08-15T19:25,1786821894.1,74707723-013b-4bf1-9a8b-c209dbf71984,Bushwick Ave @ Gates Ave,car,30,31,930,0.968,1,0.0,0.0,False
2026-08-15T19:25,1786821876.1,a8805cdb-e305-42d0-b011-cb825380cf8e,Bushwick Ave @ Cooper St,car,24,17,408,1.412,1,0.0,0.0,False
2026-08-15T19:25,1786821876.1,a8805cdb-e305-42d0-b011-cb825380cf8e,Bushwick Ave @ Cooper St,car,67,78,5226,0.859,1,0.0,0.0,False
2026-08-15T19:25,1786821876.1,a8805cdb-e305-42d0-b011-cb825380cf8e,Bushwick Ave @ Cooper St,car,30,18,540,1.667,1,0.0,0.0,False
2026-08-15T19:25,1786821876.1,a8805cdb-e305-42d0-b011-cb825380cf8e,Bushwick Ave @ Cooper St,truck,67,77,5159,0.87,1,0.0,0.0,False
2026-08-15T19:25,1786821878.1,a8805cdb-e305-42d0-b011-cb825380cf8e,Bushwick Ave @ Cooper St,car,33,32,1056,1.031,1,0.0,0.0,False
2026-08-15T19:25,1786821876.1,a8805cdb-e305-42d0-b011-cb825380cf8e,Bushwick Ave @ Cooper St,truck,85,71,6035,1.197,3,33.7,9.92,False
2026-08-15T19:25,1786821876.1,a8805cdb-e305-42d0-b011-cb825380cf8e,Bushwick Ave @ Cooper St,truck,17,94,1598,0.181,2,251.6,1.58,False
2026-08-15T19:25,1786821876.1,a8805cdb-e305-42d0-b011-cb825380cf8e,Bushwick Ave @ Cooper St,truck,84,89,7476,0.944,5,180.0,0.12,False
2026-08-15T19:25,1786821876.1,a8805cdb-e305-42d0-b011-cb825380cf8e,Bushwick Ave @ Cooper St,truck,81,94,7614,0.862,4,281.3,0.85,False
2026-08-15T19:25,1786821878.1,a8805cdb-e305-42d0-b011-cb825380cf8e,Bushwick Ave @ Cooper St,car,120,94,11280,1.277,5,120.1,4.48,False
2026-08-15T19:25,1786821888.1,a8805cdb-e305-42d0-b011-cb825380cf8e,Bushwick Ave @ Cooper St,car,25,25,625,1.0,2,315.0,2.12,False
2026-08-15T19:25,1786821890.1,a8805cdb-e305-42d0-b011-cb825380cf8e,Bushwick Ave @ Cooper St,car,18,14,252,1.286,1,0.0,0.0,False
2026-08-15T19:25,1786821878.1,a8805cdb-e305-42d0-b011-cb825380cf8e,Bushwick Ave @ Cooper St,truck,52,51,2652,1.02,10,101.3,0.28,False
2026-08-15T19:25,1786821880.1,a8805cdb-e305-42d0-b011-cb825380cf8e,Bushwick Ave @ Cooper St,car,113,116,13108,0.974,6,120.7,4.3,False
2026-08-15T19:25,1786821880.1,a8805cdb-e305-42d0-b011-cb825380cf8e,Bushwick Ave @ Cooper St,car,60,64,3840,0.938,9,123.2,5.82,True
2026-08-15T19:25,1786821880.1,a8805cdb-e305-42d0-b011-cb825380cf8e,Bushwick Ave @ Cooper St,car,91,90,8190,1.011,8,125.2,9.53,True
2026-08-15T19:25,1786821880.1,a8805cdb-e305-42d0-b011-cb825380cf8e,Bushwick Ave @ Cooper St,truck,80,92,7360,0.87,8,90.0,0.14,False
2026-08-15T19:25,1786821884.1,a8805cdb-e305-42d0-b011-cb825380cf8e,Bushwick Ave @ Cooper St,car,85,92,7820,0.924,7,135.0,0.24,False
2026-08-15T19:25,1786821886.1,a8805cdb-e305-42d0-b011-cb825380cf8e,Bushwick Ave @ Cooper St,car,124,29,3596,4.276,6,225.0,0.14,False
2026-08-15T19:25,1786821886.1,a8805cdb-e305-42d0-b011-cb825380cf8e,Bushwick Ave @ Cooper St,car,32,16,512,2.0,6,251.6,0.32,False
2026-08-15T19:25,1786821888.1,a8805cdb-e305-42d0-b011-cb825380cf8e,Bushwick Ave @ Cooper St,car,337,235,79195,1.434,4,181.8,41.52,False
2026-08-15T19:25,1786821888.1,a8805cdb-e305-42d0-b011-cb825380cf8e,Bushwick Ave @ Cooper St,truck,18,100,1800,0.18,3,284.0,2.06,False
2026-08-15T19:25,1786821892.1,a8805cdb-e305-42d0-b011-cb825380cf8e,Bushwick Ave @ Cooper St,bus,100,122,12200,0.82,1,0.0,0.0,False
2026-08-15T19:25,1786821892.1,a8805cdb-e305-42d0-b011-cb825380cf8e,Bushwick Ave @ Cooper St,truck,101,124,12524,0.815,1,0.0,0.0,False
2026-08-15T19:25,1786821894.1,a8805cdb-e305-42d0-b011-cb825380cf8e,Bushwick Ave @ Cooper St,bus,58,71,4118,0.817,2,278.7,19.73,False
2026-08-15T19:25,1786821894.1,a8805cdb-e305-42d0-b011-cb825380cf8e,Bushwick Ave @ Cooper St,car,79,87,6873,0.908,1,0.0,0.0,False
2026-08-15T19:25,1786821896.1,a8805cdb-e305-42d0-b011-cb825380cf8e,Bushwick Ave @ Cooper St,car,36,41,1476,0.878,1,0.0,0.0,False
2026-08-15T19:25,1786821896.1,a8805cdb-e305-42d0-b011-cb825380cf8e,Bushwick Ave @ Cooper St,car,58,63,3654,0.921,1,0.0,0.0,False
2026-08-15T19:25,1786821896.1,a8805cdb-e305-42d0-b011-cb825380cf8e,Bushwick Ave @ Cooper St,truck,30,37,1110,0.811,1,0.0,0.0,False
2026-08-15T19:25,1786821876.1,068461e2-c62f-4ce4-adac-5f9efe92af1d,Bushwick Ave @ De Kalb Ave,car,102,124,12648,0.823,1,0.0,0.0,False
2026-08-15T19:25,1786821876.1,068461e2-c62f-4ce4-adac-5f9efe92af1d,Bushwick Ave @ De Kalb Ave,truck,82,94,7708,0.872,1,0.0,0.0,False
2026-08-15T19:25,1786821876.1,068461e2-c62f-4ce4-adac-5f9efe92af1d,Bushwick Ave @ De Kalb Ave,bus,76,100,7600,0.76,1,0.0,0.0,False
2026-08-15T19:25,1786821876.1,068461e2-c62f-4ce4-adac-5f9efe92af1d,Bushwick Ave @ De Kalb Ave,car,184,223,41032,0.825,2,260.8,97.24,True
2026-08-15T19:25,1786821878.1,068461e2-c62f-4ce4-adac-5f9efe92af1d,Bushwick Ave @ De Kalb Ave,bus,173,221,38233,0.783,3,149.7,27.78,False
2026-08-15T19:25,1786821882.1,068461e2-c62f-4ce4-adac-5f9efe92af1d,Bushwick Ave @ De Kalb Ave,car,24,23,552,1.043,1,0.0,0.0,False
2026-08-15T19:25,1786821886.1,068461e2-c62f-4ce4-adac-5f9efe92af1d,Bushwick Ave @ De Kalb Ave,car,293,71,20803,4.127,1,0.0,0.0,False
2026-08-15T19:25,1786821886.1,068461e2-c62f-4ce4-adac-5f9efe92af1d,Bushwick Ave @ De Kalb Ave,car,28,28,784,1.0,1,0.0,0.0,False
2026-08-15T19:25,1786821888.1,068461e2-c62f-4ce4-adac-5f9efe92af1d,Bushwick Ave @ De Kalb Ave,truck,64,60,3840,1.067,1,0.0,0.0,False
2026-08-15T19:25,1786821882.1,068461e2-c62f-4ce4-adac-5f9efe92af1d,Bushwick Ave @ De Kalb Ave,car,604,230,138920,2.626,4,351.1,98.51,True
2026-08-15T19:25,1786821886.1,068461e2-c62f-4ce4-adac-5f9efe92af1d,Bushwick Ave @ De Kalb Ave,car,26,36,936,0.722,3,0.0,2.75,False
2026-08-15T19:25,1786821886.1,068461e2-c62f-4ce4-adac-5f9efe92af1d,Bushwick Ave @ De Kalb Ave,car,65,57,3705,1.14,6,127.9,1.14,False
2026-08-15T19:25,1786821892.1,068461e2-c62f-4ce4-adac-5f9efe92af1d,Bushwick Ave @ De Kalb Ave,truck,130,190,24700,0.684,1,0.0,0.0,False
2026-08-15T19:25,1786821894.1,068461e2-c62f-4ce4-adac-5f9efe92af1d,Bushwick Ave @ De Kalb Ave,bus,406,105,42630,3.867,2,166.6,162.39,False
2026-08-15T19:25,1786821894.1,068461e2-c62f-4ce4-adac-5f9efe92af1d,Bushwick Ave @ De Kalb Ave,truck,151,184,27784,0.821,1,0.0,0.0,False
2026-08-15T19:25,1786821896.1,068461e2-c62f-4ce4-adac-5f9efe92af1d,Bushwick Ave @ De Kalb Ave,car,27,26,702,1.038,1,0.0,0.0,False
2026-08-15T19:25,1786821876.1,089d8066-4e5e-4549-9496-a5f4ffb56ef5,7 Ave @ 9 St,car,23,19,437,1.211,1,0.0,0.0,False
2026-08-15T19:25,1786821876.1,089d8066-4e5e-4549-9496-a5f4ffb56ef5,7 Ave @ 9 St,moto,28,39,1092,0.718,1,0.0,0.0,False
2026-08-15T19:25,1786821876.1,089d8066-4e5e-4549-9496-a5f4ffb56ef5,7 Ave @ 9 St,truck,65,102,6630,0.637,3,90.0,2.5,False
2026-08-15T19:25,1786821876.1,089d8066-4e5e-4549-9496-a5f4ffb56ef5,7 Ave @ 9 St,car,80,63,5040,1.27,3,311.0,12.58,False
2026-08-15T19:25,1786821878.1,089d8066-4e5e-4549-9496-a5f4ffb56ef5,7 Ave @ 9 St,car,33,23,759,1.435,2,333.4,1.12,False
2026-08-15T19:25,1786821880.1,089d8066-4e5e-4549-9496-a5f4ffb56ef5,7 Ave @ 9 St,moto,79,53,4187,1.491,1,0.0,0.0,False
2026-08-15T19:25,1786821880.1,089d8066-4e5e-4549-9496-a5f4ffb56ef5,7 Ave @ 9 St,car,78,53,4134,1.472,1,0.0,0.0,False
2026-08-15T19:25,1786821876.1,089d8066-4e5e-4549-9496-a5f4ffb56ef5,7 Ave @ 9 St,car,86,85,7310,1.012,5,168.7,0.64,False
2026-08-15T19:25,1786821884.1,089d8066-4e5e-4549-9496-a5f4ffb56ef5,7 Ave @ 9 St,car,43,37,1591,1.162,1,0.0,0.0,False
2026-08-15T19:25,1786821884.1,089d8066-4e5e-4549-9496-a5f4ffb56ef5,7 Ave @ 9 St,truck,44,37,1628,1.189,1,0.0,0.0,False
2026-08-15T19:25,1786821876.1,089d8066-4e5e-4549-9496-a5f4ffb56ef5,7 Ave @ 9 St,car,131,166,21746,0.789,6,179.4,8.9,False
2026-08-15T19:25,1786821886.1,089d8066-4e5e-4549-9496-a5f4ffb56ef5,7 Ave @ 9 St,truck,60,42,2520,1.429,1,0.0,0.0,False
2026-08-15T19:25,1786821876.1,089d8066-4e5e-4549-9496-a5f4ffb56ef5,7 Ave @ 9 St,truck,86,89,7654,0.966,5,46.7,6.01,False
2026-08-15T19:25,1786821888.1,089d8066-4e5e-4549-9496-a5f4ffb56ef5,7 Ave @ 9 St,car,33,26,858,1.269,1,0.0,0.0,False
2026-08-15T19:25,1786821876.1,089d8066-4e5e-4549-9496-a5f4ffb56ef5,7 Ave @ 9 St,car,52,34,1768,1.529,9,203.2,0.48,False
2026-08-15T19:25,1786821880.1,089d8066-4e5e-4549-9496-a5f4ffb56ef5,7 Ave @ 9 St,truck,65,98,6370,0.663,8,135.0,0.1,False
2026-08-15T19:25,1786821892.1,089d8066-4e5e-4549-9496-a5f4ffb56ef5,7 Ave @ 9 St,bus,49,71,3479,0.69,1,0.0,0.0,False
2026-08-15T19:25,1786821892.1,089d8066-4e5e-4549-9496-a5f4ffb56ef5,7 Ave @ 9 St,car,35,23,805,1.522,1,0.0,0.0,False
2026-08-15T19:25,1786821876.1,a8f2d065-c266-4378-ac63-50b81677da84,C2-PE-02-Ctr_at_Ft_Hamltn_Pkwy-Ex5,car,277,61,16897,4.541,1,0.0,0.0,False
2026-08-15T19:25,1786821876.1,053afe02-e1b3-4bea-9995-787e72c7fff4,Atlantic Ave @ Barclays Center,car,30,25,750,1.2,1,0.0,0.0,False
2026-08-15T19:25,1786821876.1,053afe02-e1b3-4bea-9995-787e72c7fff4,Atlantic Ave @ Barclays Center,car,25,16,400,1.562,1,0.0,0.0,False
2026-08-15T19:25,1786821882.1,053afe02-e1b3-4bea-9995-787e72c7fff4,Atlantic Ave @ Barclays Center,car,43,40,1720,1.075,1,0.0,0.0,False
2026-08-15T19:25,1786821884.1,053afe02-e1b3-4bea-9995-787e72c7fff4,Atlantic Ave @ Barclays Center,car,109,98,10682,1.112,1,0.0,0.0,False
2026-08-15T19:25,1786821876.1,053afe02-e1b3-4bea-9995-787e72c7fff4,Atlantic Ave @ Barclays Center,car,74,51,3774,1.451,6,45.0,0.14,False
2026-08-15T19:25,1786821876.1,053afe02-e1b3-4bea-9995-787e72c7fff4,Atlantic Ave @ Barclays Center,car,71,50,3550,1.42,6,50.7,1.42,False
2026-08-15T19:25,1786821886.1,053afe02-e1b3-4bea-9995-787e72c7fff4,Atlantic Ave @ Barclays Center,car,42,34,1428,1.235,1,0.0,0.0,False
2026-08-15T19:25,1786821888.1,053afe02-e1b3-4bea-9995-787e72c7fff4,Atlantic Ave @ Barclays Center,car,48,39,1872,1.231,2,202.6,13.0,False
2026-08-15T19:25,1786821890.1,053afe02-e1b3-4bea-9995-787e72c7fff4,Atlantic Ave @ Barclays Center,truck,57,59,3363,0.966,1,0.0,0.0,False
2026-08-15T19:25,1786821890.1,053afe02-e1b3-4bea-9995-787e72c7fff4,Atlantic Ave @ Barclays Center,car,63,29,1827,2.172,1,0.0,0.0,False
2026-08-15T19:25,1786821876.1,053afe02-e1b3-4bea-9995-787e72c7fff4,Atlantic Ave @ Barclays Center,car,135,90,12150,1.5,11,90.0,0.05,False
2026-08-15T19:25,1786821876.1,053afe02-e1b3-4bea-9995-787e72c7fff4,Atlantic Ave @ Barclays Center,car,73,43,3139,1.698,10,217.7,1.54,False
2026-08-15T19:25,1786821876.1,053afe02-e1b3-4bea-9995-787e72c7fff4,Atlantic Ave @ Barclays Center,car,87,88,7656,0.989,11,26.6,0.11,False
2026-08-15T19:25,1786821876.1,053afe02-e1b3-4bea-9995-787e72c7fff4,Atlantic Ave @ Barclays Center,car,238,94,22372,2.532,11,195.8,3.85,False
2026-08-15T19:25,1786821876.1,053afe02-e1b3-4bea-9995-787e72c7fff4,Atlantic Ave @ Barclays Center,car,99,99,9801,1.0,11,183.2,0.9,False
2026-08-15T19:25,1786821876.1,053afe02-e1b3-4bea-9995-787e72c7fff4,Atlantic Ave @ Barclays Center,car,49,41,2009,1.195,9,217.6,1.03,False
2026-08-15T19:25,1786821878.1,053afe02-e1b3-4bea-9995-787e72c7fff4,Atlantic Ave @ Barclays Center,car,85,55,4675,1.545,9,338.6,1.88,False
2026-08-15T19:25,1786821888.1,053afe02-e1b3-4bea-9995-787e72c7fff4,Atlantic Ave @ Barclays Center,car,121,113,13673,1.071,3,165.1,3.88,False
2026-08-15T19:25,1786821888.1,053afe02-e1b3-4bea-9995-787e72c7fff4,Atlantic Ave @ Barclays Center,car,45,30,1350,1.5,3,194.0,3.09,False
2026-08-15T19:25,1786821890.1,053afe02-e1b3-4bea-9995-787e72c7fff4,Atlantic Ave @ Barclays Center,car,101,95,9595,1.063,3,126.9,7.5,False
2026-08-15T19:25,1786821890.1,053afe02-e1b3-4bea-9995-787e72c7fff4,Atlantic Ave @ Barclays Center,car,31,57,1767,0.544,2,270.0,8.0,False
2026-08-15T19:25,1786821890.1,053afe02-e1b3-4bea-9995-787e72c7fff4,Atlantic Ave @ Barclays Center,car,38,22,836,1.727,3,45.0,6.01,False
2026-08-15T19:25,1786821892.1,053afe02-e1b3-4bea-9995-787e72c7fff4,Atlantic Ave @ Barclays Center,car,62,49,3038,1.265,3,206.6,6.71,False
2026-08-15T19:25,1786821892.1,053afe02-e1b3-4bea-9995-787e72c7fff4,Atlantic Ave @ Barclays Center,car,77,59,4543,1.305,1,0.0,0.0,False
2026-08-15T19:25,1786821892.1,053afe02-e1b3-4bea-9995-787e72c7fff4,Atlantic Ave @ Barclays Center,car,51,36,1836,1.417,1,0.0,0.0,False
2026-08-15T19:25,1786821892.1,053afe02-e1b3-4bea-9995-787e72c7fff4,Atlantic Ave @ Barclays Center,car,31,20,620,1.55,1,0.0,0.0,False
2026-08-15T19:25,1786821894.1,053afe02-e1b3-4bea-9995-787e72c7fff4,Atlantic Ave @ Barclays Center,car,107,76,8132,1.408,2,194.0,39.17,False
2026-08-15T19:25,1786821894.1,053afe02-e1b3-4bea-9995-787e72c7fff4,Atlantic Ave @ Barclays Center,car,112,101,11312,1.109,2,270.0,1.5,False
2026-08-15T19:25,1786821894.1,053afe02-e1b3-4bea-9995-787e72c7fff4,Atlantic Ave @ Barclays Center,truck,113,101,11413,1.119,1,0.0,0.0,False
2026-08-15T19:25,1786821896.1,053afe02-e1b3-4bea-9995-787e72c7fff4,Atlantic Ave @ Barclays Center,car,81,36,2916,2.25,1,0.0,0.0,False
2026-08-15T19:25,1786821896.1,053afe02-e1b3-4bea-9995-787e72c7fff4,Atlantic Ave @ Barclays Center,car,51,25,1275,2.04,1,0.0,0.0,False
2026-08-15T19:25,1786821896.1,053afe02-e1b3-4bea-9995-787e72c7fff4,Atlantic Ave @ Barclays Center,car,65,29,1885,2.241,1,0.0,0.0,False
2026-08-15T19:25,1786821878.1,fa287d30-44a9-48ef-90d6-5ab0a54eab15,Flatbush Ave and Atlantic Ave,car,40,37,1480,1.081,1,0.0,0.0,False
2026-08-15T19:25,1786821876.1,fa287d30-44a9-48ef-90d6-5ab0a54eab15,Flatbush Ave and Atlantic Ave,car,115,92,10580,1.25,3,43.8,24.93,True
2026-08-15T19:25,1786821882.1,fa287d30-44a9-48ef-90d6-5ab0a54eab15,Flatbush Ave and Atlantic Ave,car,18,17,306,1.059,1,0.0,0.0,False
2026-08-15T19:25,1786821882.1,fa287d30-44a9-48ef-90d6-5ab0a54eab15,Flatbush Ave and Atlantic Ave,truck,72,59,4248,1.22,1,0.0,0.0,False
2026-08-15T19:25,1786821882.1,fa287d30-44a9-48ef-90d6-5ab0a54eab15,Flatbush Ave and Atlantic Ave,car,34,30,1020,1.133,1,0.0,0.0,False
2026-08-15T19:25,1786821876.1,fa287d30-44a9-48ef-90d6-5ab0a54eab15,Flatbush Ave and Atlantic Ave,truck,154,116,17864,1.328,4,126.5,4.77,False
2026-08-15T19:25,1786821876.1,fa287d30-44a9-48ef-90d6-5ab0a54eab15,Flatbush Ave and Atlantic Ave,car,44,45,1980,0.978,3,88.6,10.0,True
2026-08-15T19:25,1786821876.1,fa287d30-44a9-48ef-90d6-5ab0a54eab15,Flatbush Ave and Atlantic Ave,car,60,48,2880,1.25,5,171.3,1.64,False
2026-08-15T19:25,1786821888.1,fa287d30-44a9-48ef-90d6-5ab0a54eab15,Flatbush Ave and Atlantic Ave,car,29,27,783,1.074,1,0.0,0.0,False
2026-08-15T19:25,1786821876.1,fa287d30-44a9-48ef-90d6-5ab0a54eab15,Flatbush Ave and Atlantic Ave,car,57,53,3021,1.075,10,0.0,1.39,False
2026-08-15T19:25,1786821876.1,fa287d30-44a9-48ef-90d6-5ab0a54eab15,Flatbush Ave and Atlantic Ave,car,102,105,10710,0.971,9,240.3,1.51,False
2026-08-15T19:25,1786821880.1,fa287d30-44a9-48ef-90d6-5ab0a54eab15,Flatbush Ave and Atlantic Ave,truck,118,88,10384,1.341,8,86.1,8.38,True
2026-08-15T19:25,1786821890.1,fa287d30-44a9-48ef-90d6-5ab0a54eab15,Flatbush Ave and Atlantic Ave,truck,94,102,9588,0.922,3,251.6,0.79,False
2026-08-15T19:25,1786821896.1,fa287d30-44a9-48ef-90d6-5ab0a54eab15,Flatbush Ave and Atlantic Ave,bus,230,120,27600,1.917,1,0.0,0.0,False
2026-08-15T19:25,1786821876.1,5f4bef40-ddee-41fa-a623-6388d561f416,C2-PE-01-Cntr_at_Caton_Ave-Ex6,car,474,343,162582,1.382,1,0.0,0.0,False
2026-08-15T19:25,1786821876.1,5f4bef40-ddee-41fa-a623-6388d561f416,C2-PE-01-Cntr_at_Caton_Ave-Ex6,car,563,516,290508,1.091,1,0.0,0.0,False
2026-08-15T19:25,1786821876.1,5f4bef40-ddee-41fa-a623-6388d561f416,C2-PE-01-Cntr_at_Caton_Ave-Ex6,car,171,128,21888,1.336,1,0.0,0.0,False
2026-08-15T19:25,1786821876.1,5f4bef40-ddee-41fa-a623-6388d561f416,C2-PE-01-Cntr_at_Caton_Ave-Ex6,car,154,131,20174,1.176,1,0.0,0.0,False
2026-08-15T19:25,1786821878.1,5f4bef40-ddee-41fa-a623-6388d561f416,C2-PE-01-Cntr_at_Caton_Ave-Ex6,car,297,282,83754,1.053,1,0.0,0.0,False
2026-08-15T19:25,1786821878.1,5f4bef40-ddee-41fa-a623-6388d561f416,C2-PE-01-Cntr_at_Caton_Ave-Ex6,car,322,255,82110,1.263,1,0.0,0.0,False
2026-08-15T19:25,1786821878.1,5f4bef40-ddee-41fa-a623-6388d561f416,C2-PE-01-Cntr_at_Caton_Ave-Ex6,truck,324,254,82296,1.276,1,0.0,0.0,False
2026-08-15T19:25,1786821878.1,5f4bef40-ddee-41fa-a623-6388d561f416,C2-PE-01-Cntr_at_Caton_Ave-Ex6,car,65,72,4680,0.903,1,0.0,0.0,False
2026-08-15T19:25,1786821878.1,5f4bef40-ddee-41fa-a623-6388d561f416,C2-PE-01-Cntr_at_Caton_Ave-Ex6,car,124,69,8556,1.797,1,0.0,0.0,False
2026-08-15T19:25,1786821880.1,5f4bef40-ddee-41fa-a623-6388d561f416,C2-PE-01-Cntr_at_Caton_Ave-Ex6,car,332,213,70716,1.559,1,0.0,0.0,False
2026-08-15T19:25,1786821880.1,5f4bef40-ddee-41fa-a623-6388d561f416,C2-PE-01-Cntr_at_Caton_Ave-Ex6,car,271,207,56097,1.309,1,0.0,0.0,False
2026-08-15T19:25,1786821880.1,5f4bef40-ddee-41fa-a623-6388d561f416,C2-PE-01-Cntr_at_Caton_Ave-Ex6,truck,845,625,528125,1.352,1,0.0,0.0,False
2026-08-15T19:25,1786821880.1,5f4bef40-ddee-41fa-a623-6388d561f416,C2-PE-01-Cntr_at_Caton_Ave-Ex6,car,89,77,6853,1.156,1,0.0,0.0,False
2026-08-15T19:25,1786821880.1,5f4bef40-ddee-41fa-a623-6388d561f416,C2-PE-01-Cntr_at_Caton_Ave-Ex6,truck,252,128,32256,1.969,1,0.0,0.0,False
2026-08-15T19:25,1786821880.1,5f4bef40-ddee-41fa-a623-6388d561f416,C2-PE-01-Cntr_at_Caton_Ave-Ex6,car,131,108,14148,1.213,2,69.4,51.26,False
2026-08-15T19:25,1786821882.1,5f4bef40-ddee-41fa-a623-6388d561f416,C2-PE-01-Cntr_at_Caton_Ave-Ex6,car,138,101,13938,1.366,1,0.0,0.0,False
2026-08-15T19:25,1786821882.1,5f4bef40-ddee-41fa-a623-6388d561f416,C2-PE-01-Cntr_at_Caton_Ave-Ex6,car,109,68,7412,1.603,1,0.0,0.0,False
2026-08-15T19:25,1786821882.1,5f4bef40-ddee-41fa-a623-6388d561f416,C2-PE-01-Cntr_at_Caton_Ave-Ex6,car,220,138,30360,1.594,1,0.0,0.0,False
2026-08-15T19:25,1786821882.1,5f4bef40-ddee-41fa-a623-6388d561f416,C2-PE-01-Cntr_at_Caton_Ave-Ex6,car,104,82,8528,1.268,1,0.0,0.0,False
2026-08-15T19:25,1786821882.1,5f4bef40-ddee-41fa-a623-6388d561f416,C2-PE-01-Cntr_at_Caton_Ave-Ex6,car,123,78,9594,1.577,2,261.1,42.01,False
2026-08-15T19:25,1786821884.1,5f4bef40-ddee-41fa-a623-6388d561f416,C2-PE-01-Cntr_at_Caton_Ave-Ex6,car,719,530,381070,1.357,1,0.0,0.0,False
2026-08-15T19:25,1786821884.1,5f4bef40-ddee-41fa-a623-6388d561f416,C2-PE-01-Cntr_at_Caton_Ave-Ex6,car,301,202,60802,1.49,1,0.0,0.0,False
2026-08-15T19:25,1786821884.1,5f4bef40-ddee-41fa-a623-6388d561f416,C2-PE-01-Cntr_at_Caton_Ave-Ex6,car,124,96,11904,1.292,1,0.0,0.0,False
2026-08-15T19:25,1786821884.1,5f4bef40-ddee-41fa-a623-6388d561f416,C2-PE-01-Cntr_at_Caton_Ave-Ex6,truck,298,200,59600,1.49,1,0.0,0.0,False
2026-08-15T19:25,1786821884.1,5f4bef40-ddee-41fa-a623-6388d561f416,C2-PE-01-Cntr_at_Caton_Ave-Ex6,car,229,202,46258,1.134,2,240.8,48.13,False
2026-08-15T19:25,1786821886.1,5f4bef40-ddee-41fa-a623-6388d561f416,C2-PE-01-Cntr_at_Caton_Ave-Ex6,car,194,180,34920,1.078,1,0.0,0.0,False
2026-08-15T19:25,1786821886.1,5f4bef40-ddee-41fa-a623-6388d561f416,C2-PE-01-Cntr_at_Caton_Ave-Ex6,car,124,89,11036,1.393,1,0.0,0.0,False
2026-08-15T19:25,1786821886.1,5f4bef40-ddee-41fa-a623-6388d561f416,C2-PE-01-Cntr_at_Caton_Ave-Ex6,car,95,116,11020,0.819,1,0.0,0.0,False
2026-08-15T19:25,1786821876.1,5f4bef40-ddee-41fa-a623-6388d561f416,C2-PE-01-Cntr_at_Caton_Ave-Ex6,car,859,633,543747,1.357,4,94.7,130.1,True
2026-08-15T19:25,1786821888.1,5f4bef40-ddee-41fa-a623-6388d561f416,C2-PE-01-Cntr_at_Caton_Ave-Ex6,car,386,310,119660,1.245,1,0.0,0.0,False
2026-08-15T19:25,1786821888.1,5f4bef40-ddee-41fa-a623-6388d561f416,C2-PE-01-Cntr_at_Caton_Ave-Ex6,car,177,121,21417,1.463,1,0.0,0.0,False
2026-08-15T19:25,1786821888.1,5f4bef40-ddee-41fa-a623-6388d561f416,C2-PE-01-Cntr_at_Caton_Ave-Ex6,car,200,127,25400,1.575,1,0.0,0.0,False
2026-08-15T19:25,1786821888.1,5f4bef40-ddee-41fa-a623-6388d561f416,C2-PE-01-Cntr_at_Caton_Ave-Ex6,car,207,97,20079,2.134,1,0.0,0.0,False
2026-08-15T19:25,1786821886.1,5f4bef40-ddee-41fa-a623-6388d561f416,C2-PE-01-Cntr_at_Caton_Ave-Ex6,car,466,324,150984,1.438,2,182.3,24.52,False
2026-08-15T19:25,1786821890.1,5f4bef40-ddee-41fa-a623-6388d561f416,C2-PE-01-Cntr_at_Caton_Ave-Ex6,car,178,167,29726,1.066,1,0.0,0.0,False
2026-08-15T19:25,1786821890.1,5f4bef40-ddee-41fa-a623-6388d561f416,C2-PE-01-Cntr_at_Caton_Ave-Ex6,car,605,555,335775,1.09,1,0.0,0.0,False
2026-08-15T19:25,1786821890.1,5f4bef40-ddee-41fa-a623-6388d561f416,C2-PE-01-Cntr_at_Caton_Ave-Ex6,car,91,82,7462,1.11,1,0.0,0.0,False
2026-08-15T19:25,1786821890.1,5f4bef40-ddee-41fa-a623-6388d561f416,C2-PE-01-Cntr_at_Caton_Ave-Ex6,car,255,166,42330,1.536,1,0.0,0.0,False
2026-08-15T19:25,1786821890.1,5f4bef40-ddee-41fa-a623-6388d561f416,C2-PE-01-Cntr_at_Caton_Ave-Ex6,car,77,91,7007,0.846,1,0.0,0.0,False
2026-08-15T19:25,1786821890.1,5f4bef40-ddee-41fa-a623-6388d561f416,C2-PE-01-Cntr_at_Caton_Ave-Ex6,car,93,117,10881,0.795,1,0.0,0.0,False
2026-08-15T19:25,1786821890.1,5f4bef40-ddee-41fa-a623-6388d561f416,C2-PE-01-Cntr_at_Caton_Ave-Ex6,car,416,256,106496,1.625,2,19.7,175.23,True
2026-08-15T19:25,1786821892.1,5f4bef40-ddee-41fa-a623-6388d561f416,C2-PE-01-Cntr_at_Caton_Ave-Ex6,car,638,457,291566,1.396,1,0.0,0.0,False
2026-08-15T19:25,1786821892.1,5f4bef40-ddee-41fa-a623-6388d561f416,C2-PE-01-Cntr_at_Caton_Ave-Ex6,car,192,150,28800,1.28,1,0.0,0.0,False
2026-08-15T19:25,1786821892.1,5f4bef40-ddee-41fa-a623-6388d561f416,C2-PE-01-Cntr_at_Caton_Ave-Ex6,car,229,204,46716,1.123,1,0.0,0.0,False
2026-08-15T19:25,1786821892.1,5f4bef40-ddee-41fa-a623-6388d561f416,C2-PE-01-Cntr_at_Caton_Ave-Ex6,car,128,101,12928,1.267,1,0.0,0.0,False
2026-08-15T19:25,1786821892.1,5f4bef40-ddee-41fa-a623-6388d561f416,C2-PE-01-Cntr_at_Caton_Ave-Ex6,car,135,106,14310,1.274,1,0.0,0.0,False
2026-08-15T19:25,1786821892.1,5f4bef40-ddee-41fa-a623-6388d561f416,C2-PE-01-Cntr_at_Caton_Ave-Ex6,car,120,137,16440,0.876,1,0.0,0.0,False
2026-08-15T19:25,1786821894.1,5f4bef40-ddee-41fa-a623-6388d561f416,C2-PE-01-Cntr_at_Caton_Ave-Ex6,car,194,144,27936,1.347,1,0.0,0.0,False
2026-08-15T19:25,1786821894.1,5f4bef40-ddee-41fa-a623-6388d561f416,C2-PE-01-Cntr_at_Caton_Ave-Ex6,car,80,58,4640,1.379,1,0.0,0.0,False
2026-08-15T19:25,1786821894.1,5f4bef40-ddee-41fa-a623-6388d561f416,C2-PE-01-Cntr_at_Caton_Ave-Ex6,car,80,57,4560,1.404,1,0.0,0.0,False
2026-08-15T19:25,1786821894.1,5f4bef40-ddee-41fa-a623-6388d561f416,C2-PE-01-Cntr_at_Caton_Ave-Ex6,car,151,100,15100,1.51,1,0.0,0.0,False
2026-08-15T19:25,1786821884.1,f9608ba1-608f-4dad-a8aa-9a9c1978b363,McDonald Ave @ 10th Ave / 20th St,bus,156,77,12012,2.026,1,0.0,0.0,False
2026-08-15T19:25,1786821888.1,f9608ba1-608f-4dad-a8aa-9a9c1978b363,McDonald Ave @ 10th Ave / 20th St,car,26,24,624,1.083,1,0.0,0.0,False
2026-08-15T19:25,1786821890.1,f9608ba1-608f-4dad-a8aa-9a9c1978b363,McDonald Ave @ 10th Ave / 20th St,car,30,31,930,0.968,1,0.0,0.0,False
2026-08-15T19:25,1786821888.1,f9608ba1-608f-4dad-a8aa-9a9c1978b363,McDonald Ave @ 10th Ave / 20th St,truck,53,63,3339,0.841,2,257.9,28.64,True
2026-08-15T19:25,1786821892.1,f9608ba1-608f-4dad-a8aa-9a9c1978b363,McDonald Ave @ 10th Ave / 20th St,car,17,15,255,1.133,1,0.0,0.0,False
2026-08-15T19:25,1786821892.1,f9608ba1-608f-4dad-a8aa-9a9c1978b363,McDonald Ave @ 10th Ave / 20th St,car,21,23,483,0.913,1,0.0,0.0,False
2026-08-15T19:25,1786821876.1,9955d671-39ad-4fb7-b63e-4e78cf6ac157,Flatbush Ave and 4 Ave,car,137,178,24386,0.77,1,0.0,0.0,False
2026-08-15T19:25,1786821876.1,9955d671-39ad-4fb7-b63e-4e78cf6ac157,Flatbush Ave and 4 Ave,truck,48,91,4368,0.527,1,0.0,0.0,False
2026-08-15T19:25,1786821876.1,9955d671-39ad-4fb7-b63e-4e78cf6ac157,Flatbush Ave and 4 Ave,car,48,34,1632,1.412,1,0.0,0.0,False
2026-08-15T19:25,1786821876.1,9955d671-39ad-4fb7-b63e-4e78cf6ac157,Flatbush Ave and 4 Ave,car,24,21,504,1.143,1,0.0,0.0,False
2026-08-15T19:25,1786821876.1,9955d671-39ad-4fb7-b63e-4e78cf6ac157,Flatbush Ave and 4 Ave,truck,107,135,14445,0.793,1,0.0,0.0,False
2026-08-15T19:25,1786821876.1,9955d671-39ad-4fb7-b63e-4e78cf6ac157,Flatbush Ave and 4 Ave,car,100,72,7200,1.389,2,350.5,18.25,False
2026-08-15T19:25,1786821876.1,9955d671-39ad-4fb7-b63e-4e78cf6ac157,Flatbush Ave and 4 Ave,car,43,21,903,2.048,2,3.2,9.01,False
2026-08-15T19:25,1786821878.1,9955d671-39ad-4fb7-b63e-4e78cf6ac157,Flatbush Ave and 4 Ave,car,49,37,1813,1.324,1,0.0,0.0,False
2026-08-15T19:25,1786821878.1,9955d671-39ad-4fb7-b63e-4e78cf6ac157,Flatbush Ave and 4 Ave,truck,53,78,4134,0.679,1,0.0,0.0,False
2026-08-15T19:25,1786821878.1,9955d671-39ad-4fb7-b63e-4e78cf6ac157,Flatbush Ave and 4 Ave,car,33,25,825,1.32,1,0.0,0.0,False
2026-08-15T19:25,1786821878.1,9955d671-39ad-4fb7-b63e-4e78cf6ac157,Flatbush Ave and 4 Ave,truck,50,39,1950,1.282,1,0.0,0.0,False
2026-08-15T19:25,1786821878.1,9955d671-39ad-4fb7-b63e-4e78cf6ac157,Flatbush Ave and 4 Ave,car,41,26,1066,1.577,1,0.0,0.0,False
2026-08-15T19:25,1786821876.1,9955d671-39ad-4fb7-b63e-4e78cf6ac157,Flatbush Ave and 4 Ave,car,146,167,24382,0.874,3,113.2,38.64,True
2026-08-15T19:25,1786821880.1,9955d671-39ad-4fb7-b63e-4e78cf6ac157,Flatbush Ave and 4 Ave,car,78,82,6396,0.951,1,0.0,0.0,False
2026-08-15T19:25,1786821880.1,9955d671-39ad-4fb7-b63e-4e78cf6ac157,Flatbush Ave and 4 Ave,car,45,40,1800,1.125,1,0.0,0.0,False
2026-08-15T19:25,1786821878.1,9955d671-39ad-4fb7-b63e-4e78cf6ac157,Flatbush Ave and 4 Ave,car,52,77,4004,0.675,2,98.7,36.42,True
2026-08-15T19:25,1786821880.1,9955d671-39ad-4fb7-b63e-4e78cf6ac157,Flatbush Ave and 4 Ave,car,74,52,3848,1.423,2,13.4,23.65,False
2026-08-15T19:25,1786821882.1,9955d671-39ad-4fb7-b63e-4e78cf6ac157,Flatbush Ave and 4 Ave,car,26,21,546,1.238,1,0.0,0.0,False
2026-08-15T19:25,1786821882.1,9955d671-39ad-4fb7-b63e-4e78cf6ac157,Flatbush Ave and 4 Ave,car,23,14,322,1.643,1,0.0,0.0,False
2026-08-15T19:25,1786821884.1,9955d671-39ad-4fb7-b63e-4e78cf6ac157,Flatbush Ave and 4 Ave,truck,53,35,1855,1.514,1,0.0,0.0,False
2026-08-15T19:25,1786821884.1,9955d671-39ad-4fb7-b63e-4e78cf6ac157,Flatbush Ave and 4 Ave,truck,49,86,4214,0.57,1,0.0,0.0,False
2026-08-15T19:25,1786821884.1,9955d671-39ad-4fb7-b63e-4e78cf6ac157,Flatbush Ave and 4 Ave,truck,300,312,93600,0.962,2,344.1,85.78,False
2026-08-15T19:25,1786821886.1,9955d671-39ad-4fb7-b63e-4e78cf6ac157,Flatbush Ave and 4 Ave,car,28,23,644,1.217,2,198.4,9.49,False
2026-08-15T19:25,1786821890.1,9955d671-39ad-4fb7-b63e-4e78cf6ac157,Flatbush Ave and 4 Ave,moto,43,35,1505,1.229,1,0.0,0.0,False
2026-08-15T19:25,1786821892.1,9955d671-39ad-4fb7-b63e-4e78cf6ac157,Flatbush Ave and 4 Ave,truck,48,86,4128,0.558,1,0.0,0.0,False
2026-08-15T19:25,1786821896.1,9955d671-39ad-4fb7-b63e-4e78cf6ac157,Flatbush Ave and 4 Ave,truck,130,249,32370,0.522,1,0.0,0.0,False
2026-08-15T19:25,1786821876.1,2293205b-2b15-44da-8220-6833a13c5a80,Ocean Pkwy @ Church Ave,car,71,47,3337,1.511,1,0.0,0.0,False
2026-08-15T19:25,1786821876.1,2293205b-2b15-44da-8220-6833a13c5a80,Ocean Pkwy @ Church Ave,car,113,90,10170,1.256,1,0.0,0.0,False
2026-08-15T19:25,1786821876.1,2293205b-2b15-44da-8220-6833a13c5a80,Ocean Pkwy @ Church Ave,car,31,32,992,0.969,1,0.0,0.0,False
2026-08-15T19:25,1786821876.1,2293205b-2b15-44da-8220-6833a13c5a80,Ocean Pkwy @ Church Ave,car,192,140,26880,1.371,1,0.0,0.0,False
2026-08-15T19:25,1786821876.1,2293205b-2b15-44da-8220-6833a13c5a80,Ocean Pkwy @ Church Ave,car,60,68,4080,0.882,1,0.0,0.0,False
2026-08-15T19:25,1786821878.1,2293205b-2b15-44da-8220-6833a13c5a80,Ocean Pkwy @ Church Ave,car,48,32,1536,1.5,1,0.0,0.0,False
2026-08-15T19:25,1786821878.1,2293205b-2b15-44da-8220-6833a13c5a80,Ocean Pkwy @ Church Ave,car,44,24,1056,1.833,1,0.0,0.0,False
2026-08-15T19:25,1786821878.1,2293205b-2b15-44da-8220-6833a13c5a80,Ocean Pkwy @ Church Ave,car,41,42,1722,0.976,1,0.0,0.0,False
2026-08-15T19:25,1786821876.1,2293205b-2b15-44da-8220-6833a13c5a80,Ocean Pkwy @ Church Ave,car,99,107,10593,0.925,2,94.9,41.15,False
2026-08-15T19:25,1786821878.1,2293205b-2b15-44da-8220-6833a13c5a80,Ocean Pkwy @ Church Ave,car,93,143,13299,0.65,2,105.9,10.92,False
2026-08-15T19:25,1786821878.1,2293205b-2b15-44da-8220-6833a13c5a80,Ocean Pkwy @ Church Ave,car,43,48,2064,0.896,2,134.0,20.16,True
2026-08-15T19:25,1786821878.1,2293205b-2b15-44da-8220-6833a13c5a80,Ocean Pkwy @ Church Ave,car,49,59,2891,0.831,2,90.0,33.0,True
2026-08-15T19:25,1786821882.1,2293205b-2b15-44da-8220-6833a13c5a80,Ocean Pkwy @ Church Ave,car,96,71,6816,1.352,1,0.0,0.0,False
2026-08-15T19:25,1786821882.1,2293205b-2b15-44da-8220-6833a13c5a80,Ocean Pkwy @ Church Ave,car,91,61,5551,1.492,1,0.0,0.0,False
2026-08-15T19:25,1786821882.1,2293205b-2b15-44da-8220-6833a13c5a80,Ocean Pkwy @ Church Ave,car,45,26,1170,1.731,1,0.0,0.0,False
2026-08-15T19:25,1786821882.1,2293205b-2b15-44da-8220-6833a13c5a80,Ocean Pkwy @ Church Ave,car,117,158,18486,0.741,1,0.0,0.0,False
2026-08-15T19:25,1786821878.1,2293205b-2b15-44da-8220-6833a13c5a80,Ocean Pkwy @ Church Ave,car,94,108,10152,0.87,3,354.4,33.16,True
2026-08-15T19:25,1786821884.1,2293205b-2b15-44da-8220-6833a13c5a80,Ocean Pkwy @ Church Ave,car,31,21,651,1.476,1,0.0,0.0,False
2026-08-15T19:25,1786821882.1,2293205b-2b15-44da-8220-6833a13c5a80,Ocean Pkwy @ Church Ave,car,70,77,5390,0.909,3,299.2,7.16,False
2026-08-15T19:25,1786821882.1,2293205b-2b15-44da-8220-6833a13c5a80,Ocean Pkwy @ Church Ave,truck,52,70,3640,0.743,3,153.4,1.68,False
2026-08-15T19:25,1786821886.1,2293205b-2b15-44da-8220-6833a13c5a80,Ocean Pkwy @ Church Ave,car,159,70,11130,2.271,1,0.0,0.0,False
2026-08-15T19:25,1786821886.1,2293205b-2b15-44da-8220-6833a13c5a80,Ocean Pkwy @ Church Ave,car,90,54,4860,1.667,1,0.0,0.0,False
2026-08-15T19:25,1786821886.1,2293205b-2b15-44da-8220-6833a13c5a80,Ocean Pkwy @ Church Ave,car,30,19,570,1.579,1,0.0,0.0,False
2026-08-15T19:25,1786821878.1,2293205b-2b15-44da-8220-6833a13c5a80,Ocean Pkwy @ Church Ave,car,135,112,15120,1.205,5,339.5,18.55,True
2026-08-15T19:25,1786821888.1,2293205b-2b15-44da-8220-6833a13c5a80,Ocean Pkwy @ Church Ave,car,102,96,9792,1.062,1,0.0,0.0,False
2026-08-15T19:25,1786821888.1,2293205b-2b15-44da-8220-6833a13c5a80,Ocean Pkwy @ Church Ave,car,63,60,3780,1.05,1,0.0,0.0,False
2026-08-15T19:25,1786821888.1,2293205b-2b15-44da-8220-6833a13c5a80,Ocean Pkwy @ Church Ave,moto,98,80,7840,1.225,1,0.0,0.0,False
2026-08-15T19:25,1786821888.1,2293205b-2b15-44da-8220-6833a13c5a80,Ocean Pkwy @ Church Ave,moto,69,71,4899,0.972,1,0.0,0.0,False
2026-08-15T19:25,1786821882.1,2293205b-2b15-44da-8220-6833a13c5a80,Ocean Pkwy @ Church Ave,car,93,68,6324,1.368,6,176.3,15.33,True
2026-08-15T19:25,1786821884.1,2293205b-2b15-44da-8220-6833a13c5a80,Ocean Pkwy @ Church Ave,car,21,24,504,0.875,4,251.6,0.53,False
2026-08-15T19:25,1786821888.1,2293205b-2b15-44da-8220-6833a13c5a80,Ocean Pkwy @ Church Ave,car,43,44,1892,0.977,3,104.7,4.91,False
2026-08-15T19:25,1786821876.1,3c079db6-117c-4e79-94ed-5178c1517091,Prospect Expwy @ Prospect Park W @ 19 St,car,52,39,2028,1.333,1,0.0,0.0,False
2026-08-15T19:25,1786821876.1,3c079db6-117c-4e79-94ed-5178c1517091,Prospect Expwy @ Prospect Park W @ 19 St,car,29,20,580,1.45,1,0.0,0.0,False
2026-08-15T19:25,1786821876.1,3c079db6-117c-4e79-94ed-5178c1517091,Prospect Expwy @ Prospect Park W @ 19 St,car,57,52,2964,1.096,1,0.0,0.0,False
2026-08-15T19:25,1786821876.1,3c079db6-117c-4e79-94ed-5178c1517091,Prospect Expwy @ Prospect Park W @ 19 St,truck,48,41,1968,1.171,1,0.0,0.0,False
2026-08-15T19:25,1786821876.1,3c079db6-117c-4e79-94ed-5178c1517091,Prospect Expwy @ Prospect Park W @ 19 St,car,48,41,1968,1.171,1,0.0,0.0,False
2026-08-15T19:25,1786821876.1,3c079db6-117c-4e79-94ed-5178c1517091,Prospect Expwy @ Prospect Park W @ 19 St,truck,65,65,4225,1.0,1,0.0,0.0,False
2026-08-15T19:25,1786821876.1,3c079db6-117c-4e79-94ed-5178c1517091,Prospect Expwy @ Prospect Park W @ 19 St,truck,57,50,2850,1.14,1,0.0,0.0,False
2026-08-15T19:25,1786821876.1,3c079db6-117c-4e79-94ed-5178c1517091,Prospect Expwy @ Prospect Park W @ 19 St,car,30,28,840,1.071,1,0.0,0.0,False
2026-08-15T19:25,1786821876.1,3c079db6-117c-4e79-94ed-5178c1517091,Prospect Expwy @ Prospect Park W @ 19 St,car,34,16,544,2.125,1,0.0,0.0,False
2026-08-15T19:25,1786821876.1,3c079db6-117c-4e79-94ed-5178c1517091,Prospect Expwy @ Prospect Park W @ 19 St,car,32,39,1248,0.821,2,221.2,5.32,False
2026-08-15T19:25,1786821878.1,3c079db6-117c-4e79-94ed-5178c1517091,Prospect Expwy @ Prospect Park W @ 19 St,car,35,29,1015,1.207,1,0.0,0.0,False
2026-08-15T19:25,1786821878.1,3c079db6-117c-4e79-94ed-5178c1517091,Prospect Expwy @ Prospect Park W @ 19 St,truck,56,47,2632,1.191,1,0.0,0.0,False
2026-08-15T19:25,1786821878.1,3c079db6-117c-4e79-94ed-5178c1517091,Prospect Expwy @ Prospect Park W @ 19 St,car,54,46,2484,1.174,1,0.0,0.0,False
2026-08-15T19:25,1786821878.1,3c079db6-117c-4e79-94ed-5178c1517091,Prospect Expwy @ Prospect Park W @ 19 St,car,57,52,2964,1.096,2,111.0,25.16,True
2026-08-15T19:25,1786821880.1,3c079db6-117c-4e79-94ed-5178c1517091,Prospect Expwy @ Prospect Park W @ 19 St,car,64,29,1856,2.207,1,0.0,0.0,False
2026-08-15T19:25,1786821880.1,3c079db6-117c-4e79-94ed-5178c1517091,Prospect Expwy @ Prospect Park W @ 19 St,truck,35,33,1155,1.061,1,0.0,0.0,False
2026-08-15T19:25,1786821880.1,3c079db6-117c-4e79-94ed-5178c1517091,Prospect Expwy @ Prospect Park W @ 19 St,truck,66,27,1782,2.444,1,0.0,0.0,False
2026-08-15T19:25,1786821878.1,3c079db6-117c-4e79-94ed-5178c1517091,Prospect Expwy @ Prospect Park W @ 19 St,truck,45,45,2025,1.0,2,90.0,20.5,True
2026-08-15T19:25,1786821880.1,3c079db6-117c-4e79-94ed-5178c1517091,Prospect Expwy @ Prospect Park W @ 19 St,truck,46,39,1794,1.179,3,36.0,3.4,False
2026-08-15T19:25,1786821880.1,3c079db6-117c-4e79-94ed-5178c1517091,Prospect Expwy @ Prospect Park W @ 19 St,truck,59,51,3009,1.157,2,165.1,7.76,False
2026-08-15T19:25,1786821882.1,3c079db6-117c-4e79-94ed-5178c1517091,Prospect Expwy @ Prospect Park W @ 19 St,truck,61,58,3538,1.052,1,0.0,0.0,False
2026-08-15T19:25,1786821882.1,3c079db6-117c-4e79-94ed-5178c1517091,Prospect Expwy @ Prospect Park W @ 19 St,truck,59,46,2714,1.283,1,0.0,0.0,False
2026-08-15T19:25,1786821882.1,3c079db6-117c-4e79-94ed-5178c1517091,Prospect Expwy @ Prospect Park W @ 19 St,truck,48,37,1776,1.297,1,0.0,0.0,False
2026-08-15T19:25,1786821882.1,3c079db6-117c-4e79-94ed-5178c1517091,Prospect Expwy @ Prospect Park W @ 19 St,car,64,51,3264,1.255,1,0.0,0.0,False
2026-08-15T19:25,1786821882.1,3c079db6-117c-4e79-94ed-5178c1517091,Prospect Expwy @ Prospect Park W @ 19 St,car,45,40,1800,1.125,1,0.0,0.0,False
2026-08-15T19:25,1786821882.1,3c079db6-117c-4e79-94ed-5178c1517091,Prospect Expwy @ Prospect Park W @ 19 St,truck,63,51,3213,1.235,1,0.0,0.0,False
2026-08-15T19:25,1786821882.1,3c079db6-117c-4e79-94ed-5178c1517091,Prospect Expwy @ Prospect Park W @ 19 St,car,44,41,1804,1.073,2,352.6,11.6,False
2026-08-15T19:25,1786821882.1,3c079db6-117c-4e79-94ed-5178c1517091,Prospect Expwy @ Prospect Park W @ 19 St,car,47,37,1739,1.27,1,0.0,0.0,False
2026-08-15T19:25,1786821882.1,3c079db6-117c-4e79-94ed-5178c1517091,Prospect Expwy @ Prospect Park W @ 19 St,car,25,15,375,1.667,1,0.0,0.0,False
2026-08-15T19:25,1786821884.1,3c079db6-117c-4e79-94ed-5178c1517091,Prospect Expwy @ Prospect Park W @ 19 St,truck,59,65,3835,0.908,2,264.6,21.1,False
2026-08-15T19:25,1786821884.1,3c079db6-117c-4e79-94ed-5178c1517091,Prospect Expwy @ Prospect Park W @ 19 St,car,38,30,1140,1.267,1,0.0,0.0,False
2026-08-15T19:25,1786821884.1,3c079db6-117c-4e79-94ed-5178c1517091,Prospect Expwy @ Prospect Park W @ 19 St,truck,43,38,1634,1.132,2,125.5,4.3,False
2026-08-15T19:25,1786821884.1,3c079db6-117c-4e79-94ed-5178c1517091,Prospect Expwy @ Prospect Park W @ 19 St,car,43,37,1591,1.162,2,123.7,3.61,False
2026-08-15T19:25,1786821884.1,3c079db6-117c-4e79-94ed-5178c1517091,Prospect Expwy @ Prospect Park W @ 19 St,car,29,27,783,1.074,1,0.0,0.0,False
2026-08-15T19:25,1786821884.1,3c079db6-117c-4e79-94ed-5178c1517091,Prospect Expwy @ Prospect Park W @ 19 St,truck,34,32,1088,1.062,1,0.0,0.0,False
2026-08-15T19:25,1786821884.1,3c079db6-117c-4e79-94ed-5178c1517091,Prospect Expwy @ Prospect Park W @ 19 St,car,33,31,1023,1.065,1,0.0,0.0,False
2026-08-15T19:25,1786821884.1,3c079db6-117c-4e79-94ed-5178c1517091,Prospect Expwy @ Prospect Park W @ 19 St,truck,30,26,780,1.154,1,0.0,0.0,False
2026-08-15T19:25,1786821884.1,3c079db6-117c-4e79-94ed-5178c1517091,Prospect Expwy @ Prospect Park W @ 19 St,truck,39,32,1248,1.219,1,0.0,0.0,False
2026-08-15T19:25,1786821884.1,3c079db6-117c-4e79-94ed-5178c1517091,Prospect Expwy @ Prospect Park W @ 19 St,car,27,24,648,1.125,1,0.0,0.0,False
2026-08-15T19:25,1786821886.1,3c079db6-117c-4e79-94ed-5178c1517091,Prospect Expwy @ Prospect Park W @ 19 St,truck,86,71,6106,1.211,1,0.0,0.0,False
2026-08-15T19:25,1786821886.1,3c079db6-117c-4e79-94ed-5178c1517091,Prospect Expwy @ Prospect Park W @ 19 St,car,39,36,1404,1.083,1,0.0,0.0,False
2026-08-15T19:25,1786821886.1,3c079db6-117c-4e79-94ed-5178c1517091,Prospect Expwy @ Prospect Park W @ 19 St,car,45,37,1665,1.216,1,0.0,0.0,False
2026-08-15T19:25,1786821886.1,3c079db6-117c-4e79-94ed-5178c1517091,Prospect Expwy @ Prospect Park W @ 19 St,car,31,26,806,1.192,1,0.0,0.0,False
2026-08-15T19:25,1786821878.1,5a9ebe48-fb36-4de7-8666-f50de83c7941,Flatbush Ave @ Nostrand Ave,car,57,45,2565,1.267,1,0.0,0.0,False
2026-08-15T19:25,1786821878.1,5a9ebe48-fb36-4de7-8666-f50de83c7941,Flatbush Ave @ Nostrand Ave,car,34,37,1258,0.919,1,0.0,0.0,False
2026-08-15T19:25,1786821880.1,5a9ebe48-fb36-4de7-8666-f50de83c7941,Flatbush Ave @ Nostrand Ave,car,29,19,551,1.526,1,0.0,0.0,False
2026-08-15T19:25,1786821880.1,5a9ebe48-fb36-4de7-8666-f50de83c7941,Flatbush Ave @ Nostrand Ave,car,62,34,2108,1.824,1,0.0,0.0,False
2026-08-15T19:25,1786821882.1,5a9ebe48-fb36-4de7-8666-f50de83c7941,Flatbush Ave @ Nostrand Ave,car,29,23,667,1.261,1,0.0,0.0,False
2026-08-15T19:25,1786821884.1,5a9ebe48-fb36-4de7-8666-f50de83c7941,Flatbush Ave @ Nostrand Ave,car,26,22,572,1.182,1,0.0,0.0,False
2026-08-15T19:25,1786821884.1,5a9ebe48-fb36-4de7-8666-f50de83c7941,Flatbush Ave @ Nostrand Ave,car,39,37,1443,1.054,2,90.0,1.5,False
2026-08-15T19:25,1786821886.1,5a9ebe48-fb36-4de7-8666-f50de83c7941,Flatbush Ave @ Nostrand Ave,car,50,23,1150,2.174,1,0.0,0.0,False
2026-08-15T19:25,1786821876.1,5a9ebe48-fb36-4de7-8666-f50de83c7941,Flatbush Ave @ Nostrand Ave,car,38,38,1444,1.0,8,346.0,0.29,False
2026-08-15T19:25,1786821876.1,5a9ebe48-fb36-4de7-8666-f50de83c7941,Flatbush Ave @ Nostrand Ave,car,85,46,3910,1.848,11,356.6,0.85,False
2026-08-15T19:25,1786821876.1,5a9ebe48-fb36-4de7-8666-f50de83c7941,Flatbush Ave @ Nostrand Ave,car,51,39,1989,1.308,11,36.9,0.25,False
2026-08-15T19:25,1786821876.1,5a9ebe48-fb36-4de7-8666-f50de83c7941,Flatbush Ave @ Nostrand Ave,car,70,42,2940,1.667,11,354.3,0.5,False
2026-08-15T19:25,1786821892.1,5a9ebe48-fb36-4de7-8666-f50de83c7941,Flatbush Ave @ Nostrand Ave,car,50,22,1100,2.273,1,0.0,0.0,False
2026-08-15T19:25,1786821892.1,5a9ebe48-fb36-4de7-8666-f50de83c7941,Flatbush Ave @ Nostrand Ave,car,33,31,1023,1.065,3,261.9,3.54,False
2026-08-15T19:25,1786821894.1,5a9ebe48-fb36-4de7-8666-f50de83c7941,Flatbush Ave @ Nostrand Ave,car,35,24,840,1.458,2,339.0,6.96,False
2026-08-15T19:25,1786821896.1,5a9ebe48-fb36-4de7-8666-f50de83c7941,Flatbush Ave @ Nostrand Ave,car,43,39,1677,1.103,1,0.0,0.0,False
2026-08-15T19:25,1786821876.1,88895623-f6fa-4509-a927-8eae076725da,Ft. Hamilton Pkwy @ McDonald Ave,car,131,107,14017,1.224,1,0.0,0.0,False
2026-08-15T19:25,1786821876.1,88895623-f6fa-4509-a927-8eae076725da,Ft. Hamilton Pkwy @ McDonald Ave,truck,130,105,13650,1.238,1,0.0,0.0,False
2026-08-15T19:25,1786821878.1,88895623-f6fa-4509-a927-8eae076725da,Ft. Hamilton Pkwy @ McDonald Ave,car,48,34,1632,1.412,1,0.0,0.0,False
2026-08-15T19:25,1786821878.1,88895623-f6fa-4509-a927-8eae076725da,Ft. Hamilton Pkwy @ McDonald Ave,truck,43,53,2279,0.811,1,0.0,0.0,False
2026-08-15T19:25,1786821878.1,88895623-f6fa-4509-a927-8eae076725da,Ft. Hamilton Pkwy @ McDonald Ave,bus,43,53,2279,0.811,1,0.0,0.0,False
2026-08-15T19:25,1786821880.1,88895623-f6fa-4509-a927-8eae076725da,Ft. Hamilton Pkwy @ McDonald Ave,truck,39,34,1326,1.147,1,0.0,0.0,False
2026-08-15T19:25,1786821880.1,88895623-f6fa-4509-a927-8eae076725da,Ft. Hamilton Pkwy @ McDonald Ave,car,53,45,2385,1.178,1,0.0,0.0,False
2026-08-15T19:25,1786821880.1,88895623-f6fa-4509-a927-8eae076725da,Ft. Hamilton Pkwy @ McDonald Ave,truck,35,48,1680,0.729,1,0.0,0.0,False
2026-08-15T19:25,1786821880.1,88895623-f6fa-4509-a927-8eae076725da,Ft. Hamilton Pkwy @ McDonald Ave,car,18,14,252,1.286,1,0.0,0.0,False
2026-08-15T19:25,1786821882.1,88895623-f6fa-4509-a927-8eae076725da,Ft. Hamilton Pkwy @ McDonald Ave,car,24,23,552,1.043,1,0.0,0.0,False
2026-08-15T19:25,1786821882.1,88895623-f6fa-4509-a927-8eae076725da,Ft. Hamilton Pkwy @ McDonald Ave,truck,44,41,1804,1.073,1,0.0,0.0,False
2026-08-15T19:25,1786821882.1,88895623-f6fa-4509-a927-8eae076725da,Ft. Hamilton Pkwy @ McDonald Ave,car,22,15,330,1.467,1,0.0,0.0,False
2026-08-15T19:25,1786821880.1,88895623-f6fa-4509-a927-8eae076725da,Ft. Hamilton Pkwy @ McDonald Ave,car,36,27,972,1.333,2,90.0,0.5,False
2026-08-15T19:25,1786821884.1,88895623-f6fa-4509-a927-8eae076725da,Ft. Hamilton Pkwy @ McDonald Ave,car,72,59,4248,1.22,1,0.0,0.0,False
2026-08-15T19:25,1786821890.1,88895623-f6fa-4509-a927-8eae076725da,Ft. Hamilton Pkwy @ McDonald Ave,car,47,48,2256,0.979,1,0.0,0.0,False
2026-08-15T19:25,1786821876.1,88895623-f6fa-4509-a927-8eae076725da,Ft. Hamilton Pkwy @ McDonald Ave,car,64,60,3840,1.067,11,31.0,0.29,False
2026-08-15T19:25,1786821892.1,88895623-f6fa-4509-a927-8eae076725da,Ft. Hamilton Pkwy @ McDonald Ave,car,21,19,399,1.105,1,0.0,0.0,False
2026-08-15T19:25,1786821896.1,88895623-f6fa-4509-a927-8eae076725da,Ft. Hamilton Pkwy @ McDonald Ave,car,37,28,1036,1.321,1,0.0,0.0,False
2026-08-15T19:25,1786821896.1,88895623-f6fa-4509-a927-8eae076725da,Ft. Hamilton Pkwy @ McDonald Ave,car,15,13,195,1.154,1,0.0,0.0,False
2026-08-15T19:25,1786821876.1,0bbea8bd-10f1-4126-b3c5-9e9432eab749,Atlantic Ave @ Pennsylvania Ave,truck,72,57,4104,1.263,1,0.0,0.0,False
2026-08-15T19:25,1786821876.1,0bbea8bd-10f1-4126-b3c5-9e9432eab749,Atlantic Ave @ Pennsylvania Ave,car,25,18,450,1.389,1,0.0,0.0,False
2026-08-15T19:25,1786821876.1,0bbea8bd-10f1-4126-b3c5-9e9432eab749,Atlantic Ave @ Pennsylvania Ave,car,24,15,360,1.6,1,0.0,0.0,False
2026-08-15T19:25,1786821878.1,0bbea8bd-10f1-4126-b3c5-9e9432eab749,Atlantic Ave @ Pennsylvania Ave,car,25,25,625,1.0,1,0.0,0.0,False
2026-08-15T19:25,1786821878.1,0bbea8bd-10f1-4126-b3c5-9e9432eab749,Atlantic Ave @ Pennsylvania Ave,car,56,34,1904,1.647,1,0.0,0.0,False
2026-08-15T19:25,1786821876.1,0bbea8bd-10f1-4126-b3c5-9e9432eab749,Atlantic Ave @ Pennsylvania Ave,car,93,55,5115,1.691,3,196.3,32.04,True
2026-08-15T19:25,1786821880.1,0bbea8bd-10f1-4126-b3c5-9e9432eab749,Atlantic Ave @ Pennsylvania Ave,car,111,130,14430,0.854,1,0.0,0.0,False
2026-08-15T19:25,1786821880.1,0bbea8bd-10f1-4126-b3c5-9e9432eab749,Atlantic Ave @ Pennsylvania Ave,car,37,27,999,1.37,1,0.0,0.0,False
2026-08-15T19:25,1786821880.1,0bbea8bd-10f1-4126-b3c5-9e9432eab749,Atlantic Ave @ Pennsylvania Ave,car,60,76,4560,0.789,1,0.0,0.0,False
2026-08-15T19:25,1786821880.1,0bbea8bd-10f1-4126-b3c5-9e9432eab749,Atlantic Ave @ Pennsylvania Ave,car,73,58,4234,1.259,1,0.0,0.0,False
2026-08-15T19:25,1786821880.1,0bbea8bd-10f1-4126-b3c5-9e9432eab749,Atlantic Ave @ Pennsylvania Ave,car,28,20,560,1.4,1,0.0,0.0,False
2026-08-15T19:25,1786821880.1,0bbea8bd-10f1-4126-b3c5-9e9432eab749,Atlantic Ave @ Pennsylvania Ave,car,175,166,29050,1.054,2,270.5,62.0,False
2026-08-15T19:25,1786821880.1,0bbea8bd-10f1-4126-b3c5-9e9432eab749,Atlantic Ave @ Pennsylvania Ave,car,70,40,2800,1.75,2,161.6,23.72,False
2026-08-15T19:25,1786821882.1,0bbea8bd-10f1-4126-b3c5-9e9432eab749,Atlantic Ave @ Pennsylvania Ave,car,128,77,9856,1.662,1,0.0,0.0,False
2026-08-15T19:25,1786821882.1,0bbea8bd-10f1-4126-b3c5-9e9432eab749,Atlantic Ave @ Pennsylvania Ave,car,107,141,15087,0.759,1,0.0,0.0,False
2026-08-15T19:25,1786821882.1,0bbea8bd-10f1-4126-b3c5-9e9432eab749,Atlantic Ave @ Pennsylvania Ave,car,47,41,1927,1.146,1,0.0,0.0,False
2026-08-15T19:25,1786821882.1,0bbea8bd-10f1-4126-b3c5-9e9432eab749,Atlantic Ave @ Pennsylvania Ave,car,148,143,21164,1.035,1,0.0,0.0,False
2026-08-15T19:25,1786821882.1,0bbea8bd-10f1-4126-b3c5-9e9432eab749,Atlantic Ave @ Pennsylvania Ave,car,27,22,594,1.227,1,0.0,0.0,False
2026-08-15T19:25,1786821876.1,0bbea8bd-10f1-4126-b3c5-9e9432eab749,Atlantic Ave @ Pennsylvania Ave,car,27,24,648,1.125,4,90.0,0.33,False
2026-08-15T19:25,1786821876.1,0bbea8bd-10f1-4126-b3c5-9e9432eab749,Atlantic Ave @ Pennsylvania Ave,car,162,92,14904,1.761,4,259.7,15.92,False
2026-08-15T19:25,1786821878.1,0bbea8bd-10f1-4126-b3c5-9e9432eab749,Atlantic Ave @ Pennsylvania Ave,car,41,37,1517,1.108,3,285.1,6.73,False
2026-08-15T19:25,1786821882.1,0bbea8bd-10f1-4126-b3c5-9e9432eab749,Atlantic Ave @ Pennsylvania Ave,car,44,43,1892,1.023,2,300.3,13.89,False
2026-08-15T19:25,1786821884.1,0bbea8bd-10f1-4126-b3c5-9e9432eab749,Atlantic Ave @ Pennsylvania Ave,car,62,56,3472,1.107,1,0.0,0.0,False
2026-08-15T19:25,1786821884.1,0bbea8bd-10f1-4126-b3c5-9e9432eab749,Atlantic Ave @ Pennsylvania Ave,bus,153,103,15759,1.485,1,0.0,0.0,False
2026-08-15T19:25,1786821884.1,0bbea8bd-10f1-4126-b3c5-9e9432eab749,Atlantic Ave @ Pennsylvania Ave,car,162,104,16848,1.558,1,0.0,0.0,False
2026-08-15T19:25,1786821884.1,0bbea8bd-10f1-4126-b3c5-9e9432eab749,Atlantic Ave @ Pennsylvania Ave,truck,46,48,2208,0.958,1,0.0,0.0,False
2026-08-15T19:25,1786821876.1,0bbea8bd-10f1-4126-b3c5-9e9432eab749,Atlantic Ave @ Pennsylvania Ave,car,59,39,2301,1.513,4,90.0,1.5,False
2026-08-15T19:25,1786821880.1,0bbea8bd-10f1-4126-b3c5-9e9432eab749,Atlantic Ave @ Pennsylvania Ave,car,18,43,774,0.419,4,104.0,0.69,False
2026-08-15T19:25,1786821882.1,0bbea8bd-10f1-4126-b3c5-9e9432eab749,Atlantic Ave @ Pennsylvania Ave,car,53,45,2385,1.178,2,24.4,30.21,True
2026-08-15T19:25,1786821882.1,0bbea8bd-10f1-4126-b3c5-9e9432eab749,Atlantic Ave @ Pennsylvania Ave,car,47,32,1504,1.469,2,152.1,9.62,False
2026-08-15T19:25,1786821882.1,0bbea8bd-10f1-4126-b3c5-9e9432eab749,Atlantic Ave @ Pennsylvania Ave,car,37,30,1110,1.233,3,169.3,9.41,True
2026-08-15T19:25,1786821886.1,0bbea8bd-10f1-4126-b3c5-9e9432eab749,Atlantic Ave @ Pennsylvania Ave,car,144,45,6480,3.2,1,0.0,0.0,False
2026-08-15T19:25,1786821886.1,0bbea8bd-10f1-4126-b3c5-9e9432eab749,Atlantic Ave @ Pennsylvania Ave,car,77,77,5929,1.0,1,0.0,0.0,False
2026-08-15T19:25,1786821886.1,0bbea8bd-10f1-4126-b3c5-9e9432eab749,Atlantic Ave @ Pennsylvania Ave,car,22,14,308,1.571,1,0.0,0.0,False
2026-08-15T19:25,1786821886.1,0bbea8bd-10f1-4126-b3c5-9e9432eab749,Atlantic Ave @ Pennsylvania Ave,car,65,42,2730,1.548,1,0.0,0.0,False
2026-08-15T19:25,1786821886.1,0bbea8bd-10f1-4126-b3c5-9e9432eab749,Atlantic Ave @ Pennsylvania Ave,car,67,39,2613,1.718,1,0.0,0.0,False
2026-08-15T19:25,1786821876.1,0bbea8bd-10f1-4126-b3c5-9e9432eab749,Atlantic Ave @ Pennsylvania Ave,car,177,112,19824,1.58,7,56.0,9.25,False
2026-08-15T19:25,1786821876.1,0bbea8bd-10f1-4126-b3c5-9e9432eab749,Atlantic Ave @ Pennsylvania Ave,car,176,113,19888,1.558,6,218.9,4.62,False
2026-08-15T19:25,1786821878.1,0bbea8bd-10f1-4126-b3c5-9e9432eab749,Atlantic Ave @ Pennsylvania Ave,car,117,97,11349,1.206,5,329.5,13.06,True
2026-08-15T19:25,1786821882.1,0bbea8bd-10f1-4126-b3c5-9e9432eab749,Atlantic Ave @ Pennsylvania Ave,truck,107,141,15087,0.759,3,246.0,29.55,True
2026-08-15T19:25,1786821886.1,0bbea8bd-10f1-4126-b3c5-9e9432eab749,Atlantic Ave @ Pennsylvania Ave,truck,87,82,7134,1.061,2,104.7,21.71,False
2026-08-15T19:25,1786821888.1,0bbea8bd-10f1-4126-b3c5-9e9432eab749,Atlantic Ave @ Pennsylvania Ave,car,40,28,1120,1.429,1,0.0,0.0,False
2026-08-15T19:25,1786821880.1,0bbea8bd-10f1-4126-b3c5-9e9432eab749,Atlantic Ave @ Pennsylvania Ave,car,140,121,16940,1.157,6,265.4,2.51,False
2026-08-15T19:25,1786821890.1,0bbea8bd-10f1-4126-b3c5-9e9432eab749,Atlantic Ave @ Pennsylvania Ave,car,34,27,918,1.259,1,0.0,0.0,False
2026-08-15T19:25,1786821890.1,0bbea8bd-10f1-4126-b3c5-9e9432eab749,Atlantic Ave @ Pennsylvania Ave,car,27,21,567,1.286,1,0.0,0.0,False
2026-08-15T19:25,1786821876.1,0bbea8bd-10f1-4126-b3c5-9e9432eab749,Atlantic Ave @ Pennsylvania Ave,car,32,20,640,1.6,6,3.6,3.21,True
2026-08-15T19:25,1786821878.1,0bbea8bd-10f1-4126-b3c5-9e9432eab749,Atlantic Ave @ Pennsylvania Ave,car,115,88,10120,1.307,8,159.6,3.89,False
2026-08-15T19:25,1786821880.1,0bbea8bd-10f1-4126-b3c5-9e9432eab749,Atlantic Ave @ Pennsylvania Ave,car,211,165,34815,1.279,8,53.2,17.66,True
2026-08-15T19:25,1786821882.1,0bbea8bd-10f1-4126-b3c5-9e9432eab749,Atlantic Ave @ Pennsylvania Ave,car,84,65,5460,1.292,8,144.5,6.14,True
2026-08-15T19:25,1786821888.1,0bbea8bd-10f1-4126-b3c5-9e9432eab749,Atlantic Ave @ Pennsylvania Ave,car,70,62,4340,1.129,3,159.3,9.89,False
2026-08-15T19:25,1786821890.1,0bbea8bd-10f1-4126-b3c5-9e9432eab749,Atlantic Ave @ Pennsylvania Ave,car,119,104,12376,1.144,3,330.8,14.33,False
2026-08-15T19:25,1786821890.1,0bbea8bd-10f1-4126-b3c5-9e9432eab749,Atlantic Ave @ Pennsylvania Ave,car,27,19,513,1.421,2,320.2,7.81,False
2026-08-15T19:25,1786821892.1,0bbea8bd-10f1-4126-b3c5-9e9432eab749,Atlantic Ave @ Pennsylvania Ave,car,48,34,1632,1.412,1,0.0,0.0,False
2026-08-15T19:25,1786821892.1,0bbea8bd-10f1-4126-b3c5-9e9432eab749,Atlantic Ave @ Pennsylvania Ave,car,95,58,5510,1.638,1,0.0,0.0,False
2026-08-15T19:25,1786821892.1,0bbea8bd-10f1-4126-b3c5-9e9432eab749,Atlantic Ave @ Pennsylvania Ave,car,57,33,1881,1.727,1,0.0,0.0,False
2026-08-15T19:25,1786821892.1,0bbea8bd-10f1-4126-b3c5-9e9432eab749,Atlantic Ave @ Pennsylvania Ave,truck,62,42,2604,1.476,1,0.0,0.0,False
2026-08-15T19:25,1786821892.1,0bbea8bd-10f1-4126-b3c5-9e9432eab749,Atlantic Ave @ Pennsylvania Ave,car,62,48,2976,1.292,1,0.0,0.0,False
2026-08-15T19:25,1786821894.1,0bbea8bd-10f1-4126-b3c5-9e9432eab749,Atlantic Ave @ Pennsylvania Ave,car,43,26,1118,1.654,1,0.0,0.0,False
2026-08-15T19:25,1786821894.1,0bbea8bd-10f1-4126-b3c5-9e9432eab749,Atlantic Ave @ Pennsylvania Ave,car,61,43,2623,1.419,2,26.6,4.47,False
2026-08-15T19:25,1786821894.1,0bbea8bd-10f1-4126-b3c5-9e9432eab749,Atlantic Ave @ Pennsylvania Ave,car,55,36,1980,1.528,1,0.0,0.0,False
2026-08-15T19:25,1786821894.1,0bbea8bd-10f1-4126-b3c5-9e9432eab749,Atlantic Ave @ Pennsylvania Ave,car,36,27,972,1.333,1,0.0,0.0,False
2026-08-15T19:25,1786821894.1,0bbea8bd-10f1-4126-b3c5-9e9432eab749,Atlantic Ave @ Pennsylvania Ave,car,26,24,624,1.083,1,0.0,0.0,False
2026-08-15T19:25,1786821894.1,0bbea8bd-10f1-4126-b3c5-9e9432eab749,Atlantic Ave @ Pennsylvania Ave,car,30,19,570,1.579,1,0.0,0.0,False
2026-08-15T19:25,1786821876.1,d401c83b-2f78-49dd-8974-14c819a992b2,C2-PE-05-Ctr_at_7th_Ave-Ex4,car,124,107,13268,1.159,1,0.0,0.0,False
2026-08-15T19:25,1786821876.1,d401c83b-2f78-49dd-8974-14c819a992b2,C2-PE-05-Ctr_at_7th_Ave-Ex4,car,54,39,2106,1.385,1,0.0,0.0,False
2026-08-15T19:25,1786821878.1,d401c83b-2f78-49dd-8974-14c819a992b2,C2-PE-05-Ctr_at_7th_Ave-Ex4,car,201,85,17085,2.365,1,0.0,0.0,False
2026-08-15T19:25,1786821878.1,d401c83b-2f78-49dd-8974-14c819a992b2,C2-PE-05-Ctr_at_7th_Ave-Ex4,car,65,22,1430,2.955,1,0.0,0.0,False
2026-08-15T19:25,1786821876.1,d401c83b-2f78-49dd-8974-14c819a992b2,C2-PE-05-Ctr_at_7th_Ave-Ex4,car,79,47,3713,1.681,2,55.0,18.31,False
2026-08-15T19:25,1786821880.1,d401c83b-2f78-49dd-8974-14c819a992b2,C2-PE-05-Ctr_at_7th_Ave-Ex4,car,131,94,12314,1.394,1,0.0,0.0,False
2026-08-15T19:25,1786821880.1,d401c83b-2f78-49dd-8974-14c819a992b2,C2-PE-05-Ctr_at_7th_Ave-Ex4,car,188,108,20304,1.741,1,0.0,0.0,False
2026-08-15T19:25,1786821880.1,d401c83b-2f78-49dd-8974-14c819a992b2,C2-PE-05-Ctr_at_7th_Ave-Ex4,car,79,118,9322,0.669,1,0.0,0.0,False
2026-08-15T19:25,1786821880.1,d401c83b-2f78-49dd-8974-14c819a992b2,C2-PE-05-Ctr_at_7th_Ave-Ex4,car,57,38,2166,1.5,1,0.0,0.0,False
2026-08-15T19:25,1786821882.1,d401c83b-2f78-49dd-8974-14c819a992b2,C2-PE-05-Ctr_at_7th_Ave-Ex4,car,48,34,1632,1.412,1,0.0,0.0,False
2026-08-15T19:25,1786821886.1,d401c83b-2f78-49dd-8974-14c819a992b2,C2-PE-05-Ctr_at_7th_Ave-Ex4,car,73,62,4526,1.177,1,0.0,0.0,False
2026-08-15T19:25,1786821886.1,d401c83b-2f78-49dd-8974-14c819a992b2,C2-PE-05-Ctr_at_7th_Ave-Ex4,car,88,63,5544,1.397,1,0.0,0.0,False
2026-08-15T19:25,1786821886.1,d401c83b-2f78-49dd-8974-14c819a992b2,C2-PE-05-Ctr_at_7th_Ave-Ex4,car,151,110,16610,1.373,1,0.0,0.0,False
2026-08-15T19:25,1786821886.1,d401c83b-2f78-49dd-8974-14c819a992b2,C2-PE-05-Ctr_at_7th_Ave-Ex4,truck,152,109,16568,1.394,1,0.0,0.0,False
2026-08-15T19:25,1786821892.1,d401c83b-2f78-49dd-8974-14c819a992b2,C2-PE-05-Ctr_at_7th_Ave-Ex4,truck,142,126,17892,1.127,1,0.0,0.0,False
2026-08-15T19:25,1786821892.1,d401c83b-2f78-49dd-8974-14c819a992b2,C2-PE-05-Ctr_at_7th_Ave-Ex4,truck,137,106,14522,1.292,1,0.0,0.0,False
2026-08-15T19:25,1786821892.1,d401c83b-2f78-49dd-8974-14c819a992b2,C2-PE-05-Ctr_at_7th_Ave-Ex4,car,40,37,1480,1.081,1,0.0,0.0,False
2026-08-15T19:25,1786821896.1,d401c83b-2f78-49dd-8974-14c819a992b2,C2-PE-05-Ctr_at_7th_Ave-Ex4,car,184,93,17112,1.978,1,0.0,0.0,False
2026-08-15T19:25,1786821876.1,40961631-fb83-4f48-8ffb-3385448d4e5f,7 Ave @ 18 St,car,21,14,294,1.5,1,0.0,0.0,False
2026-08-15T19:25,1786821876.1,40961631-fb83-4f48-8ffb-3385448d4e5f,7 Ave @ 18 St,car,25,15,375,1.667,1,0.0,0.0,False
2026-08-15T19:25,1786821876.1,40961631-fb83-4f48-8ffb-3385448d4e5f,7 Ave @ 18 St,car,19,16,304,1.188,1,0.0,0.0,False
2026-08-15T19:25,1786821878.1,40961631-fb83-4f48-8ffb-3385448d4e5f,7 Ave @ 18 St,truck,72,40,2880,1.8,1,0.0,0.0,False
2026-08-15T19:25,1786821878.1,40961631-fb83-4f48-8ffb-3385448d4e5f,7 Ave @ 18 St,car,25,14,350,1.786,1,0.0,0.0,False
2026-08-15T19:25,1786821878.1,40961631-fb83-4f48-8ffb-3385448d4e5f,7 Ave @ 18 St,truck,52,47,2444,1.106,1,0.0,0.0,False
2026-08-15T19:25,1786821878.1,40961631-fb83-4f48-8ffb-3385448d4e5f,7 Ave @ 18 St,car,87,23,2001,3.783,1,0.0,0.0,False
2026-08-15T19:25,1786821878.1,40961631-fb83-4f48-8ffb-3385448d4e5f,7 Ave @ 18 St,truck,51,34,1734,1.5,1,0.0,0.0,False
2026-08-15T19:25,1786821878.1,40961631-fb83-4f48-8ffb-3385448d4e5f,7 Ave @ 18 St,car,50,32,1600,1.562,1,0.0,0.0,False
2026-08-15T19:25,1786821882.1,40961631-fb83-4f48-8ffb-3385448d4e5f,7 Ave @ 18 St,truck,56,32,1792,1.75,1,0.0,0.0,False
2026-08-15T19:25,1786821882.1,40961631-fb83-4f48-8ffb-3385448d4e5f,7 Ave @ 18 St,truck,76,56,4256,1.357,1,0.0,0.0,False
2026-08-15T19:25,1786821882.1,40961631-fb83-4f48-8ffb-3385448d4e5f,7 Ave @ 18 St,truck,34,24,816,1.417,1,0.0,0.0,False
2026-08-15T19:25,1786821882.1,40961631-fb83-4f48-8ffb-3385448d4e5f,7 Ave @ 18 St,car,23,12,276,1.917,1,0.0,0.0,False
2026-08-15T19:25,1786821880.1,40961631-fb83-4f48-8ffb-3385448d4e5f,7 Ave @ 18 St,truck,42,38,1596,1.105,2,226.3,15.21,False
2026-08-15T19:25,1786821884.1,40961631-fb83-4f48-8ffb-3385448d4e5f,7 Ave @ 18 St,car,75,36,2700,2.083,1,0.0,0.0,False
2026-08-15T19:25,1786821884.1,40961631-fb83-4f48-8ffb-3385448d4e5f,7 Ave @ 18 St,car,22,16,352,1.375,1,0.0,0.0,False
2026-08-15T19:25,1786821884.1,40961631-fb83-4f48-8ffb-3385448d4e5f,7 Ave @ 18 St,car,32,18,576,1.778,1,0.0,0.0,False
2026-08-15T19:25,1786821886.1,40961631-fb83-4f48-8ffb-3385448d4e5f,7 Ave @ 18 St,truck,84,45,3780,1.867,1,0.0,0.0,False
2026-08-15T19:25,1786821886.1,40961631-fb83-4f48-8ffb-3385448d4e5f,7 Ave @ 18 St,truck,50,58,2900,0.862,1,0.0,0.0,False
2026-08-15T19:25,1786821886.1,40961631-fb83-4f48-8ffb-3385448d4e5f,7 Ave @ 18 St,car,26,14,364,1.857,1,0.0,0.0,False
2026-08-15T19:25,1786821886.1,40961631-fb83-4f48-8ffb-3385448d4e5f,7 Ave @ 18 St,car,14,12,168,1.167,1,0.0,0.0,False
2026-08-15T19:25,1786821884.1,40961631-fb83-4f48-8ffb-3385448d4e5f,7 Ave @ 18 St,car,21,13,273,1.615,2,144.5,8.6,True
2026-08-15T19:25,1786821888.1,40961631-fb83-4f48-8ffb-3385448d4e5f,7 Ave @ 18 St,car,22,17,374,1.294,1,0.0,0.0,False
2026-08-15T19:25,1786821888.1,40961631-fb83-4f48-8ffb-3385448d4e5f,7 Ave @ 18 St,truck,75,54,4050,1.389,1,0.0,0.0,False
2026-08-15T19:25,1786821888.1,40961631-fb83-4f48-8ffb-3385448d4e5f,7 Ave @ 18 St,car,29,19,551,1.526,1,0.0,0.0,False
2026-08-15T19:25,1786821888.1,40961631-fb83-4f48-8ffb-3385448d4e5f,7 Ave @ 18 St,truck,79,61,4819,1.295,3,135.0,1.41,False
2026-08-15T19:25,1786821890.1,40961631-fb83-4f48-8ffb-3385448d4e5f,7 Ave @ 18 St,car,29,21,609,1.381,1,0.0,0.0,False
2026-08-15T19:25,1786821890.1,40961631-fb83-4f48-8ffb-3385448d4e5f,7 Ave @ 18 St,car,32,25,800,1.28,1,0.0,0.0,False
2026-08-15T19:25,1786821892.1,40961631-fb83-4f48-8ffb-3385448d4e5f,7 Ave @ 18 St,car,73,42,3066,1.738,1,0.0,0.0,False
2026-08-15T19:25,1786821892.1,40961631-fb83-4f48-8ffb-3385448d4e5f,7 Ave @ 18 St,car,47,28,1316,1.679,1,0.0,0.0,False
2026-08-15T19:25,1786821892.1,40961631-fb83-4f48-8ffb-3385448d4e5f,7 Ave @ 18 St,car,34,22,748,1.545,1,0.0,0.0,False
2026-08-15T19:25,1786821892.1,40961631-fb83-4f48-8ffb-3385448d4e5f,7 Ave @ 18 St,car,43,30,1290,1.433,1,0.0,0.0,False
2026-08-15T19:25,1786821892.1,40961631-fb83-4f48-8ffb-3385448d4e5f,7 Ave @ 18 St,car,25,16,400,1.562,1,0.0,0.0,False
2026-08-15T19:25,1786821894.1,40961631-fb83-4f48-8ffb-3385448d4e5f,7 Ave @ 18 St,truck,44,30,1320,1.467,1,0.0,0.0,False
2026-08-15T19:25,1786821894.1,40961631-fb83-4f48-8ffb-3385448d4e5f,7 Ave @ 18 St,car,18,12,216,1.5,1,0.0,0.0,False
2026-08-15T19:25,1786821878.1,f801cf2f-cd02-4077-aa53-99ee8a00e1ab,3 Ave @ Atlantic Ave,car,24,24,576,1.0,1,0.0,0.0,False
2026-08-15T19:25,1786821880.1,f801cf2f-cd02-4077-aa53-99ee8a00e1ab,3 Ave @ Atlantic Ave,car,29,25,725,1.16,1,0.0,0.0,False
2026-08-15T19:25,1786821882.1,f801cf2f-cd02-4077-aa53-99ee8a00e1ab,3 Ave @ Atlantic Ave,car,70,62,4340,1.129,2,161.6,3.16,False
2026-08-15T19:25,1786821884.1,f801cf2f-cd02-4077-aa53-99ee8a00e1ab,3 Ave @ Atlantic Ave,truck,93,96,8928,0.969,1,0.0,0.0,False
2026-08-15T19:25,1786821884.1,f801cf2f-cd02-4077-aa53-99ee8a00e1ab,3 Ave @ Atlantic Ave,car,23,19,437,1.211,1,0.0,0.0,False
2026-08-15T19:25,1786821882.1,f801cf2f-cd02-4077-aa53-99ee8a00e1ab,3 Ave @ Atlantic Ave,bus,89,109,9701,0.817,2,344.4,35.3,False
2026-08-15T19:25,1786821882.1,f801cf2f-cd02-4077-aa53-99ee8a00e1ab,3 Ave @ Atlantic Ave,truck,92,108,9936,0.852,3,345.0,18.37,False
2026-08-15T19:25,1786821880.1,f801cf2f-cd02-4077-aa53-99ee8a00e1ab,3 Ave @ Atlantic Ave,car,34,33,1122,1.03,3,0.0,0.0,False
2026-08-15T19:25,1786821890.1,f801cf2f-cd02-4077-aa53-99ee8a00e1ab,3 Ave @ Atlantic Ave,car,32,27,864,1.185,1,0.0,0.0,False
2026-08-15T19:25,1786821884.1,f801cf2f-cd02-4077-aa53-99ee8a00e1ab,3 Ave @ Atlantic Ave,car,63,70,4410,0.9,3,310.7,11.88,False
2026-08-15T19:25,1786821886.1,f801cf2f-cd02-4077-aa53-99ee8a00e1ab,3 Ave @ Atlantic Ave,car,229,96,21984,2.385,3,172.8,31.75,False
2026-08-15T19:25,1786821888.1,f801cf2f-cd02-4077-aa53-99ee8a00e1ab,3 Ave @ Atlantic Ave,car,230,96,22080,2.396,2,182.4,47.04,False
2026-08-15T19:25,1786821888.1,f801cf2f-cd02-4077-aa53-99ee8a00e1ab,3 Ave @ Atlantic Ave,car,31,25,775,1.24,2,206.6,5.59,False
2026-08-15T19:25,1786821892.1,f801cf2f-cd02-4077-aa53-99ee8a00e1ab,3 Ave @ Atlantic Ave,car,69,61,4209,1.131,1,0.0,0.0,False
2026-08-15T19:25,1786821892.1,f801cf2f-cd02-4077-aa53-99ee8a00e1ab,3 Ave @ Atlantic Ave,car,121,114,13794,1.061,2,110.9,33.71,False
2026-08-15T19:25,1786821892.1,f801cf2f-cd02-4077-aa53-99ee8a00e1ab,3 Ave @ Atlantic Ave,truck,70,61,4270,1.148,1,0.0,0.0,False
2026-08-15T19:25,1786821894.1,f801cf2f-cd02-4077-aa53-99ee8a00e1ab,3 Ave @ Atlantic Ave,car,48,34,1632,1.412,1,0.0,0.0,False
2026-08-15T19:25,1786821894.1,f801cf2f-cd02-4077-aa53-99ee8a00e1ab,3 Ave @ Atlantic Ave,car,78,62,4836,1.258,1,0.0,0.0,False
2026-08-15T19:25,1786821894.1,f801cf2f-cd02-4077-aa53-99ee8a00e1ab,3 Ave @ Atlantic Ave,car,26,24,624,1.083,1,0.0,0.0,False
2026-08-15T19:25,1786821894.1,f801cf2f-cd02-4077-aa53-99ee8a00e1ab,3 Ave @ Atlantic Ave,car,36,27,972,1.333,1,0.0,0.0,False
2026-08-15T19:25,1786821896.1,f801cf2f-cd02-4077-aa53-99ee8a00e1ab,3 Ave @ Atlantic Ave,car,32,27,864,1.185,1,0.0,0.0,False
2026-08-15T19:25,1786821896.1,f801cf2f-cd02-4077-aa53-99ee8a00e1ab,3 Ave @ Atlantic Ave,car,58,33,1914,1.758,1,0.0,0.0,False
2026-08-15T19:25,1786821896.1,f801cf2f-cd02-4077-aa53-99ee8a00e1ab,3 Ave @ Atlantic Ave,bus,36,52,1872,0.692,1,0.0,0.0,False
2026-08-15T19:25,1786821896.1,f801cf2f-cd02-4077-aa53-99ee8a00e1ab,3 Ave @ Atlantic Ave,car,35,33,1155,1.061,1,0.0,0.0,False
2026-08-15T19:25,1786821876.1,ed0f8bd4-fe44-4f86-98a9-91f45b446200,3 Ave @ Union St,truck,134,78,10452,1.718,2,280.3,5.59,False
2026-08-15T19:25,1786821876.1,ed0f8bd4-fe44-4f86-98a9-91f45b446200,3 Ave @ Union St,bus,81,71,5751,1.141,2,0.0,0.0,False
2026-08-15T19:25,1786821876.1,ed0f8bd4-fe44-4f86-98a9-91f45b446200,3 Ave @ Union St,car,69,48,3312,1.438,2,288.9,20.08,False
2026-08-15T19:25,1786821876.1,ed0f8bd4-fe44-4f86-98a9-91f45b446200,3 Ave @ Union St,car,34,37,1258,0.919,2,45.0,1.41,False
2026-08-15T19:25,1786821878.1,ed0f8bd4-fe44-4f86-98a9-91f45b446200,3 Ave @ Union St,truck,130,101,13130,1.287,2,143.6,11.8,False
2026-08-15T19:25,1786821880.1,ed0f8bd4-fe44-4f86-98a9-91f45b446200,3 Ave @ Union St,car,46,41,1886,1.122,1,0.0,0.0,False
2026-08-15T19:25,1786821880.1,ed0f8bd4-fe44-4f86-98a9-91f45b446200,3 Ave @ Union St,car,51,34,1734,1.5,1,0.0,0.0,False
2026-08-15T19:25,1786821882.1,ed0f8bd4-fe44-4f86-98a9-91f45b446200,3 Ave @ Union St,car,134,69,9246,1.942,1,0.0,0.0,False
2026-08-15T19:25,1786821882.1,ed0f8bd4-fe44-4f86-98a9-91f45b446200,3 Ave @ Union St,truck,50,61,3050,0.82,2,0.0,3.0,False
2026-08-15T19:25,1786821884.1,ed0f8bd4-fe44-4f86-98a9-91f45b446200,3 Ave @ Union St,truck,53,51,2703,1.039,1,0.0,0.0,False
2026-08-15T19:25,1786821876.1,ed0f8bd4-fe44-4f86-98a9-91f45b446200,3 Ave @ Union St,truck,198,171,33858,1.158,5,174.9,33.88,True
2026-08-15T19:25,1786821884.1,ed0f8bd4-fe44-4f86-98a9-91f45b446200,3 Ave @ Union St,car,60,49,2940,1.224,2,298.8,11.41,False
2026-08-15T19:25,1786821888.1,ed0f8bd4-fe44-4f86-98a9-91f45b446200,3 Ave @ Union St,truck,71,41,2911,1.732,1,0.0,0.0,False
2026-08-15T19:25,1786821876.1,ed0f8bd4-fe44-4f86-98a9-91f45b446200,3 Ave @ Union St,truck,139,145,20155,0.959,8,31.2,3.17,False
2026-08-15T19:25,1786821876.1,ed0f8bd4-fe44-4f86-98a9-91f45b446200,3 Ave @ Union St,truck,82,73,5986,1.123,9,63.4,0.14,False
2026-08-15T19:25,1786821882.1,ed0f8bd4-fe44-4f86-98a9-91f45b446200,3 Ave @ Union St,truck,138,143,19734,0.965,6,347.3,12.3,True
2026-08-15T19:25,1786821886.1,ed0f8bd4-fe44-4f86-98a9-91f45b446200,3 Ave @ Union St,truck,106,122,12932,0.869,3,143.0,25.35,True
2026-08-15T19:25,1786821888.1,ed0f8bd4-fe44-4f86-98a9-91f45b446200,3 Ave @ Union St,truck,97,92,8924,1.054,2,340.1,24.99,False
2026-08-15T19:25,1786821890.1,ed0f8bd4-fe44-4f86-98a9-91f45b446200,3 Ave @ Union St,truck,146,109,15914,1.339,2,169.1,26.48,False
2026-08-15T19:25,1786821894.1,ed0f8bd4-fe44-4f86-98a9-91f45b446200,3 Ave @ Union St,car,157,87,13659,1.805,1,0.0,0.0,False
2026-08-15T19:25,1786821894.1,ed0f8bd4-fe44-4f86-98a9-91f45b446200,3 Ave @ Union St,truck,157,86,13502,1.826,1,0.0,0.0,False
2026-08-15T19:25,1786821876.1,2e0d5197-6073-411f-9d1a-326b30841679,Flushing Ave @ Williamsburg W St,car,131,118,15458,1.11,1,0.0,0.0,False
2026-08-15T19:25,1786821880.1,2e0d5197-6073-411f-9d1a-326b30841679,Flushing Ave @ Williamsburg W St,car,102,59,6018,1.729,1,0.0,0.0,False
2026-08-15T19:25,1786821882.1,2e0d5197-6073-411f-9d1a-326b30841679,Flushing Ave @ Williamsburg W St,car,29,23,667,1.261,1,0.0,0.0,False
2026-08-15T19:25,1786821880.1,2e0d5197-6073-411f-9d1a-326b30841679,Flushing Ave @ Williamsburg W St,car,186,133,24738,1.398,2,272.0,42.03,False
2026-08-15T19:25,1786821884.1,2e0d5197-6073-411f-9d1a-326b30841679,Flushing Ave @ Williamsburg W St,car,66,54,3564,1.222,1,0.0,0.0,False
2026-08-15T19:25,1786821884.1,2e0d5197-6073-411f-9d1a-326b30841679,Flushing Ave @ Williamsburg W St,car,54,32,1728,1.688,1,0.0,0.0,False
2026-08-15T19:25,1786821884.1,2e0d5197-6073-411f-9d1a-326b30841679,Flushing Ave @ Williamsburg W St,car,42,17,714,2.471,1,0.0,0.0,False
2026-08-15T19:25,1786821884.1,2e0d5197-6073-411f-9d1a-326b30841679,Flushing Ave @ Williamsburg W St,car,34,22,748,1.545,1,0.0,0.0,False
2026-08-15T19:25,1786821880.1,2e0d5197-6073-411f-9d1a-326b30841679,Flushing Ave @ Williamsburg W St,car,186,133,24738,1.398,3,14.4,38.2,True
2026-08-15T19:25,1786821886.1,2e0d5197-6073-411f-9d1a-326b30841679,Flushing Ave @ Williamsburg W St,car,84,71,5964,1.183,1,0.0,0.0,False
2026-08-15T19:25,1786821886.1,2e0d5197-6073-411f-9d1a-326b30841679,Flushing Ave @ Williamsburg W St,car,47,39,1833,1.205,1,0.0,0.0,False
2026-08-15T19:25,1786821884.1,2e0d5197-6073-411f-9d1a-326b30841679,Flushing Ave @ Williamsburg W St,car,73,51,3723,1.431,2,249.0,6.96,False
2026-08-15T19:25,1786821888.1,2e0d5197-6073-411f-9d1a-326b30841679,Flushing Ave @ Williamsburg W St,car,59,47,2773,1.255,1,0.0,0.0,False
2026-08-15T19:25,1786821888.1,2e0d5197-6073-411f-9d1a-326b30841679,Flushing Ave @ Williamsburg W St,car,34,23,782,1.478,1,0.0,0.0,False
2026-08-15T19:25,1786821888.1,2e0d5197-6073-411f-9d1a-326b30841679,Flushing Ave @ Williamsburg W St,truck,53,47,2491,1.128,1,0.0,0.0,False
2026-08-15T19:25,1786821884.1,2e0d5197-6073-411f-9d1a-326b30841679,Flushing Ave @ Williamsburg W St,car,40,35,1400,1.143,3,41.0,7.62,False
2026-08-15T19:25,1786821890.1,2e0d5197-6073-411f-9d1a-326b30841679,Flushing Ave @ Williamsburg W St,car,50,30,1500,1.667,1,0.0,0.0,False
2026-08-15T19:25,1786821890.1,2e0d5197-6073-411f-9d1a-326b30841679,Flushing Ave @ Williamsburg W St,car,86,82,7052,1.049,1,0.0,0.0,False
2026-08-15T19:25,1786821886.1,2e0d5197-6073-411f-9d1a-326b30841679,Flushing Ave @ Williamsburg W St,truck,149,158,23542,0.943,3,309.9,27.69,False
2026-08-15T19:25,1786821892.1,2e0d5197-6073-411f-9d1a-326b30841679,Flushing Ave @ Williamsburg W St,car,44,28,1232,1.571,3,206.6,9.5,True
2026-08-15T19:25,1786821892.1,2e0d5197-6073-411f-9d1a-326b30841679,Flushing Ave @ Williamsburg W St,truck,148,120,17760,1.233,1,0.0,0.0,False
2026-08-15T19:25,1786821896.1,2e0d5197-6073-411f-9d1a-326b30841679,Flushing Ave @ Williamsburg W St,car,38,17,646,2.235,1,0.0,0.0,False
2026-08-15T19:25,1786821878.1,9a01683c-321a-421b-b9c3-056bbf851f25,C2-PE-06-WB_at_6th_Ave-Ex2,truck,105,141,14805,0.745,1,0.0,0.0,False
2026-08-15T19:25,1786821878.1,9a01683c-321a-421b-b9c3-056bbf851f25,C2-PE-06-WB_at_6th_Ave-Ex2,car,62,42,2604,1.476,1,0.0,0.0,False
2026-08-15T19:25,1786821878.1,9a01683c-321a-421b-b9c3-056bbf851f25,C2-PE-06-WB_at_6th_Ave-Ex2,car,122,115,14030,1.061,2,152.9,24.15,False
2026-08-15T19:25,1786821880.1,9a01683c-321a-421b-b9c3-056bbf851f25,C2-PE-06-WB_at_6th_Ave-Ex2,car,75,24,1800,3.125,1,0.0,0.0,False
2026-08-15T19:25,1786821882.1,9a01683c-321a-421b-b9c3-056bbf851f25,C2-PE-06-WB_at_6th_Ave-Ex2,car,87,72,6264,1.208,1,0.0,0.0,False
2026-08-15T19:25,1786821882.1,9a01683c-321a-421b-b9c3-056bbf851f25,C2-PE-06-WB_at_6th_Ave-Ex2,car,36,30,1080,1.2,1,0.0,0.0,False
2026-08-15T19:25,1786821882.1,9a01683c-321a-421b-b9c3-056bbf851f25,C2-PE-06-WB_at_6th_Ave-Ex2,car,38,19,722,2.0,1,0.0,0.0,False
2026-08-15T19:25,1786821884.1,9a01683c-321a-421b-b9c3-056bbf851f25,C2-PE-06-WB_at_6th_Ave-Ex2,car,47,33,1551,1.424,1,0.0,0.0,False
2026-08-15T19:25,1786821884.1,9a01683c-321a-421b-b9c3-056bbf851f25,C2-PE-06-WB_at_6th_Ave-Ex2,car,33,23,759,1.435,1,0.0,0.0,False
2026-08-15T19:25,1786821884.1,9a01683c-321a-421b-b9c3-056bbf851f25,C2-PE-06-WB_at_6th_Ave-Ex2,car,63,43,2709,1.465,1,0.0,0.0,False
2026-08-15T19:25,1786821884.1,9a01683c-321a-421b-b9c3-056bbf851f25,C2-PE-06-WB_at_6th_Ave-Ex2,car,113,97,10961,1.165,2,195.6,12.98,False
2026-08-15T19:25,1786821884.1,9a01683c-321a-421b-b9c3-056bbf851f25,C2-PE-06-WB_at_6th_Ave-Ex2,truck,122,105,12810,1.162,2,158.2,2.69,False
2026-08-15T19:25,1786821886.1,9a01683c-321a-421b-b9c3-056bbf851f25,C2-PE-06-WB_at_6th_Ave-Ex2,car,68,61,4148,1.115,1,0.0,0.0,False
2026-08-15T19:25,1786821886.1,9a01683c-321a-421b-b9c3-056bbf851f25,C2-PE-06-WB_at_6th_Ave-Ex2,car,58,47,2726,1.234,1,0.0,0.0,False
2026-08-15T19:25,1786821886.1,9a01683c-321a-421b-b9c3-056bbf851f25,C2-PE-06-WB_at_6th_Ave-Ex2,car,43,28,1204,1.536,1,0.0,0.0,False
2026-08-15T19:25,1786821886.1,9a01683c-321a-421b-b9c3-056bbf851f25,C2-PE-06-WB_at_6th_Ave-Ex2,car,87,46,4002,1.891,1,0.0,0.0,False
2026-08-15T19:25,1786821886.1,9a01683c-321a-421b-b9c3-056bbf851f25,C2-PE-06-WB_at_6th_Ave-Ex2,car,66,40,2640,1.65,1,0.0,0.0,False
2026-08-15T19:25,1786821884.1,9a01683c-321a-421b-b9c3-056bbf851f25,C2-PE-06-WB_at_6th_Ave-Ex2,car,79,73,5767,1.082,2,353.8,50.8,True
2026-08-15T19:25,1786821886.1,9a01683c-321a-421b-b9c3-056bbf851f25,C2-PE-06-WB_at_6th_Ave-Ex2,truck,127,123,15621,1.033,2,158.6,27.39,False
2026-08-15T19:25,1786821888.1,9a01683c-321a-421b-b9c3-056bbf851f25,C2-PE-06-WB_at_6th_Ave-Ex2,car,90,59,5310,1.525,1,0.0,0.0,False
2026-08-15T19:25,1786821888.1,9a01683c-321a-421b-b9c3-056bbf851f25,C2-PE-06-WB_at_6th_Ave-Ex2,car,73,46,3358,1.587,1,0.0,0.0,False
2026-08-15T19:25,1786821886.1,9a01683c-321a-421b-b9c3-056bbf851f25,C2-PE-06-WB_at_6th_Ave-Ex2,car,133,104,13832,1.279,2,327.3,58.25,True
2026-08-15T19:25,1786821892.1,9a01683c-321a-421b-b9c3-056bbf851f25,C2-PE-06-WB_at_6th_Ave-Ex2,car,107,89,9523,1.202,1,0.0,0.0,False
2026-08-15T19:25,1786821892.1,9a01683c-321a-421b-b9c3-056bbf851f25,C2-PE-06-WB_at_6th_Ave-Ex2,car,71,54,3834,1.315,1,0.0,0.0,False
2026-08-15T19:25,1786821894.1,9a01683c-321a-421b-b9c3-056bbf851f25,C2-PE-06-WB_at_6th_Ave-Ex2,car,58,40,2320,1.45,1,0.0,0.0,False
2026-08-15T19:25,1786821894.1,9a01683c-321a-421b-b9c3-056bbf851f25,C2-PE-06-WB_at_6th_Ave-Ex2,car,57,49,2793,1.163,1,0.0,0.0,False
2026-08-15T19:25,1786821894.1,9a01683c-321a-421b-b9c3-056bbf851f25,C2-PE-06-WB_at_6th_Ave-Ex2,car,43,31,1333,1.387,1,0.0,0.0,False
2026-08-15T19:25,1786821894.1,9a01683c-321a-421b-b9c3-056bbf851f25,C2-PE-06-WB_at_6th_Ave-Ex2,car,71,39,2769,1.821,1,0.0,0.0,False
2026-08-15T19:25,1786821894.1,9a01683c-321a-421b-b9c3-056bbf851f25,C2-PE-06-WB_at_6th_Ave-Ex2,car,86,74,6364,1.162,2,340.9,27.51,False
2026-08-15T19:25,1786821894.1,9a01683c-321a-421b-b9c3-056bbf851f25,C2-PE-06-WB_at_6th_Ave-Ex2,truck,118,112,13216,1.054,1,0.0,0.0,False
2026-08-15T19:26,1786821952.9,c89b62d1-35be-4bb8-b22b-a77c2583733c,Eastern Pkwy @ Utica Ave,car,107,110,11770,0.973,1,0.0,0.0,False
2026-08-15T19:26,1786821952.9,c89b62d1-35be-4bb8-b22b-a77c2583733c,Eastern Pkwy @ Utica Ave,car,29,28,812,1.036,1,0.0,0.0,False
2026-08-15T19:26,1786821952.9,c89b62d1-35be-4bb8-b22b-a77c2583733c,Eastern Pkwy @ Utica Ave,car,42,28,1176,1.5,1,0.0,0.0,False
2026-08-15T19:26,1786821956.9,c89b62d1-35be-4bb8-b22b-a77c2583733c,Eastern Pkwy @ Utica Ave,car,35,29,1015,1.207,1,0.0,0.0,False
2026-08-15T19:26,1786821960.9,c89b62d1-35be-4bb8-b22b-a77c2583733c,Eastern Pkwy @ Utica Ave,truck,40,35,1400,1.143,1,0.0,0.0,False
2026-08-15T19:26,1786821960.9,c89b62d1-35be-4bb8-b22b-a77c2583733c,Eastern Pkwy @ Utica Ave,car,32,14,448,2.286,1,0.0,0.0,False
2026-08-15T19:26,1786821960.9,c89b62d1-35be-4bb8-b22b-a77c2583733c,Eastern Pkwy @ Utica Ave,bus,134,121,16214,1.107,2,346.0,2.06,False
2026-08-15T19:26,1786821964.9,c89b62d1-35be-4bb8-b22b-a77c2583733c,Eastern Pkwy @ Utica Ave,car,39,35,1365,1.114,1,0.0,0.0,False
2026-08-15T19:26,1786821966.9,c89b62d1-35be-4bb8-b22b-a77c2583733c,Eastern Pkwy @ Utica Ave,car,64,55,3520,1.164,1,0.0,0.0,False
2026-08-15T19:26,1786821966.9,c89b62d1-35be-4bb8-b22b-a77c2583733c,Eastern Pkwy @ Utica Ave,car,29,31,899,0.935,1,0.0,0.0,False
2026-08-15T19:26,1786821966.9,c89b62d1-35be-4bb8-b22b-a77c2583733c,Eastern Pkwy @ Utica Ave,car,42,29,1218,1.448,1,0.0,0.0,False
2026-08-15T19:26,1786821948.9,f4c47f52-9c8d-494a-92da-4dcc09a19fab,Eastern Pkwy @ Bedford Ave,truck,43,48,2064,0.896,1,0.0,0.0,False
2026-08-15T19:26,1786821950.9,f4c47f52-9c8d-494a-92da-4dcc09a19fab,Eastern Pkwy @ Bedford Ave,car,166,118,19588,1.407,1,0.0,0.0,False
2026-08-15T19:26,1786821950.9,f4c47f52-9c8d-494a-92da-4dcc09a19fab,Eastern Pkwy @ Bedford Ave,car,130,164,21320,0.793,2,228.4,6.02,False
2026-08-15T19:26,1786821952.9,f4c47f52-9c8d-494a-92da-4dcc09a19fab,Eastern Pkwy @ Bedford Ave,car,129,43,5547,3.0,1,0.0,0.0,False
2026-08-15T19:26,1786821950.9,f4c47f52-9c8d-494a-92da-4dcc09a19fab,Eastern Pkwy @ Bedford Ave,car,187,195,36465,0.959,4,143.6,8.7,False
2026-08-15T19:26,1786821952.9,f4c47f52-9c8d-494a-92da-4dcc09a19fab,Eastern Pkwy @ Bedford Ave,car,267,182,48594,1.467,4,65.0,5.52,False
2026-08-15T19:26,1786821954.9,f4c47f52-9c8d-494a-92da-4dcc09a19fab,Eastern Pkwy @ Bedford Ave,car,182,164,29848,1.11,3,210.4,44.93,True
2026-08-15T19:26,1786821954.9,f4c47f52-9c8d-494a-92da-4dcc09a19fab,Eastern Pkwy @ Bedford Ave,car,231,253,58443,0.913,3,69.7,29.58,False
2026-08-15T19:26,1786821954.9,f4c47f52-9c8d-494a-92da-4dcc09a19fab,Eastern Pkwy @ Bedford Ave,car,208,199,41392,1.045,3,108.4,2.37,False
2026-08-15T19:26,1786821954.9,f4c47f52-9c8d-494a-92da-4dcc09a19fab,Eastern Pkwy @ Bedford Ave,truck,197,219,43143,0.9,2,82.9,4.03,False
2026-08-15T19:26,1786821954.9,f4c47f52-9c8d-494a-92da-4dcc09a19fab,Eastern Pkwy @ Bedford Ave,car,162,173,28026,0.936,3,40.1,28.74,False
2026-08-15T19:26,1786821958.9,f4c47f52-9c8d-494a-92da-4dcc09a19fab,Eastern Pkwy @ Bedford Ave,car,198,194,38412,1.021,1,0.0,0.0,False
2026-08-15T19:26,1786821948.9,2fe54994-17f6-499d-a3ab-8c6dc9dbda9e,Atlantic Ave @ Bedford Ave,bus,66,72,4752,0.917,1,0.0,0.0,False
2026-08-15T19:26,1786821950.9,2fe54994-17f6-499d-a3ab-8c6dc9dbda9e,Atlantic Ave @ Bedford Ave,car,72,50,3600,1.44,1,0.0,0.0,False
2026-08-15T19:26,1786821950.9,2fe54994-17f6-499d-a3ab-8c6dc9dbda9e,Atlantic Ave @ Bedford Ave,car,99,117,11583,0.846,1,0.0,0.0,False
2026-08-15T19:26,1786821950.9,2fe54994-17f6-499d-a3ab-8c6dc9dbda9e,Atlantic Ave @ Bedford Ave,car,73,77,5621,0.948,1,0.0,0.0,False
2026-08-15T19:26,1786821952.9,2fe54994-17f6-499d-a3ab-8c6dc9dbda9e,Atlantic Ave @ Bedford Ave,car,65,59,3835,1.102,1,0.0,0.0,False
2026-08-15T19:26,1786821952.9,2fe54994-17f6-499d-a3ab-8c6dc9dbda9e,Atlantic Ave @ Bedford Ave,car,129,113,14577,1.142,1,0.0,0.0,False
2026-08-15T19:26,1786821952.9,2fe54994-17f6-499d-a3ab-8c6dc9dbda9e,Atlantic Ave @ Bedford Ave,car,90,119,10710,0.756,1,0.0,0.0,False
2026-08-15T19:26,1786821948.9,2fe54994-17f6-499d-a3ab-8c6dc9dbda9e,Atlantic Ave @ Bedford Ave,car,79,99,7821,0.798,3,267.9,20.26,True
2026-08-15T19:26,1786821952.9,2fe54994-17f6-499d-a3ab-8c6dc9dbda9e,Atlantic Ave @ Bedford Ave,car,50,55,2750,0.909,2,290.7,24.05,True
2026-08-15T19:26,1786821950.9,2fe54994-17f6-499d-a3ab-8c6dc9dbda9e,Atlantic Ave @ Bedford Ave,truck,127,144,18288,0.882,4,88.2,20.84,True
2026-08-15T19:26,1786821948.9,2fe54994-17f6-499d-a3ab-8c6dc9dbda9e,Atlantic Ave @ Bedford Ave,truck,110,113,12430,0.973,6,113.3,7.08,False
2026-08-15T19:26,1786821956.9,2fe54994-17f6-499d-a3ab-8c6dc9dbda9e,Atlantic Ave @ Bedford Ave,car,46,44,2024,1.045,2,246.8,3.81,False
2026-08-15T19:26,1786821950.9,2fe54994-17f6-499d-a3ab-8c6dc9dbda9e,Atlantic Ave @ Bedford Ave,bus,106,149,15794,0.711,4,123.4,39.34,True
2026-08-15T19:26,1786821952.9,2fe54994-17f6-499d-a3ab-8c6dc9dbda9e,Atlantic Ave @ Bedford Ave,truck,88,121,10648,0.727,3,75.5,6.97,False
2026-08-15T19:26,1786821960.9,2fe54994-17f6-499d-a3ab-8c6dc9dbda9e,Atlantic Ave @ Bedford Ave,car,61,62,3782,0.984,1,0.0,0.0,False
2026-08-15T19:26,1786821954.9,2fe54994-17f6-499d-a3ab-8c6dc9dbda9e,Atlantic Ave @ Bedford Ave,car,47,47,2209,1.0,3,133.3,18.22,True
2026-08-15T19:26,1786821958.9,2fe54994-17f6-499d-a3ab-8c6dc9dbda9e,Atlantic Ave @ Bedford Ave,car,103,128,13184,0.805,3,144.6,25.46,False
2026-08-15T19:26,1786821962.9,2fe54994-17f6-499d-a3ab-8c6dc9dbda9e,Atlantic Ave @ Bedford Ave,truck,108,103,11124,1.049,1,0.0,0.0,False
2026-08-15T19:26,1786821948.9,2fe54994-17f6-499d-a3ab-8c6dc9dbda9e,Atlantic Ave @ Bedford Ave,car,95,162,15390,0.586,7,286.7,9.57,False
2026-08-15T19:26,1786821950.9,2fe54994-17f6-499d-a3ab-8c6dc9dbda9e,Atlantic Ave @ Bedford Ave,car,72,85,6120,0.847,7,85.1,4.85,False
2026-08-15T19:26,1786821954.9,2fe54994-17f6-499d-a3ab-8c6dc9dbda9e,Atlantic Ave @ Bedford Ave,car,114,138,15732,0.826,6,260.7,22.39,True
2026-08-15T19:26,1786821956.9,2fe54994-17f6-499d-a3ab-8c6dc9dbda9e,Atlantic Ave @ Bedford Ave,car,64,57,3648,1.123,5,123.7,5.41,False
2026-08-15T19:26,1786821960.9,2fe54994-17f6-499d-a3ab-8c6dc9dbda9e,Atlantic Ave @ Bedford Ave,car,64,62,3968,1.032,2,116.1,28.4,True
2026-08-15T19:26,1786821960.9,2fe54994-17f6-499d-a3ab-8c6dc9dbda9e,Atlantic Ave @ Bedford Ave,car,104,134,13936,0.776,3,109.4,27.04,True
2026-08-15T19:26,1786821960.9,2fe54994-17f6-499d-a3ab-8c6dc9dbda9e,Atlantic Ave @ Bedford Ave,car,57,41,2337,1.39,3,251.6,7.91,False
2026-08-15T19:26,1786821964.9,2fe54994-17f6-499d-a3ab-8c6dc9dbda9e,Atlantic Ave @ Bedford Ave,bus,41,40,1640,1.025,1,0.0,0.0,False
2026-08-15T19:26,1786821966.9,2fe54994-17f6-499d-a3ab-8c6dc9dbda9e,Atlantic Ave @ Bedford Ave,car,35,37,1295,0.946,1,0.0,0.0,False
2026-08-15T19:26,1786821966.9,2fe54994-17f6-499d-a3ab-8c6dc9dbda9e,Atlantic Ave @ Bedford Ave,car,56,48,2688,1.167,2,5.7,10.05,False
2026-08-15T19:26,1786821966.9,2fe54994-17f6-499d-a3ab-8c6dc9dbda9e,Atlantic Ave @ Bedford Ave,car,33,42,1386,0.786,1,0.0,0.0,False
2026-08-15T19:26,1786821966.9,2fe54994-17f6-499d-a3ab-8c6dc9dbda9e,Atlantic Ave @ Bedford Ave,car,99,111,10989,0.892,2,111.7,39.27,False
2026-08-15T19:26,1786821966.9,2fe54994-17f6-499d-a3ab-8c6dc9dbda9e,Atlantic Ave @ Bedford Ave,car,64,57,3648,1.123,1,0.0,0.0,False
2026-08-15T19:26,1786821968.9,2fe54994-17f6-499d-a3ab-8c6dc9dbda9e,Atlantic Ave @ Bedford Ave,car,117,142,16614,0.824,1,0.0,0.0,False
2026-08-15T19:26,1786821948.9,2e43a9d0-1df8-4a38-ae20-2e0f359bb55d,Flatbush Ave @ Empire Blvd,car,43,41,1763,1.049,1,0.0,0.0,False
2026-08-15T19:26,1786821948.9,2e43a9d0-1df8-4a38-ae20-2e0f359bb55d,Flatbush Ave @ Empire Blvd,truck,85,63,5355,1.349,2,0.0,0.0,False
2026-08-15T19:26,1786821948.9,2e43a9d0-1df8-4a38-ae20-2e0f359bb55d,Flatbush Ave @ Empire Blvd,car,112,92,10304,1.217,2,303.7,1.8,False
2026-08-15T19:26,1786821952.9,2e43a9d0-1df8-4a38-ae20-2e0f359bb55d,Flatbush Ave @ Empire Blvd,car,120,80,9600,1.5,1,0.0,0.0,False
2026-08-15T19:26,1786821954.9,2e43a9d0-1df8-4a38-ae20-2e0f359bb55d,Flatbush Ave @ Empire Blvd,car,94,60,5640,1.567,1,0.0,0.0,False
2026-08-15T19:26,1786821954.9,2e43a9d0-1df8-4a38-ae20-2e0f359bb55d,Flatbush Ave @ Empire Blvd,car,16,15,240,1.067,1,0.0,0.0,False
2026-08-15T19:26,1786821954.9,2e43a9d0-1df8-4a38-ae20-2e0f359bb55d,Flatbush Ave @ Empire Blvd,car,42,39,1638,1.077,2,288.4,1.58,False
2026-08-15T19:26,1786821956.9,2e43a9d0-1df8-4a38-ae20-2e0f359bb55d,Flatbush Ave @ Empire Blvd,car,83,46,3818,1.804,1,0.0,0.0,False
2026-08-15T19:26,1786821956.9,2e43a9d0-1df8-4a38-ae20-2e0f359bb55d,Flatbush Ave @ Empire Blvd,car,29,18,522,1.611,1,0.0,0.0,False
2026-08-15T19:26,1786821956.9,2e43a9d0-1df8-4a38-ae20-2e0f359bb55d,Flatbush Ave @ Empire Blvd,car,54,43,2322,1.256,1,0.0,0.0,False
2026-08-15T19:26,1786821948.9,2e43a9d0-1df8-4a38-ae20-2e0f359bb55d,Flatbush Ave @ Empire Blvd,car,110,91,10010,1.209,5,41.5,5.84,False
2026-08-15T19:26,1786821956.9,2e43a9d0-1df8-4a38-ae20-2e0f359bb55d,Flatbush Ave @ Empire Blvd,car,41,29,1189,1.414,2,337.2,16.81,True
2026-08-15T19:26,1786821958.9,2e43a9d0-1df8-4a38-ae20-2e0f359bb55d,Flatbush Ave @ Empire Blvd,car,24,16,384,1.5,1,0.0,0.0,False
2026-08-15T19:26,1786821960.9,2e43a9d0-1df8-4a38-ae20-2e0f359bb55d,Flatbush Ave @ Empire Blvd,car,20,14,280,1.429,1,0.0,0.0,False
2026-08-15T19:26,1786821962.9,2e43a9d0-1df8-4a38-ae20-2e0f359bb55d,Flatbush Ave @ Empire Blvd,truck,72,43,3096,1.674,1,0.0,0.0,False
2026-08-15T19:26,1786821962.9,2e43a9d0-1df8-4a38-ae20-2e0f359bb55d,Flatbush Ave @ Empire Blvd,car,35,25,875,1.4,1,0.0,0.0,False
2026-08-15T19:26,1786821948.9,2e43a9d0-1df8-4a38-ae20-2e0f359bb55d,Flatbush Ave @ Empire Blvd,car,77,57,4389,1.351,10,40.1,2.76,False
2026-08-15T19:26,1786821948.9,2e43a9d0-1df8-4a38-ae20-2e0f359bb55d,Flatbush Ave @ Empire Blvd,truck,45,41,1845,1.098,9,53.1,0.62,False
2026-08-15T19:26,1786821948.9,2e43a9d0-1df8-4a38-ae20-2e0f359bb55d,Flatbush Ave @ Empire Blvd,car,117,84,9828,1.393,10,225.0,0.24,False
2026-08-15T19:26,1786821956.9,2e43a9d0-1df8-4a38-ae20-2e0f359bb55d,Flatbush Ave @ Empire Blvd,car,38,53,2014,0.717,5,270.0,0.25,False
2026-08-15T19:26,1786821958.9,2e43a9d0-1df8-4a38-ae20-2e0f359bb55d,Flatbush Ave @ Empire Blvd,car,111,87,9657,1.276,4,90.0,0.17,False
2026-08-15T19:26,1786821964.9,2e43a9d0-1df8-4a38-ae20-2e0f359bb55d,Flatbush Ave @ Empire Blvd,car,24,19,456,1.263,1,0.0,0.0,False
2026-08-15T19:26,1786821964.9,2e43a9d0-1df8-4a38-ae20-2e0f359bb55d,Flatbush Ave @ Empire Blvd,car,45,39,1755,1.154,3,251.6,0.79,False
2026-08-15T19:26,1786821966.9,2e43a9d0-1df8-4a38-ae20-2e0f359bb55d,Flatbush Ave @ Empire Blvd,car,25,16,400,1.562,1,0.0,0.0,False
2026-08-15T19:26,1786821968.9,2e43a9d0-1df8-4a38-ae20-2e0f359bb55d,Flatbush Ave @ Empire Blvd,car,64,39,2496,1.641,1,0.0,0.0,False
2026-08-15T19:26,1786821968.9,2e43a9d0-1df8-4a38-ae20-2e0f359bb55d,Flatbush Ave @ Empire Blvd,truck,39,39,1521,1.0,1,0.0,0.0,False
2026-08-15T19:26,1786821948.9,1c51b3ec-3d29-4025-928d-4e182e7c0bd5,Grand Army Plaza,car,66,38,2508,1.737,1,0.0,0.0,False
2026-08-15T19:26,1786821948.9,1c51b3ec-3d29-4025-928d-4e182e7c0bd5,Grand Army Plaza,car,53,27,1431,1.963,1,0.0,0.0,False
2026-08-15T19:26,1786821948.9,1c51b3ec-3d29-4025-928d-4e182e7c0bd5,Grand Army Plaza,car,37,25,925,1.48,1,0.0,0.0,False
2026-08-15T19:26,1786821948.9,1c51b3ec-3d29-4025-928d-4e182e7c0bd5,Grand Army Plaza,car,55,40,2200,1.375,1,0.0,0.0,False
2026-08-15T19:26,1786821948.9,1c51b3ec-3d29-4025-928d-4e182e7c0bd5,Grand Army Plaza,car,46,29,1334,1.586,2,98.1,3.54,False
2026-08-15T19:26,1786821948.9,1c51b3ec-3d29-4025-928d-4e182e7c0bd5,Grand Army Plaza,car,28,22,616,1.273,2,71.6,4.74,False
2026-08-15T19:26,1786821948.9,1c51b3ec-3d29-4025-928d-4e182e7c0bd5,Grand Army Plaza,car,50,29,1450,1.724,2,315.0,1.41,False
2026-08-15T19:26,1786821950.9,1c51b3ec-3d29-4025-928d-4e182e7c0bd5,Grand Army Plaza,car,36,19,684,1.895,1,0.0,0.0,False
2026-08-15T19:26,1786821950.9,1c51b3ec-3d29-4025-928d-4e182e7c0bd5,Grand Army Plaza,car,21,15,315,1.4,1,0.0,0.0,False
2026-08-15T19:26,1786821950.9,1c51b3ec-3d29-4025-928d-4e182e7c0bd5,Grand Army Plaza,car,21,15,315,1.4,1,0.0,0.0,False
2026-08-15T19:26,1786821950.9,1c51b3ec-3d29-4025-928d-4e182e7c0bd5,Grand Army Plaza,car,32,14,448,2.286,1,0.0,0.0,False
2026-08-15T19:26,1786821952.9,1c51b3ec-3d29-4025-928d-4e182e7c0bd5,Grand Army Plaza,car,78,33,2574,2.364,1,0.0,0.0,False
2026-08-15T19:26,1786821952.9,1c51b3ec-3d29-4025-928d-4e182e7c0bd5,Grand Army Plaza,car,71,49,3479,1.449,1,0.0,0.0,False
2026-08-15T19:26,1786821952.9,1c51b3ec-3d29-4025-928d-4e182e7c0bd5,Grand Army Plaza,car,29,21,609,1.381,1,0.0,0.0,False
2026-08-15T19:26,1786821952.9,1c51b3ec-3d29-4025-928d-4e182e7c0bd5,Grand Army Plaza,car,41,24,984,1.708,1,0.0,0.0,False
2026-08-15T19:26,1786821950.9,1c51b3ec-3d29-4025-928d-4e182e7c0bd5,Grand Army Plaza,car,23,16,368,1.438,2,204.4,6.04,False
2026-08-15T19:26,1786821954.9,1c51b3ec-3d29-4025-928d-4e182e7c0bd5,Grand Army Plaza,car,46,36,1656,1.278,1,0.0,0.0,False
2026-08-15T19:26,1786821950.9,1c51b3ec-3d29-4025-928d-4e182e7c0bd5,Grand Army Plaza,car,88,85,7480,1.035,3,68.0,12.67,False
2026-08-15T19:26,1786821952.9,1c51b3ec-3d29-4025-928d-4e182e7c0bd5,Grand Army Plaza,car,88,37,3256,2.378,3,7.7,33.55,True
2026-08-15T19:26,1786821956.9,1c51b3ec-3d29-4025-928d-4e182e7c0bd5,Grand Army Plaza,car,24,16,384,1.5,1,0.0,0.0,False
2026-08-15T19:26,1786821956.9,1c51b3ec-3d29-4025-928d-4e182e7c0bd5,Grand Army Plaza,car,105,34,3570,3.088,1,0.0,0.0,False
2026-08-15T19:26,1786821956.9,1c51b3ec-3d29-4025-928d-4e182e7c0bd5,Grand Army Plaza,car,76,34,2584,2.235,2,321.3,3.2,False
2026-08-15T19:26,1786821958.9,1c51b3ec-3d29-4025-928d-4e182e7c0bd5,Grand Army Plaza,car,64,32,2048,2.0,1,0.0,0.0,False
2026-08-15T19:26,1786821956.9,1c51b3ec-3d29-4025-928d-4e182e7c0bd5,Grand Army Plaza,car,50,29,1450,1.724,3,0.0,0.5,False
2026-08-15T19:26,1786821960.9,1c51b3ec-3d29-4025-928d-4e182e7c0bd5,Grand Army Plaza,moto,41,32,1312,1.281,1,0.0,0.0,False
2026-08-15T19:26,1786821960.9,1c51b3ec-3d29-4025-928d-4e182e7c0bd5,Grand Army Plaza,truck,202,153,30906,1.32,1,0.0,0.0,False
2026-08-15T19:26,1786821960.9,1c51b3ec-3d29-4025-928d-4e182e7c0bd5,Grand Army Plaza,car,17,13,221,1.308,1,0.0,0.0,False
2026-08-15T19:26,1786821948.9,1c51b3ec-3d29-4025-928d-4e182e7c0bd5,Grand Army Plaza,car,48,32,1536,1.5,5,79.0,4.58,False
2026-08-15T19:26,1786821948.9,1c51b3ec-3d29-4025-928d-4e182e7c0bd5,Grand Army Plaza,truck,202,159,32118,1.27,10,0.0,0.28,False
2026-08-15T19:26,1786821948.9,1c51b3ec-3d29-4025-928d-4e182e7c0bd5,Grand Army Plaza,car,155,50,7750,3.1,9,14.0,0.52,False
2026-08-15T19:26,1786821952.9,1c51b3ec-3d29-4025-928d-4e182e7c0bd5,Grand Army Plaza,car,267,89,23763,3.0,6,346.1,17.92,False
2026-08-15T19:26,1786821952.9,1c51b3ec-3d29-4025-928d-4e182e7c0bd5,Grand Army Plaza,car,180,32,5760,5.625,6,108.4,0.32,False
2026-08-15T19:26,1786821960.9,1c51b3ec-3d29-4025-928d-4e182e7c0bd5,Grand Army Plaza,car,34,24,816,1.417,2,3.0,9.51,False
2026-08-15T19:26,1786821964.9,1c51b3ec-3d29-4025-928d-4e182e7c0bd5,Grand Army Plaza,car,66,28,1848,2.357,1,0.0,0.0,False
2026-08-15T19:26,1786821964.9,1c51b3ec-3d29-4025-928d-4e182e7c0bd5,Grand Army Plaza,car,29,21,609,1.381,2,353.3,8.56,False
2026-08-15T19:26,1786821964.9,1c51b3ec-3d29-4025-928d-4e182e7c0bd5,Grand Army Plaza,moto,31,39,1209,0.795,1,0.0,0.0,False
2026-08-15T19:26,1786821964.9,1c51b3ec-3d29-4025-928d-4e182e7c0bd5,Grand Army Plaza,car,62,36,2232,1.722,1,0.0,0.0,False
2026-08-15T19:26,1786821966.9,1c51b3ec-3d29-4025-928d-4e182e7c0bd5,Grand Army Plaza,car,96,33,3168,2.909,1,0.0,0.0,False
2026-08-15T19:26,1786821966.9,1c51b3ec-3d29-4025-928d-4e182e7c0bd5,Grand Army Plaza,car,27,19,513,1.421,1,0.0,0.0,False
2026-08-15T19:26,1786821966.9,1c51b3ec-3d29-4025-928d-4e182e7c0bd5,Grand Army Plaza,car,45,30,1350,1.5,1,0.0,0.0,False
2026-08-15T19:26,1786821948.9,cb68b8b1-9093-4f2e-acf2-8133b047e8df,Flatbush Ave @ Eastern Pkwy,car,53,28,1484,1.893,1,0.0,0.0,False
2026-08-15T19:26,1786821948.9,cb68b8b1-9093-4f2e-acf2-8133b047e8df,Flatbush Ave @ Eastern Pkwy,car,27,19,513,1.421,1,0.0,0.0,False
2026-08-15T19:26,1786821948.9,cb68b8b1-9093-4f2e-acf2-8133b047e8df,Flatbush Ave @ Eastern Pkwy,truck,39,59,2301,0.661,1,0.0,0.0,False
2026-08-15T19:26,1786821952.9,cb68b8b1-9093-4f2e-acf2-8133b047e8df,Flatbush Ave @ Eastern Pkwy,car,39,25,975,1.56,1,0.0,0.0,False
2026-08-15T19:26,1786821952.9,cb68b8b1-9093-4f2e-acf2-8133b047e8df,Flatbush Ave @ Eastern Pkwy,car,37,23,851,1.609,1,0.0,0.0,False
2026-08-15T19:26,1786821948.9,cb68b8b1-9093-4f2e-acf2-8133b047e8df,Flatbush Ave @ Eastern Pkwy,car,44,36,1584,1.222,3,81.3,6.58,False
2026-08-15T19:26,1786821956.9,cb68b8b1-9093-4f2e-acf2-8133b047e8df,Flatbush Ave @ Eastern Pkwy,car,24,17,408,1.412,1,0.0,0.0,False
2026-08-15T19:26,1786821948.9,cb68b8b1-9093-4f2e-acf2-8133b047e8df,Flatbush Ave @ Eastern Pkwy,car,45,39,1755,1.154,5,309.4,4.53,True
2026-08-15T19:26,1786821956.9,cb68b8b1-9093-4f2e-acf2-8133b047e8df,Flatbush Ave @ Eastern Pkwy,car,52,40,2080,1.3,2,4.8,6.02,False
2026-08-15T19:26,1786821958.9,cb68b8b1-9093-4f2e-acf2-8133b047e8df,Flatbush Ave @ Eastern Pkwy,car,33,22,726,1.5,1,0.0,0.0,False
2026-08-15T19:26,1786821958.9,cb68b8b1-9093-4f2e-acf2-8133b047e8df,Flatbush Ave @ Eastern Pkwy,moto,71,48,3408,1.479,2,11.3,2.55,False
2026-08-15T19:26,1786821960.9,cb68b8b1-9093-4f2e-acf2-8133b047e8df,Flatbush Ave @ Eastern Pkwy,car,33,27,891,1.222,1,0.0,0.0,False
2026-08-15T19:26,1786821960.9,cb68b8b1-9093-4f2e-acf2-8133b047e8df,Flatbush Ave @ Eastern Pkwy,truck,61,35,2135,1.743,1,0.0,0.0,False
2026-08-15T19:26,1786821960.9,cb68b8b1-9093-4f2e-acf2-8133b047e8df,Flatbush Ave @ Eastern Pkwy,car,48,37,1776,1.297,1,0.0,0.0,False
2026-08-15T19:26,1786821960.9,cb68b8b1-9093-4f2e-acf2-8133b047e8df,Flatbush Ave @ Eastern Pkwy,car,46,27,1242,1.704,1,0.0,0.0,False
2026-08-15T19:26,1786821960.9,cb68b8b1-9093-4f2e-acf2-8133b047e8df,Flatbush Ave @ Eastern Pkwy,car,59,34,2006,1.735,1,0.0,0.0,False
2026-08-15T19:26,1786821962.9,cb68b8b1-9093-4f2e-acf2-8133b047e8df,Flatbush Ave @ Eastern Pkwy,car,32,21,672,1.524,1,0.0,0.0,False
2026-08-15T19:26,1786821962.9,cb68b8b1-9093-4f2e-acf2-8133b047e8df,Flatbush Ave @ Eastern Pkwy,car,79,43,3397,1.837,1,0.0,0.0,False
2026-08-15T19:26,1786821962.9,cb68b8b1-9093-4f2e-acf2-8133b047e8df,Flatbush Ave @ Eastern Pkwy,car,24,16,384,1.5,1,0.0,0.0,False
2026-08-15T19:26,1786821962.9,cb68b8b1-9093-4f2e-acf2-8133b047e8df,Flatbush Ave @ Eastern Pkwy,car,51,31,1581,1.645,2,213.7,1.8,False
2026-08-15T19:26,1786821966.9,cb68b8b1-9093-4f2e-acf2-8133b047e8df,Flatbush Ave @ Eastern Pkwy,car,73,38,2774,1.921,2,166.0,2.06,False
2026-08-15T19:26,1786821966.9,cb68b8b1-9093-4f2e-acf2-8133b047e8df,Flatbush Ave @ Eastern Pkwy,car,51,26,1326,1.962,1,0.0,0.0,False
2026-08-15T19:26,1786821952.9,2064d8ab-597a-45d8-a3c9-5ab95a4e69e6,7 Ave @ Union St,car,50,41,2050,1.22,1,0.0,0.0,False
2026-08-15T19:26,1786821952.9,2064d8ab-597a-45d8-a3c9-5ab95a4e69e6,7 Ave @ Union St,car,31,24,744,1.292,1,0.0,0.0,False
2026-08-15T19:26,1786821958.9,2064d8ab-597a-45d8-a3c9-5ab95a4e69e6,7 Ave @ Union St,car,54,34,1836,1.588,1,0.0,0.0,False
2026-08-15T19:26,1786821958.9,2064d8ab-597a-45d8-a3c9-5ab95a4e69e6,7 Ave @ Union St,car,50,46,2300,1.087,1,0.0,0.0,False
2026-08-15T19:26,1786821958.9,2064d8ab-597a-45d8-a3c9-5ab95a4e69e6,7 Ave @ Union St,car,52,41,2132,1.268,4,178.8,8.0,True
2026-08-15T19:26,1786821964.9,2064d8ab-597a-45d8-a3c9-5ab95a4e69e6,7 Ave @ Union St,car,46,45,2070,1.022,1,0.0,0.0,False
2026-08-15T19:26,1786821968.9,2064d8ab-597a-45d8-a3c9-5ab95a4e69e6,7 Ave @ Union St,car,45,43,1935,1.047,1,0.0,0.0,False
2026-08-15T19:26,1786821948.9,fde1748c-7c0f-4df8-8acd-120df29a9305,Atlantic Ave @ Eastern Pkwy,car,42,57,2394,0.737,1,0.0,0.0,False
2026-08-15T19:26,1786821948.9,fde1748c-7c0f-4df8-8acd-120df29a9305,Atlantic Ave @ Eastern Pkwy,car,42,35,1470,1.2,2,78.7,2.55,False
2026-08-15T19:26,1786821948.9,fde1748c-7c0f-4df8-8acd-120df29a9305,Atlantic Ave @ Eastern Pkwy,car,30,41,1230,0.732,2,45.0,0.71,False
2026-08-15T19:26,1786821950.9,fde1748c-7c0f-4df8-8acd-120df29a9305,Atlantic Ave @ Eastern Pkwy,car,89,71,6319,1.254,1,0.0,0.0,False
2026-08-15T19:26,1786821948.9,fde1748c-7c0f-4df8-8acd-120df29a9305,Atlantic Ave @ Eastern Pkwy,car,59,44,2596,1.341,3,176.4,8.02,False
2026-08-15T19:26,1786821948.9,fde1748c-7c0f-4df8-8acd-120df29a9305,Atlantic Ave @ Eastern Pkwy,car,54,45,2430,1.2,2,323.1,2.5,False
2026-08-15T19:26,1786821948.9,fde1748c-7c0f-4df8-8acd-120df29a9305,Atlantic Ave @ Eastern Pkwy,truck,96,79,7584,1.215,3,341.6,0.79,False
2026-08-15T19:26,1786821948.9,fde1748c-7c0f-4df8-8acd-120df29a9305,Atlantic Ave @ Eastern Pkwy,car,11,48,528,0.229,3,270.0,0.25,False
2026-08-15T19:26,1786821950.9,fde1748c-7c0f-4df8-8acd-120df29a9305,Atlantic Ave @ Eastern Pkwy,car,25,19,475,1.316,2,349.4,8.14,False
2026-08-15T19:26,1786821952.9,fde1748c-7c0f-4df8-8acd-120df29a9305,Atlantic Ave @ Eastern Pkwy,car,27,33,891,0.818,1,0.0,0.0,False
2026-08-15T19:26,1786821948.9,fde1748c-7c0f-4df8-8acd-120df29a9305,Atlantic Ave @ Eastern Pkwy,car,64,57,3648,1.123,4,350.5,1.01,False
2026-08-15T19:26,1786821948.9,fde1748c-7c0f-4df8-8acd-120df29a9305,Atlantic Ave @ Eastern Pkwy,car,43,47,2021,0.915,4,341.6,0.53,False
2026-08-15T19:26,1786821954.9,fde1748c-7c0f-4df8-8acd-120df29a9305,Atlantic Ave @ Eastern Pkwy,car,33,31,1023,1.065,1,0.0,0.0,False
2026-08-15T19:26,1786821948.9,fde1748c-7c0f-4df8-8acd-120df29a9305,Atlantic Ave @ Eastern Pkwy,car,27,23,621,1.174,5,284.0,0.52,False
2026-08-15T19:26,1786821952.9,fde1748c-7c0f-4df8-8acd-120df29a9305,Atlantic Ave @ Eastern Pkwy,car,47,40,1880,1.175,4,164.1,4.85,False
2026-08-15T19:26,1786821956.9,fde1748c-7c0f-4df8-8acd-120df29a9305,Atlantic Ave @ Eastern Pkwy,car,31,43,1333,0.721,2,153.4,1.12,False
2026-08-15T19:26,1786821960.9,fde1748c-7c0f-4df8-8acd-120df29a9305,Atlantic Ave @ Eastern Pkwy,car,74,64,4736,1.156,1,0.0,0.0,False
2026-08-15T19:26,1786821962.9,fde1748c-7c0f-4df8-8acd-120df29a9305,Atlantic Ave @ Eastern Pkwy,car,30,27,810,1.111,1,0.0,0.0,False
2026-08-15T19:26,1786821962.9,fde1748c-7c0f-4df8-8acd-120df29a9305,Atlantic Ave @ Eastern Pkwy,car,38,38,1444,1.0,1,0.0,0.0,False
2026-08-15T19:26,1786821948.9,fde1748c-7c0f-4df8-8acd-120df29a9305,Atlantic Ave @ Eastern Pkwy,car,43,50,2150,0.86,9,0.0,0.5,False
2026-08-15T19:26,1786821948.9,fde1748c-7c0f-4df8-8acd-120df29a9305,Atlantic Ave @ Eastern Pkwy,car,117,117,13689,1.0,10,128.6,7.39,True
2026-08-15T19:26,1786821948.9,fde1748c-7c0f-4df8-8acd-120df29a9305,Atlantic Ave @ Eastern Pkwy,bus,139,128,17792,1.086,9,159.0,3.15,False
2026-08-15T19:26,1786821948.9,fde1748c-7c0f-4df8-8acd-120df29a9305,Atlantic Ave @ Eastern Pkwy,car,111,122,13542,0.91,8,204.9,6.62,False
2026-08-15T19:26,1786821948.9,fde1748c-7c0f-4df8-8acd-120df29a9305,Atlantic Ave @ Eastern Pkwy,car,28,28,784,1.0,11,180.0,0.05,False
2026-08-15T19:26,1786821948.9,fde1748c-7c0f-4df8-8acd-120df29a9305,Atlantic Ave @ Eastern Pkwy,car,57,50,2850,1.14,9,296.6,0.28,False
2026-08-15T19:26,1786821948.9,fde1748c-7c0f-4df8-8acd-120df29a9305,Atlantic Ave @ Eastern Pkwy,car,45,46,2070,0.978,10,351.9,0.39,False
2026-08-15T19:26,1786821948.9,fde1748c-7c0f-4df8-8acd-120df29a9305,Atlantic Ave @ Eastern Pkwy,car,48,40,1920,1.2,11,123.7,0.18,False
2026-08-15T19:26,1786821948.9,fde1748c-7c0f-4df8-8acd-120df29a9305,Atlantic Ave @ Eastern Pkwy,car,112,83,9296,1.349,10,233.1,0.28,False
2026-08-15T19:26,1786821958.9,fde1748c-7c0f-4df8-8acd-120df29a9305,Atlantic Ave @ Eastern Pkwy,truck,12,48,576,0.25,5,243.4,0.28,False
2026-08-15T19:26,1786821960.9,fde1748c-7c0f-4df8-8acd-120df29a9305,Atlantic Ave @ Eastern Pkwy,car,89,72,6408,1.236,5,211.0,0.73,False
2026-08-15T19:26,1786821964.9,fde1748c-7c0f-4df8-8acd-120df29a9305,Atlantic Ave @ Eastern Pkwy,car,64,45,2880,1.422,3,169.5,6.86,False
2026-08-15T19:26,1786821964.9,fde1748c-7c0f-4df8-8acd-120df29a9305,Atlantic Ave @ Eastern Pkwy,car,105,94,9870,1.117,1,0.0,0.0,False
2026-08-15T19:26,1786821966.9,fde1748c-7c0f-4df8-8acd-120df29a9305,Atlantic Ave @ Eastern Pkwy,car,50,38,1900,1.316,2,225.0,0.71,False
2026-08-15T19:26,1786821966.9,fde1748c-7c0f-4df8-8acd-120df29a9305,Atlantic Ave @ Eastern Pkwy,car,43,61,2623,0.705,2,0.0,0.0,False
2026-08-15T19:26,1786821966.9,fde1748c-7c0f-4df8-8acd-120df29a9305,Atlantic Ave @ Eastern Pkwy,car,33,28,924,1.179,2,56.3,1.8,False
2026-08-15T19:26,1786821966.9,fde1748c-7c0f-4df8-8acd-120df29a9305,Atlantic Ave @ Eastern Pkwy,car,28,41,1148,0.683,1,0.0,0.0,False
2026-08-15T19:26,1786821966.9,fde1748c-7c0f-4df8-8acd-120df29a9305,Atlantic Ave @ Eastern Pkwy,car,40,23,920,1.739,1,0.0,0.0,False
2026-08-15T19:26,1786821950.9,6851bbf7-e079-4379-b021-e5c7dafcb8c9,8 Ave @ 9 St,truck,87,64,5568,1.359,2,225.0,1.41,False
2026-08-15T19:26,1786821950.9,6851bbf7-e079-4379-b021-e5c7dafcb8c9,8 Ave @ 9 St,truck,83,55,4565,1.509,2,180.0,0.5,False
2026-08-15T19:26,1786821948.9,6851bbf7-e079-4379-b021-e5c7dafcb8c9,8 Ave @ 9 St,car,79,83,6557,0.952,4,115.9,13.34,True
2026-08-15T19:26,1786821948.9,6851bbf7-e079-4379-b021-e5c7dafcb8c9,8 Ave @ 9 St,car,83,59,4897,1.407,3,287.7,6.56,False
2026-08-15T19:26,1786821954.9,6851bbf7-e079-4379-b021-e5c7dafcb8c9,8 Ave @ 9 St,truck,79,83,6557,0.952,1,0.0,0.0,False
2026-08-15T19:26,1786821956.9,6851bbf7-e079-4379-b021-e5c7dafcb8c9,8 Ave @ 9 St,car,222,109,24198,2.037,1,0.0,0.0,False
2026-08-15T19:26,1786821958.9,6851bbf7-e079-4379-b021-e5c7dafcb8c9,8 Ave @ 9 St,car,42,38,1596,1.105,1,0.0,0.0,False
2026-08-15T19:26,1786821958.9,6851bbf7-e079-4379-b021-e5c7dafcb8c9,8 Ave @ 9 St,moto,39,68,2652,0.574,1,0.0,0.0,False
2026-08-15T19:26,1786821958.9,6851bbf7-e079-4379-b021-e5c7dafcb8c9,8 Ave @ 9 St,car,36,30,1080,1.2,1,0.0,0.0,False
2026-08-15T19:26,1786821950.9,6851bbf7-e079-4379-b021-e5c7dafcb8c9,8 Ave @ 9 St,car,99,80,7920,1.238,6,135.0,0.14,False
2026-08-15T19:26,1786821954.9,6851bbf7-e079-4379-b021-e5c7dafcb8c9,8 Ave @ 9 St,car,32,28,896,1.143,3,315.0,5.66,False
2026-08-15T19:26,1786821956.9,6851bbf7-e079-4379-b021-e5c7dafcb8c9,8 Ave @ 9 St,car,82,63,5166,1.302,2,350.3,23.84,False
2026-08-15T19:26,1786821958.9,6851bbf7-e079-4379-b021-e5c7dafcb8c9,8 Ave @ 9 St,truck,86,66,5676,1.303,2,135.0,0.71,False
2026-08-15T19:26,1786821960.9,6851bbf7-e079-4379-b021-e5c7dafcb8c9,8 Ave @ 9 St,car,111,140,15540,0.793,1,0.0,0.0,False
2026-08-15T19:26,1786821960.9,6851bbf7-e079-4379-b021-e5c7dafcb8c9,8 Ave @ 9 St,car,28,25,700,1.12,1,0.0,0.0,False
2026-08-15T19:26,1786821948.9,6851bbf7-e079-4379-b021-e5c7dafcb8c9,8 Ave @ 9 St,truck,98,80,7840,1.225,10,26.6,0.12,False
2026-08-15T19:26,1786821948.9,6851bbf7-e079-4379-b021-e5c7dafcb8c9,8 Ave @ 9 St,car,70,60,4200,1.167,9,225.0,0.18,False
2026-08-15T19:26,1786821948.9,6851bbf7-e079-4379-b021-e5c7dafcb8c9,8 Ave @ 9 St,car,46,38,1748,1.211,9,0.0,0.0,False
2026-08-15T19:26,1786821950.9,6851bbf7-e079-4379-b021-e5c7dafcb8c9,8 Ave @ 9 St,car,43,42,1806,1.024,7,308.7,0.53,False
2026-08-15T19:26,1786821954.9,6851bbf7-e079-4379-b021-e5c7dafcb8c9,8 Ave @ 9 St,car,41,45,1845,0.911,5,270.0,3.0,False
2026-08-15T19:26,1786821958.9,6851bbf7-e079-4379-b021-e5c7dafcb8c9,8 Ave @ 9 St,car,90,96,8640,0.938,3,105.6,39.97,True
2026-08-15T19:26,1786821960.9,6851bbf7-e079-4379-b021-e5c7dafcb8c9,8 Ave @ 9 St,car,202,195,39390,1.036,3,264.6,58.01,True
2026-08-15T19:26,1786821962.9,6851bbf7-e079-4379-b021-e5c7dafcb8c9,8 Ave @ 9 St,car,87,46,4002,1.891,3,276.3,2.26,False
2026-08-15T19:26,1786821962.9,6851bbf7-e079-4379-b021-e5c7dafcb8c9,8 Ave @ 9 St,car,177,156,27612,1.135,1,0.0,0.0,False
2026-08-15T19:26,1786821962.9,6851bbf7-e079-4379-b021-e5c7dafcb8c9,8 Ave @ 9 St,car,46,41,1886,1.122,2,135.0,0.71,False
2026-08-15T19:26,1786821964.9,6851bbf7-e079-4379-b021-e5c7dafcb8c9,8 Ave @ 9 St,car,55,43,2365,1.279,1,0.0,0.0,False
2026-08-15T19:26,1786821966.9,6851bbf7-e079-4379-b021-e5c7dafcb8c9,8 Ave @ 9 St,car,72,65,4680,1.108,1,0.0,0.0,False
2026-08-15T19:26,1786821966.9,6851bbf7-e079-4379-b021-e5c7dafcb8c9,8 Ave @ 9 St,truck,67,75,5025,0.893,1,0.0,0.0,False
2026-08-15T19:26,1786821966.9,6851bbf7-e079-4379-b021-e5c7dafcb8c9,8 Ave @ 9 St,car,97,78,7566,1.244,1,0.0,0.0,False
2026-08-15T19:26,1786821948.9,74707723-013b-4bf1-9a8b-c209dbf71984,Bushwick Ave @ Gates Ave,car,38,43,1634,0.884,1,0.0,0.0,False
2026-08-15T19:26,1786821948.9,74707723-013b-4bf1-9a8b-c209dbf71984,Bushwick Ave @ Gates Ave,car,20,17,340,1.176,1,0.0,0.0,False
2026-08-15T19:26,1786821948.9,74707723-013b-4bf1-9a8b-c209dbf71984,Bushwick Ave @ Gates Ave,car,59,102,6018,0.578,2,315.0,0.71,False
2026-08-15T19:26,1786821950.9,74707723-013b-4bf1-9a8b-c209dbf71984,Bushwick Ave @ Gates Ave,car,28,36,1008,0.778,2,56.9,13.73,False
2026-08-15T19:26,1786821952.9,74707723-013b-4bf1-9a8b-c209dbf71984,Bushwick Ave @ Gates Ave,car,63,84,5292,0.75,2,264.8,33.14,False
2026-08-15T19:26,1786821954.9,74707723-013b-4bf1-9a8b-c209dbf71984,Bushwick Ave @ Gates Ave,truck,125,184,23000,0.679,4,42.6,8.61,False
2026-08-15T19:26,1786821956.9,74707723-013b-4bf1-9a8b-c209dbf71984,Bushwick Ave @ Gates Ave,car,80,102,8160,0.784,4,43.7,5.07,False
2026-08-15T19:26,1786821948.9,74707723-013b-4bf1-9a8b-c209dbf71984,Bushwick Ave @ Gates Ave,truck,62,43,2666,1.442,10,180.0,0.06,False
2026-08-15T19:26,1786821950.9,74707723-013b-4bf1-9a8b-c209dbf71984,Bushwick Ave @ Gates Ave,car,61,115,7015,0.53,9,225.0,0.09,False
2026-08-15T19:26,1786821954.9,74707723-013b-4bf1-9a8b-c209dbf71984,Bushwick Ave @ Gates Ave,car,171,139,23769,1.23,4,30.8,21.15,False
2026-08-15T19:26,1786821966.9,74707723-013b-4bf1-9a8b-c209dbf71984,Bushwick Ave @ Gates Ave,car,151,130,19630,1.162,1,0.0,0.0,False
2026-08-15T19:26,1786821966.9,74707723-013b-4bf1-9a8b-c209dbf71984,Bushwick Ave @ Gates Ave,car,56,52,2912,1.077,2,61.4,12.53,False
2026-08-15T19:26,1786821966.9,74707723-013b-4bf1-9a8b-c209dbf71984,Bushwick Ave @ Gates Ave,truck,60,43,2580,1.395,1,0.0,0.0,False
2026-08-15T19:26,1786821968.9,74707723-013b-4bf1-9a8b-c209dbf71984,Bushwick Ave @ Gates Ave,car,19,17,323,1.118,1,0.0,0.0,False
2026-08-15T19:26,1786821968.9,74707723-013b-4bf1-9a8b-c209dbf71984,Bushwick Ave @ Gates Ave,car,31,36,1116,0.861,1,0.0,0.0,False
2026-08-15T19:26,1786821948.9,a8805cdb-e305-42d0-b011-cb825380cf8e,Bushwick Ave @ Cooper St,car,53,51,2703,1.039,1,0.0,0.0,False
2026-08-15T19:26,1786821948.9,a8805cdb-e305-42d0-b011-cb825380cf8e,Bushwick Ave @ Cooper St,car,25,19,475,1.316,1,0.0,0.0,False
2026-08-15T19:26,1786821948.9,a8805cdb-e305-42d0-b011-cb825380cf8e,Bushwick Ave @ Cooper St,truck,91,95,8645,0.958,2,121.1,39.7,True
2026-08-15T19:26,1786821948.9,a8805cdb-e305-42d0-b011-cb825380cf8e,Bushwick Ave @ Cooper St,truck,55,56,3080,0.982,2,153.4,8.94,False
2026-08-15T19:26,1786821950.9,a8805cdb-e305-42d0-b011-cb825380cf8e,Bushwick Ave @ Cooper St,truck,94,117,10998,0.803,1,0.0,0.0,False
2026-08-15T19:26,1786821948.9,a8805cdb-e305-42d0-b011-cb825380cf8e,Bushwick Ave @ Cooper St,truck,80,88,7040,0.909,3,90.0,0.5,False
2026-08-15T19:26,1786821950.9,a8805cdb-e305-42d0-b011-cb825380cf8e,Bushwick Ave @ Cooper St,truck,91,95,8645,0.958,2,291.6,46.24,True
2026-08-15T19:26,1786821950.9,a8805cdb-e305-42d0-b011-cb825380cf8e,Bushwick Ave @ Cooper St,bus,23,30,690,0.767,2,260.5,3.04,False
2026-08-15T19:26,1786821948.9,a8805cdb-e305-42d0-b011-cb825380cf8e,Bushwick Ave @ Cooper St,car,41,46,1886,0.891,4,280.5,14.58,True
2026-08-15T19:26,1786821954.9,a8805cdb-e305-42d0-b011-cb825380cf8e,Bushwick Ave @ Cooper St,car,29,31,899,0.935,1,0.0,0.0,False
2026-08-15T19:26,1786821956.9,a8805cdb-e305-42d0-b011-cb825380cf8e,Bushwick Ave @ Cooper St,car,39,39,1521,1.0,1,0.0,0.0,False
2026-08-15T19:26,1786821956.9,a8805cdb-e305-42d0-b011-cb825380cf8e,Bushwick Ave @ Cooper St,truck,53,56,2968,0.946,1,0.0,0.0,False
2026-08-15T19:26,1786821948.9,a8805cdb-e305-42d0-b011-cb825380cf8e,Bushwick Ave @ Cooper St,car,145,177,25665,0.819,6,296.8,9.97,False
2026-08-15T19:26,1786821950.9,a8805cdb-e305-42d0-b011-cb825380cf8e,Bushwick Ave @ Cooper St,car,44,49,2156,0.898,3,311.3,10.98,True
2026-08-15T19:26,1786821948.9,a8805cdb-e305-42d0-b011-cb825380cf8e,Bushwick Ave @ Cooper St,car,86,93,7998,0.925,7,135.0,0.12,False
2026-08-15T19:26,1786821956.9,a8805cdb-e305-42d0-b011-cb825380cf8e,Bushwick Ave @ Cooper St,truck,97,124,12028,0.782,3,78.3,14.81,False
2026-08-15T19:26,1786821960.9,a8805cdb-e305-42d0-b011-cb825380cf8e,Bushwick Ave @ Cooper St,truck,80,87,6960,0.92,1,0.0,0.0,False
2026-08-15T19:26,1786821948.9,a8805cdb-e305-42d0-b011-cb825380cf8e,Bushwick Ave @ Cooper St,car,97,124,12028,0.782,6,269.0,22.7,True
2026-08-15T19:26,1786821948.9,a8805cdb-e305-42d0-b011-cb825380cf8e,Bushwick Ave @ Cooper St,car,127,29,3683,4.379,8,0.0,0.29,False
2026-08-15T19:26,1786821948.9,a8805cdb-e305-42d0-b011-cb825380cf8e,Bushwick Ave @ Cooper St,car,28,17,476,1.647,7,45.0,0.12,False
2026-08-15T19:26,1786821962.9,a8805cdb-e305-42d0-b011-cb825380cf8e,Bushwick Ave @ Cooper St,car,54,43,2322,1.256,1,0.0,0.0,False
2026-08-15T19:26,1786821962.9,a8805cdb-e305-42d0-b011-cb825380cf8e,Bushwick Ave @ Cooper St,car,40,37,1480,1.081,1,0.0,0.0,False
2026-08-15T19:26,1786821962.9,a8805cdb-e305-42d0-b011-cb825380cf8e,Bushwick Ave @ Cooper St,car,27,46,1242,0.587,1,0.0,0.0,False
2026-08-15T19:26,1786821948.9,a8805cdb-e305-42d0-b011-cb825380cf8e,Bushwick Ave @ Cooper St,car,82,106,8692,0.774,11,82.5,5.75,True
2026-08-15T19:26,1786821948.9,a8805cdb-e305-42d0-b011-cb825380cf8e,Bushwick Ave @ Cooper St,truck,52,51,2652,1.02,11,258.7,0.25,False
2026-08-15T19:26,1786821956.9,a8805cdb-e305-42d0-b011-cb825380cf8e,Bushwick Ave @ Cooper St,car,52,56,2912,0.929,6,101.5,6.02,True
2026-08-15T19:26,1786821958.9,a8805cdb-e305-42d0-b011-cb825380cf8e,Bushwick Ave @ Cooper St,car,143,161,23023,0.888,6,122.3,5.8,False
2026-08-15T19:26,1786821958.9,a8805cdb-e305-42d0-b011-cb825380cf8e,Bushwick Ave @ Cooper St,car,86,92,7912,0.935,5,288.4,0.4,False
2026-08-15T19:26,1786821960.9,a8805cdb-e305-42d0-b011-cb825380cf8e,Bushwick Ave @ Cooper St,car,55,66,3630,0.833,4,279.9,6.77,False
2026-08-15T19:26,1786821960.9,a8805cdb-e305-42d0-b011-cb825380cf8e,Bushwick Ave @ Cooper St,car,98,84,8232,1.167,5,129.9,12.87,True
2026-08-15T19:26,1786821960.9,a8805cdb-e305-42d0-b011-cb825380cf8e,Bushwick Ave @ Cooper St,car,80,93,7440,0.86,4,262.9,1.34,False
2026-08-15T19:26,1786821962.9,a8805cdb-e305-42d0-b011-cb825380cf8e,Bushwick Ave @ Cooper St,car,31,24,744,1.292,2,45.0,0.71,False
2026-08-15T19:26,1786821966.9,a8805cdb-e305-42d0-b011-cb825380cf8e,Bushwick Ave @ Cooper St,car,123,110,13530,1.118,2,265.3,30.6,False
2026-08-15T19:26,1786821966.9,a8805cdb-e305-42d0-b011-cb825380cf8e,Bushwick Ave @ Cooper St,truck,80,95,7600,0.842,1,0.0,0.0,False
2026-08-15T19:26,1786821948.9,068461e2-c62f-4ce4-adac-5f9efe92af1d,Bushwick Ave @ De Kalb Ave,car,112,40,4480,2.8,1,0.0,0.0,False
2026-08-15T19:26,1786821948.9,068461e2-c62f-4ce4-adac-5f9efe92af1d,Bushwick Ave @ De Kalb Ave,car,29,26,754,1.115,1,0.0,0.0,False
2026-08-15T19:26,1786821948.9,068461e2-c62f-4ce4-adac-5f9efe92af1d,Bushwick Ave @ De Kalb Ave,car,74,72,5328,1.028,1,0.0,0.0,False
2026-08-15T19:26,1786821948.9,068461e2-c62f-4ce4-adac-5f9efe92af1d,Bushwick Ave @ De Kalb Ave,truck,65,56,3640,1.161,1,0.0,0.0,False
2026-08-15T19:26,1786821948.9,068461e2-c62f-4ce4-adac-5f9efe92af1d,Bushwick Ave @ De Kalb Ave,truck,88,85,7480,1.035,2,49.5,22.34,False
2026-08-15T19:26,1786821950.9,068461e2-c62f-4ce4-adac-5f9efe92af1d,Bushwick Ave @ De Kalb Ave,car,35,20,700,1.75,1,0.0,0.0,False
2026-08-15T19:26,1786821948.9,068461e2-c62f-4ce4-adac-5f9efe92af1d,Bushwick Ave @ De Kalb Ave,car,48,54,2592,0.889,3,339.0,6.96,False
2026-08-15T19:26,1786821952.9,068461e2-c62f-4ce4-adac-5f9efe92af1d,Bushwick Ave @ De Kalb Ave,car,102,83,8466,1.229,1,0.0,0.0,False
2026-08-15T19:26,1786821952.9,068461e2-c62f-4ce4-adac-5f9efe92af1d,Bushwick Ave @ De Kalb Ave,truck,45,52,2340,0.865,1,0.0,0.0,False
2026-08-15T19:26,1786821948.9,068461e2-c62f-4ce4-adac-5f9efe92af1d,Bushwick Ave @ De Kalb Ave,car,28,27,756,1.037,3,0.0,0.0,False
2026-08-15T19:26,1786821954.9,068461e2-c62f-4ce4-adac-5f9efe92af1d,Bushwick Ave @ De Kalb Ave,car,126,38,4788,3.316,1,0.0,0.0,False
2026-08-15T19:26,1786821954.9,068461e2-c62f-4ce4-adac-5f9efe92af1d,Bushwick Ave @ De Kalb Ave,truck,69,60,4140,1.15,2,0.0,1.0,False
2026-08-15T19:26,1786821956.9,068461e2-c62f-4ce4-adac-5f9efe92af1d,Bushwick Ave @ De Kalb Ave,car,223,124,27652,1.798,1,0.0,0.0,False
2026-08-15T19:26,1786821956.9,068461e2-c62f-4ce4-adac-5f9efe92af1d,Bushwick Ave @ De Kalb Ave,car,100,70,7000,1.429,1,0.0,0.0,False
2026-08-15T19:26,1786821960.9,068461e2-c62f-4ce4-adac-5f9efe92af1d,Bushwick Ave @ De Kalb Ave,truck,47,64,3008,0.734,5,270.0,0.12,False
2026-08-15T19:26,1786821966.9,068461e2-c62f-4ce4-adac-5f9efe92af1d,Bushwick Ave @ De Kalb Ave,car,286,106,30316,2.698,1,0.0,0.0,False
2026-08-15T19:26,1786821966.9,068461e2-c62f-4ce4-adac-5f9efe92af1d,Bushwick Ave @ De Kalb Ave,truck,287,106,30422,2.708,1,0.0,0.0,False
2026-08-15T19:26,1786821966.9,068461e2-c62f-4ce4-adac-5f9efe92af1d,Bushwick Ave @ De Kalb Ave,car,33,34,1122,0.971,1,0.0,0.0,False
2026-08-15T19:26,1786821966.9,068461e2-c62f-4ce4-adac-5f9efe92af1d,Bushwick Ave @ De Kalb Ave,truck,64,57,3648,1.123,1,0.0,0.0,False
2026-08-15T19:26,1786821948.9,089d8066-4e5e-4549-9496-a5f4ffb56ef5,7 Ave @ 9 St,car,121,110,13310,1.1,1,0.0,0.0,False
2026-08-15T19:26,1786821948.9,089d8066-4e5e-4549-9496-a5f4ffb56ef5,7 Ave @ 9 St,car,63,100,6300,0.63,1,0.0,0.0,False
2026-08-15T19:26,1786821948.9,089d8066-4e5e-4549-9496-a5f4ffb56ef5,7 Ave @ 9 St,car,46,36,1656,1.278,1,0.0,0.0,False
2026-08-15T19:26,1786821948.9,089d8066-4e5e-4549-9496-a5f4ffb56ef5,7 Ave @ 9 St,car,22,18,396,1.222,1,0.0,0.0,False
2026-08-15T19:26,1786821948.9,089d8066-4e5e-4549-9496-a5f4ffb56ef5,7 Ave @ 9 St,car,29,19,551,1.526,1,0.0,0.0,False
2026-08-15T19:26,1786821948.9,089d8066-4e5e-4549-9496-a5f4ffb56ef5,7 Ave @ 9 St,car,83,95,7885,0.874,2,58.4,22.9,False
2026-08-15T19:26,1786821948.9,089d8066-4e5e-4549-9496-a5f4ffb56ef5,7 Ave @ 9 St,truck,121,109,13189,1.11,2,25.8,17.22,False
2026-08-15T19:26,1786821950.9,089d8066-4e5e-4549-9496-a5f4ffb56ef5,7 Ave @ 9 St,moto,60,41,2460,1.463,1,0.0,0.0,False
2026-08-15T19:26,1786821952.9,089d8066-4e5e-4549-9496-a5f4ffb56ef5,7 Ave @ 9 St,car,21,19,399,1.105,1,0.0,0.0,False
2026-08-15T19:26,1786821950.9,089d8066-4e5e-4549-9496-a5f4ffb56ef5,7 Ave @ 9 St,car,100,111,11100,0.901,3,67.3,26.56,True
2026-08-15T19:26,1786821954.9,089d8066-4e5e-4549-9496-a5f4ffb56ef5,7 Ave @ 9 St,car,81,60,4860,1.35,1,0.0,0.0,False
2026-08-15T19:26,1786821954.9,089d8066-4e5e-4549-9496-a5f4ffb56ef5,7 Ave @ 9 St,car,23,14,322,1.643,1,0.0,0.0,False
2026-08-15T19:26,1786821952.9,089d8066-4e5e-4549-9496-a5f4ffb56ef5,7 Ave @ 9 St,car,37,32,1184,1.156,2,222.0,6.73,False
2026-08-15T19:26,1786821956.9,089d8066-4e5e-4549-9496-a5f4ffb56ef5,7 Ave @ 9 St,car,49,48,2352,1.021,1,0.0,0.0,False
2026-08-15T19:26,1786821958.9,089d8066-4e5e-4549-9496-a5f4ffb56ef5,7 Ave @ 9 St,car,83,17,1411,4.882,1,0.0,0.0,False
2026-08-15T19:26,1786821958.9,089d8066-4e5e-4549-9496-a5f4ffb56ef5,7 Ave @ 9 St,truck,36,38,1368,0.947,1,0.0,0.0,False
2026-08-15T19:26,1786821948.9,089d8066-4e5e-4549-9496-a5f4ffb56ef5,7 Ave @ 9 St,car,33,24,792,1.375,7,0.0,0.0,False
2026-08-15T19:26,1786821948.9,089d8066-4e5e-4549-9496-a5f4ffb56ef5,7 Ave @ 9 St,truck,64,100,6400,0.64,10,81.9,0.39,False
2026-08-15T19:26,1786821948.9,089d8066-4e5e-4549-9496-a5f4ffb56ef5,7 Ave @ 9 St,car,49,33,1617,1.485,9,14.0,0.26,False
2026-08-15T19:26,1786821950.9,089d8066-4e5e-4549-9496-a5f4ffb56ef5,7 Ave @ 9 St,car,50,48,2400,1.042,5,172.6,2.9,False
2026-08-15T19:26,1786821962.9,089d8066-4e5e-4549-9496-a5f4ffb56ef5,7 Ave @ 9 St,car,125,92,11500,1.359,3,48.8,7.97,False
2026-08-15T19:26,1786821962.9,089d8066-4e5e-4549-9496-a5f4ffb56ef5,7 Ave @ 9 St,car,60,40,2400,1.5,2,76.0,2.06,False
2026-08-15T19:26,1786821962.9,089d8066-4e5e-4549-9496-a5f4ffb56ef5,7 Ave @ 9 St,car,23,15,345,1.533,1,0.0,0.0,False
2026-08-15T19:26,1786821964.9,089d8066-4e5e-4549-9496-a5f4ffb56ef5,7 Ave @ 9 St,truck,93,92,8556,1.011,2,90.0,2.5,False
2026-08-15T19:26,1786821964.9,089d8066-4e5e-4549-9496-a5f4ffb56ef5,7 Ave @ 9 St,car,58,38,2204,1.526,1,0.0,0.0,False
2026-08-15T19:26,1786821964.9,089d8066-4e5e-4549-9496-a5f4ffb56ef5,7 Ave @ 9 St,bus,213,180,38340,1.183,2,269.1,32.5,False
2026-08-15T19:26,1786821966.9,089d8066-4e5e-4549-9496-a5f4ffb56ef5,7 Ave @ 9 St,truck,51,38,1938,1.342,1,0.0,0.0,False
2026-08-15T19:26,1786821948.9,a8f2d065-c266-4378-ac63-50b81677da84,C2-PE-02-Ctr_at_Ft_Hamltn_Pkwy-Ex5,car,277,61,16897,4.541,1,0.0,0.0,False
2026-08-15T19:26,1786821948.9,053afe02-e1b3-4bea-9995-787e72c7fff4,Atlantic Ave @ Barclays Center,car,46,23,1058,2.0,1,0.0,0.0,False
2026-08-15T19:26,1786821948.9,053afe02-e1b3-4bea-9995-787e72c7fff4,Atlantic Ave @ Barclays Center,car,41,32,1312,1.281,1,0.0,0.0,False
2026-08-15T19:26,1786821948.9,053afe02-e1b3-4bea-9995-787e72c7fff4,Atlantic Ave @ Barclays Center,car,34,22,748,1.545,1,0.0,0.0,False
2026-08-15T19:26,1786821948.9,053afe02-e1b3-4bea-9995-787e72c7fff4,Atlantic Ave @ Barclays Center,car,101,46,4646,2.196,2,191.9,26.58,False
2026-08-15T19:26,1786821948.9,053afe02-e1b3-4bea-9995-787e72c7fff4,Atlantic Ave @ Barclays Center,car,43,33,1419,1.303,2,217.7,13.9,False
2026-08-15T19:26,1786821950.9,053afe02-e1b3-4bea-9995-787e72c7fff4,Atlantic Ave @ Barclays Center,car,32,14,448,2.286,1,0.0,0.0,False
2026-08-15T19:26,1786821950.9,053afe02-e1b3-4bea-9995-787e72c7fff4,Atlantic Ave @ Barclays Center,car,49,37,1813,1.324,1,0.0,0.0,False
2026-08-15T19:26,1786821950.9,053afe02-e1b3-4bea-9995-787e72c7fff4,Atlantic Ave @ Barclays Center,car,20,13,260,1.538,1,0.0,0.0,False
2026-08-15T19:26,1786821950.9,053afe02-e1b3-4bea-9995-787e72c7fff4,Atlantic Ave @ Barclays Center,car,78,36,2808,2.167,1,0.0,0.0,False
2026-08-15T19:26,1786821948.9,053afe02-e1b3-4bea-9995-787e72c7fff4,Atlantic Ave @ Barclays Center,car,89,52,4628,1.712,2,37.8,25.3,False
2026-08-15T19:26,1786821948.9,053afe02-e1b3-4bea-9995-787e72c7fff4,Atlantic Ave @ Barclays Center,car,33,39,1287,0.846,2,270.0,1.5,False
2026-08-15T19:26,1786821948.9,053afe02-e1b3-4bea-9995-787e72c7fff4,Atlantic Ave @ Barclays Center,car,30,21,630,1.429,2,204.6,13.2,True
2026-08-15T19:26,1786821952.9,053afe02-e1b3-4bea-9995-787e72c7fff4,Atlantic Ave @ Barclays Center,car,48,22,1056,2.182,1,0.0,0.0,False
2026-08-15T19:26,1786821952.9,053afe02-e1b3-4bea-9995-787e72c7fff4,Atlantic Ave @ Barclays Center,car,171,120,20520,1.425,1,0.0,0.0,False
2026-08-15T19:26,1786821952.9,053afe02-e1b3-4bea-9995-787e72c7fff4,Atlantic Ave @ Barclays Center,car,36,37,1332,0.973,1,0.0,0.0,False
2026-08-15T19:26,1786821948.9,053afe02-e1b3-4bea-9995-787e72c7fff4,Atlantic Ave @ Barclays Center,car,152,111,16872,1.369,3,221.1,18.25,False
2026-08-15T19:26,1786821948.9,053afe02-e1b3-4bea-9995-787e72c7fff4,Atlantic Ave @ Barclays Center,car,68,55,3740,1.236,4,243.4,0.37,False
2026-08-15T19:26,1786821952.9,053afe02-e1b3-4bea-9995-787e72c7fff4,Atlantic Ave @ Barclays Center,car,35,17,595,2.059,2,9.5,6.08,False
2026-08-15T19:26,1786821954.9,053afe02-e1b3-4bea-9995-787e72c7fff4,Atlantic Ave @ Barclays Center,car,31,21,651,1.476,1,0.0,0.0,False
2026-08-15T19:26,1786821948.9,053afe02-e1b3-4bea-9995-787e72c7fff4,Atlantic Ave @ Barclays Center,car,61,29,1769,2.103,3,50.3,13.32,True
2026-08-15T19:26,1786821954.9,053afe02-e1b3-4bea-9995-787e72c7fff4,Atlantic Ave @ Barclays Center,car,68,30,2040,2.267,2,165.5,29.95,True
2026-08-15T19:26,1786821954.9,053afe02-e1b3-4bea-9995-787e72c7fff4,Atlantic Ave @ Barclays Center,car,54,38,2052,1.421,2,180.0,0.5,False
2026-08-15T19:26,1786821956.9,053afe02-e1b3-4bea-9995-787e72c7fff4,Atlantic Ave @ Barclays Center,car,105,63,6615,1.667,1,0.0,0.0,False
2026-08-15T19:26,1786821956.9,053afe02-e1b3-4bea-9995-787e72c7fff4,Atlantic Ave @ Barclays Center,car,27,15,405,1.8,1,0.0,0.0,False
2026-08-15T19:26,1786821950.9,053afe02-e1b3-4bea-9995-787e72c7fff4,Atlantic Ave @ Barclays Center,car,46,29,1334,1.586,3,191.3,2.55,False
2026-08-15T19:26,1786821958.9,053afe02-e1b3-4bea-9995-787e72c7fff4,Atlantic Ave @ Barclays Center,car,21,14,294,1.5,2,200.2,10.12,True
2026-08-15T19:26,1786821960.9,053afe02-e1b3-4bea-9995-787e72c7fff4,Atlantic Ave @ Barclays Center,truck,71,60,4260,1.183,1,0.0,0.0,False
2026-08-15T19:26,1786821960.9,053afe02-e1b3-4bea-9995-787e72c7fff4,Atlantic Ave @ Barclays Center,car,36,25,900,1.44,2,149.0,5.83,False
2026-08-15T19:26,1786821962.9,053afe02-e1b3-4bea-9995-787e72c7fff4,Atlantic Ave @ Barclays Center,car,105,59,6195,1.78,1,0.0,0.0,False
2026-08-15T19:26,1786821962.9,053afe02-e1b3-4bea-9995-787e72c7fff4,Atlantic Ave @ Barclays Center,car,88,58,5104,1.517,1,0.0,0.0,False
2026-08-15T19:26,1786821962.9,053afe02-e1b3-4bea-9995-787e72c7fff4,Atlantic Ave @ Barclays Center,car,25,20,500,1.25,1,0.0,0.0,False
2026-08-15T19:26,1786821948.9,053afe02-e1b3-4bea-9995-787e72c7fff4,Atlantic Ave @ Barclays Center,car,136,90,12240,1.511,11,270.0,0.1,False
2026-08-15T19:26,1786821948.9,053afe02-e1b3-4bea-9995-787e72c7fff4,Atlantic Ave @ Barclays Center,car,111,82,9102,1.354,11,278.3,2.07,False
2026-08-15T19:26,1786821948.9,053afe02-e1b3-4bea-9995-787e72c7fff4,Atlantic Ave @ Barclays Center,car,96,83,7968,1.157,11,191.3,0.25,False
2026-08-15T19:26,1786821948.9,053afe02-e1b3-4bea-9995-787e72c7fff4,Atlantic Ave @ Barclays Center,car,74,70,5180,1.057,11,90.0,0.65,False
2026-08-15T19:26,1786821948.9,053afe02-e1b3-4bea-9995-787e72c7fff4,Atlantic Ave @ Barclays Center,car,53,51,2703,1.039,10,198.4,0.18,False
2026-08-15T19:26,1786821950.9,053afe02-e1b3-4bea-9995-787e72c7fff4,Atlantic Ave @ Barclays Center,car,75,42,3150,1.786,8,63.4,1.44,False
2026-08-15T19:26,1786821962.9,053afe02-e1b3-4bea-9995-787e72c7fff4,Atlantic Ave @ Barclays Center,car,46,32,1472,1.438,3,16.9,6.01,False
2026-08-15T19:26,1786821964.9,053afe02-e1b3-4bea-9995-787e72c7fff4,Atlantic Ave @ Barclays Center,car,37,37,1369,1.0,3,63.4,2.8,False
2026-08-15T19:26,1786821964.9,053afe02-e1b3-4bea-9995-787e72c7fff4,Atlantic Ave @ Barclays Center,truck,40,30,1200,1.333,1,0.0,0.0,False
2026-08-15T19:26,1786821964.9,053afe02-e1b3-4bea-9995-787e72c7fff4,Atlantic Ave @ Barclays Center,car,49,39,1911,1.256,1,0.0,0.0,False
2026-08-15T19:26,1786821968.9,053afe02-e1b3-4bea-9995-787e72c7fff4,Atlantic Ave @ Barclays Center,truck,44,42,1848,1.048,1,0.0,0.0,False
2026-08-15T19:26,1786821968.9,053afe02-e1b3-4bea-9995-787e72c7fff4,Atlantic Ave @ Barclays Center,car,28,19,532,1.474,1,0.0,0.0,False
2026-08-15T19:26,1786821948.9,fa287d30-44a9-48ef-90d6-5ab0a54eab15,Flatbush Ave and Atlantic Ave,bus,235,118,27730,1.992,2,148.6,10.55,False
2026-08-15T19:26,1786821948.9,fa287d30-44a9-48ef-90d6-5ab0a54eab15,Flatbush Ave and Atlantic Ave,truck,62,110,6820,0.564,2,116.6,1.12,False
2026-08-15T19:26,1786821952.9,fa287d30-44a9-48ef-90d6-5ab0a54eab15,Flatbush Ave and Atlantic Ave,car,39,38,1482,1.026,1,0.0,0.0,False
2026-08-15T19:26,1786821948.9,fa287d30-44a9-48ef-90d6-5ab0a54eab15,Flatbush Ave and Atlantic Ave,truck,116,86,9976,1.349,4,18.4,0.53,False
2026-08-15T19:26,1786821954.9,fa287d30-44a9-48ef-90d6-5ab0a54eab15,Flatbush Ave and Atlantic Ave,car,75,63,4725,1.19,1,0.0,0.0,False
2026-08-15T19:26,1786821954.9,fa287d30-44a9-48ef-90d6-5ab0a54eab15,Flatbush Ave and Atlantic Ave,car,19,17,323,1.118,1,0.0,0.0,False
2026-08-15T19:26,1786821948.9,fa287d30-44a9-48ef-90d6-5ab0a54eab15,Flatbush Ave and Atlantic Ave,car,118,87,10266,1.356,5,244.8,9.39,False
2026-08-15T19:26,1786821956.9,fa287d30-44a9-48ef-90d6-5ab0a54eab15,Flatbush Ave and Atlantic Ave,car,59,50,2950,1.18,2,248.7,9.66,False
2026-08-15T19:26,1786821958.9,fa287d30-44a9-48ef-90d6-5ab0a54eab15,Flatbush Ave and Atlantic Ave,car,30,29,870,1.034,1,0.0,0.0,False
2026-08-15T19:26,1786821948.9,fa287d30-44a9-48ef-90d6-5ab0a54eab15,Flatbush Ave and Atlantic Ave,car,70,63,4410,1.111,8,279.2,2.68,False
2026-08-15T19:26,1786821948.9,fa287d30-44a9-48ef-90d6-5ab0a54eab15,Flatbush Ave and Atlantic Ave,truck,136,101,13736,1.347,7,138.7,8.21,False
2026-08-15T19:26,1786821948.9,fa287d30-44a9-48ef-90d6-5ab0a54eab15,Flatbush Ave and Atlantic Ave,car,90,112,10080,0.804,10,60.8,4.33,False
2026-08-15T19:26,1786821958.9,fa287d30-44a9-48ef-90d6-5ab0a54eab15,Flatbush Ave and Atlantic Ave,truck,81,80,6480,1.012,6,284.4,7.64,True
2026-08-15T19:26,1786821960.9,fa287d30-44a9-48ef-90d6-5ab0a54eab15,Flatbush Ave and Atlantic Ave,car,112,66,7392,1.697,3,29.1,14.88,False
2026-08-15T19:26,1786821960.9,fa287d30-44a9-48ef-90d6-5ab0a54eab15,Flatbush Ave and Atlantic Ave,car,211,109,22999,1.936,4,62.6,19.53,False
2026-08-15T19:26,1786821962.9,fa287d30-44a9-48ef-90d6-5ab0a54eab15,Flatbush Ave and Atlantic Ave,car,33,28,924,1.179,2,281.3,7.65,False
2026-08-15T19:26,1786821964.9,fa287d30-44a9-48ef-90d6-5ab0a54eab15,Flatbush Ave and Atlantic Ave,truck,115,99,11385,1.162,1,0.0,0.0,False
2026-08-15T19:26,1786821964.9,fa287d30-44a9-48ef-90d6-5ab0a54eab15,Flatbush Ave and Atlantic Ave,truck,102,93,9486,1.097,3,125.5,23.66,True
2026-08-15T19:26,1786821964.9,fa287d30-44a9-48ef-90d6-5ab0a54eab15,Flatbush Ave and Atlantic Ave,truck,63,111,6993,0.568,1,0.0,0.0,False
2026-08-15T19:26,1786821964.9,fa287d30-44a9-48ef-90d6-5ab0a54eab15,Flatbush Ave and Atlantic Ave,car,65,59,3835,1.102,1,0.0,0.0,False
2026-08-15T19:26,1786821964.9,fa287d30-44a9-48ef-90d6-5ab0a54eab15,Flatbush Ave and Atlantic Ave,car,80,72,5760,1.111,1,0.0,0.0,False
2026-08-15T19:26,1786821948.9,5f4bef40-ddee-41fa-a623-6388d561f416,C2-PE-01-Cntr_at_Caton_Ave-Ex6,car,507,357,180999,1.42,1,0.0,0.0,False
2026-08-15T19:26,1786821948.9,5f4bef40-ddee-41fa-a623-6388d561f416,C2-PE-01-Cntr_at_Caton_Ave-Ex6,car,140,95,13300,1.474,1,0.0,0.0,False
2026-08-15T19:26,1786821950.9,5f4bef40-ddee-41fa-a623-6388d561f416,C2-PE-01-Cntr_at_Caton_Ave-Ex6,car,260,218,56680,1.193,1,0.0,0.0,False
2026-08-15T19:26,1786821950.9,5f4bef40-ddee-41fa-a623-6388d561f416,C2-PE-01-Cntr_at_Caton_Ave-Ex6,car,632,591,373512,1.069,1,0.0,0.0,False
2026-08-15T19:26,1786821950.9,5f4bef40-ddee-41fa-a623-6388d561f416,C2-PE-01-Cntr_at_Caton_Ave-Ex6,car,190,146,27740,1.301,1,0.0,0.0,False
2026-08-15T19:26,1786821950.9,5f4bef40-ddee-41fa-a623-6388d561f416,C2-PE-01-Cntr_at_Caton_Ave-Ex6,car,155,112,17360,1.384,1,0.0,0.0,False
2026-08-15T19:26,1786821950.9,5f4bef40-ddee-41fa-a623-6388d561f416,C2-PE-01-Cntr_at_Caton_Ave-Ex6,truck,498,419,208662,1.189,1,0.0,0.0,False
2026-08-15T19:26,1786821950.9,5f4bef40-ddee-41fa-a623-6388d561f416,C2-PE-01-Cntr_at_Caton_Ave-Ex6,car,501,418,209418,1.199,1,0.0,0.0,False
2026-08-15T19:26,1786821952.9,5f4bef40-ddee-41fa-a623-6388d561f416,C2-PE-01-Cntr_at_Caton_Ave-Ex6,car,320,228,72960,1.404,1,0.0,0.0,False
2026-08-15T19:26,1786821952.9,5f4bef40-ddee-41fa-a623-6388d561f416,C2-PE-01-Cntr_at_Caton_Ave-Ex6,car,146,144,21024,1.014,1,0.0,0.0,False
2026-08-15T19:26,1786821952.9,5f4bef40-ddee-41fa-a623-6388d561f416,C2-PE-01-Cntr_at_Caton_Ave-Ex6,car,68,64,4352,1.062,1,0.0,0.0,False
2026-08-15T19:26,1786821954.9,5f4bef40-ddee-41fa-a623-6388d561f416,C2-PE-01-Cntr_at_Caton_Ave-Ex6,car,136,97,13192,1.402,1,0.0,0.0,False
2026-08-15T19:26,1786821954.9,5f4bef40-ddee-41fa-a623-6388d561f416,C2-PE-01-Cntr_at_Caton_Ave-Ex6,car,213,162,34506,1.315,1,0.0,0.0,False
2026-08-15T19:26,1786821954.9,5f4bef40-ddee-41fa-a623-6388d561f416,C2-PE-01-Cntr_at_Caton_Ave-Ex6,car,156,99,15444,1.576,1,0.0,0.0,False
2026-08-15T19:26,1786821956.9,5f4bef40-ddee-41fa-a623-6388d561f416,C2-PE-01-Cntr_at_Caton_Ave-Ex6,car,342,262,89604,1.305,1,0.0,0.0,False
2026-08-15T19:26,1786821956.9,5f4bef40-ddee-41fa-a623-6388d561f416,C2-PE-01-Cntr_at_Caton_Ave-Ex6,car,220,180,39600,1.222,1,0.0,0.0,False
2026-08-15T19:26,1786821956.9,5f4bef40-ddee-41fa-a623-6388d561f416,C2-PE-01-Cntr_at_Caton_Ave-Ex6,car,86,96,8256,0.896,1,0.0,0.0,False
2026-08-15T19:26,1786821956.9,5f4bef40-ddee-41fa-a623-6388d561f416,C2-PE-01-Cntr_at_Caton_Ave-Ex6,car,107,93,9951,1.151,1,0.0,0.0,False
2026-08-15T19:26,1786821958.9,5f4bef40-ddee-41fa-a623-6388d561f416,C2-PE-01-Cntr_at_Caton_Ave-Ex6,car,250,153,38250,1.634,1,0.0,0.0,False
2026-08-15T19:26,1786821958.9,5f4bef40-ddee-41fa-a623-6388d561f416,C2-PE-01-Cntr_at_Caton_Ave-Ex6,truck,243,247,60021,0.984,1,0.0,0.0,False
2026-08-15T19:26,1786821958.9,5f4bef40-ddee-41fa-a623-6388d561f416,C2-PE-01-Cntr_at_Caton_Ave-Ex6,car,132,113,14916,1.168,1,0.0,0.0,False
2026-08-15T19:26,1786821960.9,5f4bef40-ddee-41fa-a623-6388d561f416,C2-PE-01-Cntr_at_Caton_Ave-Ex6,car,287,280,80360,1.025,1,0.0,0.0,False
2026-08-15T19:26,1786821962.9,5f4bef40-ddee-41fa-a623-6388d561f416,C2-PE-01-Cntr_at_Caton_Ave-Ex6,car,133,90,11970,1.478,1,0.0,0.0,False
2026-08-15T19:26,1786821962.9,5f4bef40-ddee-41fa-a623-6388d561f416,C2-PE-01-Cntr_at_Caton_Ave-Ex6,car,154,116,17864,1.328,1,0.0,0.0,False
2026-08-15T19:26,1786821962.9,5f4bef40-ddee-41fa-a623-6388d561f416,C2-PE-01-Cntr_at_Caton_Ave-Ex6,car,113,97,10961,1.165,1,0.0,0.0,False
2026-08-15T19:26,1786821960.9,5f4bef40-ddee-41fa-a623-6388d561f416,C2-PE-01-Cntr_at_Caton_Ave-Ex6,car,522,433,226026,1.206,3,258.7,16.57,False
2026-08-15T19:26,1786821962.9,5f4bef40-ddee-41fa-a623-6388d561f416,C2-PE-01-Cntr_at_Caton_Ave-Ex6,car,645,371,239295,1.739,2,43.1,62.97,False
2026-08-15T19:26,1786821964.9,5f4bef40-ddee-41fa-a623-6388d561f416,C2-PE-01-Cntr_at_Caton_Ave-Ex6,car,207,179,37053,1.156,2,258.4,52.07,False
2026-08-15T19:26,1786821964.9,5f4bef40-ddee-41fa-a623-6388d561f416,C2-PE-01-Cntr_at_Caton_Ave-Ex6,car,127,90,11430,1.411,1,0.0,0.0,False
2026-08-15T19:26,1786821966.9,5f4bef40-ddee-41fa-a623-6388d561f416,C2-PE-01-Cntr_at_Caton_Ave-Ex6,car,194,135,26190,1.437,1,0.0,0.0,False
2026-08-15T19:26,1786821966.9,5f4bef40-ddee-41fa-a623-6388d561f416,C2-PE-01-Cntr_at_Caton_Ave-Ex6,car,311,218,67798,1.427,1,0.0,0.0,False
2026-08-15T19:26,1786821966.9,5f4bef40-ddee-41fa-a623-6388d561f416,C2-PE-01-Cntr_at_Caton_Ave-Ex6,car,202,161,32522,1.255,2,44.5,41.37,False
2026-08-15T19:26,1786821966.9,5f4bef40-ddee-41fa-a623-6388d561f416,C2-PE-01-Cntr_at_Caton_Ave-Ex6,car,101,69,6969,1.464,1,0.0,0.0,False
2026-08-15T19:26,1786821966.9,5f4bef40-ddee-41fa-a623-6388d561f416,C2-PE-01-Cntr_at_Caton_Ave-Ex6,car,653,366,238998,1.784,1,0.0,0.0,False
2026-08-15T19:26,1786821968.9,5f4bef40-ddee-41fa-a623-6388d561f416,C2-PE-01-Cntr_at_Caton_Ave-Ex6,car,150,125,18750,1.2,1,0.0,0.0,False
2026-08-15T19:26,1786821950.9,f9608ba1-608f-4dad-a8aa-9a9c1978b363,McDonald Ave @ 10th Ave / 20th St,bus,90,89,8010,1.011,1,0.0,0.0,False
2026-08-15T19:26,1786821950.9,f9608ba1-608f-4dad-a8aa-9a9c1978b363,McDonald Ave @ 10th Ave / 20th St,bus,109,164,17876,0.665,1,0.0,0.0,False
2026-08-15T19:26,1786821952.9,f9608ba1-608f-4dad-a8aa-9a9c1978b363,McDonald Ave @ 10th Ave / 20th St,truck,53,54,2862,0.981,1,0.0,0.0,False
2026-08-15T19:26,1786821952.9,f9608ba1-608f-4dad-a8aa-9a9c1978b363,McDonald Ave @ 10th Ave / 20th St,car,53,54,2862,0.981,1,0.0,0.0,False
2026-08-15T19:26,1786821966.9,f9608ba1-608f-4dad-a8aa-9a9c1978b363,McDonald Ave @ 10th Ave / 20th St,car,49,59,2891,0.831,1,0.0,0.0,False
2026-08-15T19:26,1786821948.9,9955d671-39ad-4fb7-b63e-4e78cf6ac157,Flatbush Ave and 4 Ave,bus,47,88,4136,0.534,1,0.0,0.0,False
2026-08-15T19:26,1786821948.9,9955d671-39ad-4fb7-b63e-4e78cf6ac157,Flatbush Ave and 4 Ave,truck,45,52,2340,0.865,2,31.0,2.92,False
2026-08-15T19:26,1786821950.9,9955d671-39ad-4fb7-b63e-4e78cf6ac157,Flatbush Ave and 4 Ave,car,43,47,2021,0.915,1,0.0,0.0,False
2026-08-15T19:26,1786821952.9,9955d671-39ad-4fb7-b63e-4e78cf6ac157,Flatbush Ave and 4 Ave,car,39,16,624,2.438,1,0.0,0.0,False
2026-08-15T19:26,1786821952.9,9955d671-39ad-4fb7-b63e-4e78cf6ac157,Flatbush Ave and 4 Ave,car,21,18,378,1.167,1,0.0,0.0,False
2026-08-15T19:26,1786821952.9,9955d671-39ad-4fb7-b63e-4e78cf6ac157,Flatbush Ave and 4 Ave,car,25,15,375,1.667,2,270.0,0.5,False
2026-08-15T19:26,1786821954.9,9955d671-39ad-4fb7-b63e-4e78cf6ac157,Flatbush Ave and 4 Ave,car,50,34,1700,1.471,1,0.0,0.0,False
2026-08-15T19:26,1786821954.9,9955d671-39ad-4fb7-b63e-4e78cf6ac157,Flatbush Ave and 4 Ave,car,31,27,837,1.148,1,0.0,0.0,False
2026-08-15T19:26,1786821948.9,9955d671-39ad-4fb7-b63e-4e78cf6ac157,Flatbush Ave and 4 Ave,truck,144,264,38016,0.545,4,123.2,27.09,False
2026-08-15T19:26,1786821954.9,9955d671-39ad-4fb7-b63e-4e78cf6ac157,Flatbush Ave and 4 Ave,truck,50,33,1650,1.515,2,42.9,9.55,False
2026-08-15T19:26,1786821956.9,9955d671-39ad-4fb7-b63e-4e78cf6ac157,Flatbush Ave and 4 Ave,truck,54,65,3510,0.831,1,0.0,0.0,False
2026-08-15T19:26,1786821956.9,9955d671-39ad-4fb7-b63e-4e78cf6ac157,Flatbush Ave and 4 Ave,car,80,56,4480,1.429,1,0.0,0.0,False
2026-08-15T19:26,1786821956.9,9955d671-39ad-4fb7-b63e-4e78cf6ac157,Flatbush Ave and 4 Ave,truck,48,85,4080,0.565,1,0.0,0.0,False
2026-08-15T19:26,1786821958.9,9955d671-39ad-4fb7-b63e-4e78cf6ac157,Flatbush Ave and 4 Ave,car,61,45,2745,1.356,1,0.0,0.0,False
2026-08-15T19:26,1786821958.9,9955d671-39ad-4fb7-b63e-4e78cf6ac157,Flatbush Ave and 4 Ave,car,51,67,3417,0.761,1,0.0,0.0,False
2026-08-15T19:26,1786821958.9,9955d671-39ad-4fb7-b63e-4e78cf6ac157,Flatbush Ave and 4 Ave,truck,58,67,3886,0.866,1,0.0,0.0,False
2026-08-15T19:26,1786821954.9,9955d671-39ad-4fb7-b63e-4e78cf6ac157,Flatbush Ave and 4 Ave,car,80,57,4560,1.404,3,14.7,19.65,True
2026-08-15T19:26,1786821956.9,9955d671-39ad-4fb7-b63e-4e78cf6ac157,Flatbush Ave and 4 Ave,car,31,24,744,1.292,2,228.0,6.73,False
2026-08-15T19:26,1786821960.9,9955d671-39ad-4fb7-b63e-4e78cf6ac157,Flatbush Ave and 4 Ave,car,77,97,7469,0.794,1,0.0,0.0,False
2026-08-15T19:26,1786821960.9,9955d671-39ad-4fb7-b63e-4e78cf6ac157,Flatbush Ave and 4 Ave,car,44,33,1452,1.333,1,0.0,0.0,False
2026-08-15T19:26,1786821958.9,9955d671-39ad-4fb7-b63e-4e78cf6ac157,Flatbush Ave and 4 Ave,bus,183,272,49776,0.673,2,57.7,106.53,False
2026-08-15T19:26,1786821958.9,9955d671-39ad-4fb7-b63e-4e78cf6ac157,Flatbush Ave and 4 Ave,truck,183,272,49776,0.673,3,56.8,52.91,False
2026-08-15T19:26,1786821962.9,9955d671-39ad-4fb7-b63e-4e78cf6ac157,Flatbush Ave and 4 Ave,car,24,20,480,1.2,1,0.0,0.0,False
2026-08-15T19:26,1786821962.9,9955d671-39ad-4fb7-b63e-4e78cf6ac157,Flatbush Ave and 4 Ave,truck,35,59,2065,0.593,1,0.0,0.0,False
2026-08-15T19:26,1786821952.9,9955d671-39ad-4fb7-b63e-4e78cf6ac157,Flatbush Ave and 4 Ave,car,111,96,10656,1.156,5,38.2,11.93,True
2026-08-15T19:26,1786821958.9,9955d671-39ad-4fb7-b63e-4e78cf6ac157,Flatbush Ave and 4 Ave,truck,71,123,8733,0.577,4,273.3,26.38,True
2026-08-15T19:26,1786821960.9,9955d671-39ad-4fb7-b63e-4e78cf6ac157,Flatbush Ave and 4 Ave,truck,65,96,6240,0.677,2,248.8,26.28,False
2026-08-15T19:26,1786821962.9,9955d671-39ad-4fb7-b63e-4e78cf6ac157,Flatbush Ave and 4 Ave,truck,64,92,5888,0.696,3,32.8,13.38,False
2026-08-15T19:26,1786821962.9,9955d671-39ad-4fb7-b63e-4e78cf6ac157,Flatbush Ave and 4 Ave,truck,139,295,41005,0.471,3,270.0,57.25,False
2026-08-15T19:26,1786821962.9,9955d671-39ad-4fb7-b63e-4e78cf6ac157,Flatbush Ave and 4 Ave,truck,99,80,7920,1.238,2,31.1,28.04,False
2026-08-15T19:26,1786821964.9,9955d671-39ad-4fb7-b63e-4e78cf6ac157,Flatbush Ave and 4 Ave,car,148,88,13024,1.682,2,47.6,38.58,False
2026-08-15T19:26,1786821964.9,9955d671-39ad-4fb7-b63e-4e78cf6ac157,Flatbush Ave and 4 Ave,truck,64,89,5696,0.719,2,139.4,27.66,False
2026-08-15T19:26,1786821964.9,9955d671-39ad-4fb7-b63e-4e78cf6ac157,Flatbush Ave and 4 Ave,car,240,244,58560,0.984,2,335.6,102.71,True
2026-08-15T19:26,1786821964.9,9955d671-39ad-4fb7-b63e-4e78cf6ac157,Flatbush Ave and 4 Ave,truck,277,157,43489,1.764,1,0.0,0.0,False
2026-08-15T19:26,1786821964.9,9955d671-39ad-4fb7-b63e-4e78cf6ac157,Flatbush Ave and 4 Ave,car,63,77,4851,0.818,1,0.0,0.0,False
2026-08-15T19:26,1786821964.9,9955d671-39ad-4fb7-b63e-4e78cf6ac157,Flatbush Ave and 4 Ave,car,28,17,476,1.647,1,0.0,0.0,False
2026-08-15T19:26,1786821964.9,9955d671-39ad-4fb7-b63e-4e78cf6ac157,Flatbush Ave and 4 Ave,truck,59,61,3599,0.967,1,0.0,0.0,False
2026-08-15T19:26,1786821966.9,9955d671-39ad-4fb7-b63e-4e78cf6ac157,Flatbush Ave and 4 Ave,bus,150,144,21600,1.042,1,0.0,0.0,False
2026-08-15T19:26,1786821968.9,9955d671-39ad-4fb7-b63e-4e78cf6ac157,Flatbush Ave and 4 Ave,car,118,130,15340,0.908,1,0.0,0.0,False
2026-08-15T19:26,1786821968.9,9955d671-39ad-4fb7-b63e-4e78cf6ac157,Flatbush Ave and 4 Ave,truck,96,166,15936,0.578,1,0.0,0.0,False
2026-08-15T19:26,1786821952.9,2293205b-2b15-44da-8220-6833a13c5a80,Ocean Pkwy @ Church Ave,car,31,24,744,1.292,1,0.0,0.0,False
2026-08-15T19:26,1786821952.9,2293205b-2b15-44da-8220-6833a13c5a80,Ocean Pkwy @ Church Ave,car,114,83,9462,1.373,3,188.0,14.39,False
2026-08-15T19:26,1786821956.9,2293205b-2b15-44da-8220-6833a13c5a80,Ocean Pkwy @ Church Ave,car,35,36,1260,0.972,1,0.0,0.0,False
2026-08-15T19:26,1786821956.9,2293205b-2b15-44da-8220-6833a13c5a80,Ocean Pkwy @ Church Ave,car,40,26,1040,1.538,1,0.0,0.0,False
2026-08-15T19:26,1786821948.9,2293205b-2b15-44da-8220-6833a13c5a80,Ocean Pkwy @ Church Ave,car,118,108,12744,1.093,4,102.2,18.93,True
2026-08-15T19:26,1786821954.9,2293205b-2b15-44da-8220-6833a13c5a80,Ocean Pkwy @ Church Ave,car,105,116,12180,0.905,3,142.4,20.5,False
2026-08-15T19:26,1786821956.9,2293205b-2b15-44da-8220-6833a13c5a80,Ocean Pkwy @ Church Ave,car,87,126,10962,0.69,2,313.6,28.29,False
2026-08-15T19:26,1786821958.9,2293205b-2b15-44da-8220-6833a13c5a80,Ocean Pkwy @ Church Ave,car,61,77,4697,0.792,1,0.0,0.0,False
2026-08-15T19:26,1786821958.9,2293205b-2b15-44da-8220-6833a13c5a80,Ocean Pkwy @ Church Ave,car,33,37,1221,0.892,1,0.0,0.0,False
2026-08-15T19:26,1786821960.9,2293205b-2b15-44da-8220-6833a13c5a80,Ocean Pkwy @ Church Ave,car,35,85,2975,0.412,1,0.0,0.0,False
2026-08-15T19:26,1786821956.9,2293205b-2b15-44da-8220-6833a13c5a80,Ocean Pkwy @ Church Ave,car,124,134,16616,0.925,4,247.2,31.45,True
2026-08-15T19:26,1786821958.9,2293205b-2b15-44da-8220-6833a13c5a80,Ocean Pkwy @ Church Ave,car,51,57,2907,0.895,4,248.1,13.83,True
2026-08-15T19:26,1786821958.9,2293205b-2b15-44da-8220-6833a13c5a80,Ocean Pkwy @ Church Ave,car,35,27,945,1.296,2,225.0,1.41,False
2026-08-15T19:26,1786821960.9,2293205b-2b15-44da-8220-6833a13c5a80,Ocean Pkwy @ Church Ave,car,148,163,24124,0.908,4,172.5,12.78,False
2026-08-15T19:26,1786821960.9,2293205b-2b15-44da-8220-6833a13c5a80,Ocean Pkwy @ Church Ave,car,65,67,4355,0.97,4,281.1,9.51,True
2026-08-15T19:26,1786821962.9,2293205b-2b15-44da-8220-6833a13c5a80,Ocean Pkwy @ Church Ave,truck,164,117,19188,1.402,1,0.0,0.0,False
2026-08-15T19:26,1786821962.9,2293205b-2b15-44da-8220-6833a13c5a80,Ocean Pkwy @ Church Ave,car,49,46,2254,1.065,1,0.0,0.0,False
2026-08-15T19:26,1786821964.9,2293205b-2b15-44da-8220-6833a13c5a80,Ocean Pkwy @ Church Ave,car,143,128,18304,1.117,1,0.0,0.0,False
2026-08-15T19:26,1786821964.9,2293205b-2b15-44da-8220-6833a13c5a80,Ocean Pkwy @ Church Ave,car,86,70,6020,1.229,1,0.0,0.0,False
2026-08-15T19:26,1786821964.9,2293205b-2b15-44da-8220-6833a13c5a80,Ocean Pkwy @ Church Ave,car,30,29,870,1.034,1,0.0,0.0,False
2026-08-15T19:26,1786821964.9,2293205b-2b15-44da-8220-6833a13c5a80,Ocean Pkwy @ Church Ave,car,85,89,7565,0.955,2,100.6,30.01,False
2026-08-15T19:26,1786821964.9,2293205b-2b15-44da-8220-6833a13c5a80,Ocean Pkwy @ Church Ave,car,40,31,1240,1.29,1,0.0,0.0,False
2026-08-15T19:26,1786821964.9,2293205b-2b15-44da-8220-6833a13c5a80,Ocean Pkwy @ Church Ave,car,90,81,7290,1.111,1,0.0,0.0,False
2026-08-15T19:26,1786821966.9,2293205b-2b15-44da-8220-6833a13c5a80,Ocean Pkwy @ Church Ave,car,94,75,7050,1.253,1,0.0,0.0,False
2026-08-15T19:26,1786821966.9,2293205b-2b15-44da-8220-6833a13c5a80,Ocean Pkwy @ Church Ave,car,70,73,5110,0.959,1,0.0,0.0,False
2026-08-15T19:26,1786821966.9,2293205b-2b15-44da-8220-6833a13c5a80,Ocean Pkwy @ Church Ave,car,43,50,2150,0.86,1,0.0,0.0,False
2026-08-15T19:26,1786821966.9,2293205b-2b15-44da-8220-6833a13c5a80,Ocean Pkwy @ Church Ave,car,96,15,1440,6.4,1,0.0,0.0,False
2026-08-15T19:26,1786821948.9,3c079db6-117c-4e79-94ed-5178c1517091,Prospect Expwy @ Prospect Park W @ 19 St,car,33,28,924,1.179,1,0.0,0.0,False
2026-08-15T19:26,1786821948.9,3c079db6-117c-4e79-94ed-5178c1517091,Prospect Expwy @ Prospect Park W @ 19 St,truck,68,70,4760,0.971,1,0.0,0.0,False
2026-08-15T19:26,1786821948.9,3c079db6-117c-4e79-94ed-5178c1517091,Prospect Expwy @ Prospect Park W @ 19 St,car,54,44,2376,1.227,1,0.0,0.0,False
2026-08-15T19:26,1786821948.9,3c079db6-117c-4e79-94ed-5178c1517091,Prospect Expwy @ Prospect Park W @ 19 St,truck,53,38,2014,1.395,1,0.0,0.0,False
2026-08-15T19:26,1786821948.9,3c079db6-117c-4e79-94ed-5178c1517091,Prospect Expwy @ Prospect Park W @ 19 St,truck,69,27,1863,2.556,1,0.0,0.0,False
2026-08-15T19:26,1786821948.9,3c079db6-117c-4e79-94ed-5178c1517091,Prospect Expwy @ Prospect Park W @ 19 St,truck,48,42,2016,1.143,1,0.0,0.0,False
2026-08-15T19:26,1786821948.9,3c079db6-117c-4e79-94ed-5178c1517091,Prospect Expwy @ Prospect Park W @ 19 St,car,53,39,2067,1.359,1,0.0,0.0,False
2026-08-15T19:26,1786821948.9,3c079db6-117c-4e79-94ed-5178c1517091,Prospect Expwy @ Prospect Park W @ 19 St,car,31,24,744,1.292,1,0.0,0.0,False
2026-08-15T19:26,1786821948.9,3c079db6-117c-4e79-94ed-5178c1517091,Prospect Expwy @ Prospect Park W @ 19 St,car,31,39,1209,0.795,1,0.0,0.0,False
2026-08-15T19:26,1786821950.9,3c079db6-117c-4e79-94ed-5178c1517091,Prospect Expwy @ Prospect Park W @ 19 St,truck,77,71,5467,1.085,1,0.0,0.0,False
2026-08-15T19:26,1786821950.9,3c079db6-117c-4e79-94ed-5178c1517091,Prospect Expwy @ Prospect Park W @ 19 St,truck,40,36,1440,1.111,1,0.0,0.0,False
2026-08-15T19:26,1786821950.9,3c079db6-117c-4e79-94ed-5178c1517091,Prospect Expwy @ Prospect Park W @ 19 St,car,32,27,864,1.185,1,0.0,0.0,False
2026-08-15T19:26,1786821948.9,3c079db6-117c-4e79-94ed-5178c1517091,Prospect Expwy @ Prospect Park W @ 19 St,truck,69,59,4071,1.169,2,32.7,8.32,False
2026-08-15T19:26,1786821950.9,3c079db6-117c-4e79-94ed-5178c1517091,Prospect Expwy @ Prospect Park W @ 19 St,car,26,22,572,1.182,2,153.4,2.24,False
2026-08-15T19:26,1786821952.9,3c079db6-117c-4e79-94ed-5178c1517091,Prospect Expwy @ Prospect Park W @ 19 St,car,54,48,2592,1.125,1,0.0,0.0,False
2026-08-15T19:26,1786821952.9,3c079db6-117c-4e79-94ed-5178c1517091,Prospect Expwy @ Prospect Park W @ 19 St,car,64,53,3392,1.208,1,0.0,0.0,False
2026-08-15T19:26,1786821952.9,3c079db6-117c-4e79-94ed-5178c1517091,Prospect Expwy @ Prospect Park W @ 19 St,car,19,39,741,0.487,1,0.0,0.0,False
2026-08-15T19:26,1786821952.9,3c079db6-117c-4e79-94ed-5178c1517091,Prospect Expwy @ Prospect Park W @ 19 St,car,45,34,1530,1.324,1,0.0,0.0,False
2026-08-15T19:26,1786821952.9,3c079db6-117c-4e79-94ed-5178c1517091,Prospect Expwy @ Prospect Park W @ 19 St,car,25,26,650,0.962,1,0.0,0.0,False
2026-08-15T19:26,1786821948.9,3c079db6-117c-4e79-94ed-5178c1517091,Prospect Expwy @ Prospect Park W @ 19 St,truck,64,61,3904,1.049,4,358.0,4.84,False
2026-08-15T19:26,1786821948.9,3c079db6-117c-4e79-94ed-5178c1517091,Prospect Expwy @ Prospect Park W @ 19 St,car,47,44,2068,1.068,3,252.5,9.96,True
2026-08-15T19:26,1786821948.9,3c079db6-117c-4e79-94ed-5178c1517091,Prospect Expwy @ Prospect Park W @ 19 St,car,63,61,3843,1.033,4,358.2,5.34,False
2026-08-15T19:26,1786821950.9,3c079db6-117c-4e79-94ed-5178c1517091,Prospect Expwy @ Prospect Park W @ 19 St,truck,58,47,2726,1.234,2,183.2,9.01,False
2026-08-15T19:26,1786821954.9,3c079db6-117c-4e79-94ed-5178c1517091,Prospect Expwy @ Prospect Park W @ 19 St,truck,40,32,1280,1.25,1,0.0,0.0,False
2026-08-15T19:26,1786821954.9,3c079db6-117c-4e79-94ed-5178c1517091,Prospect Expwy @ Prospect Park W @ 19 St,truck,69,37,2553,1.865,1,0.0,0.0,False
2026-08-15T19:26,1786821948.9,3c079db6-117c-4e79-94ed-5178c1517091,Prospect Expwy @ Prospect Park W @ 19 St,car,32,28,896,1.143,3,192.3,5.88,False
2026-08-15T19:26,1786821948.9,3c079db6-117c-4e79-94ed-5178c1517091,Prospect Expwy @ Prospect Park W @ 19 St,car,49,54,2646,0.907,4,85.2,4.01,False
2026-08-15T19:26,1786821950.9,3c079db6-117c-4e79-94ed-5178c1517091,Prospect Expwy @ Prospect Park W @ 19 St,car,34,29,986,1.172,3,350.5,4.56,False
2026-08-15T19:26,1786821952.9,3c079db6-117c-4e79-94ed-5178c1517091,Prospect Expwy @ Prospect Park W @ 19 St,car,64,58,3712,1.103,2,52.4,30.3,True
2026-08-15T19:26,1786821954.9,3c079db6-117c-4e79-94ed-5178c1517091,Prospect Expwy @ Prospect Park W @ 19 St,car,37,32,1184,1.156,3,278.1,1.77,False
2026-08-15T19:26,1786821954.9,3c079db6-117c-4e79-94ed-5178c1517091,Prospect Expwy @ Prospect Park W @ 19 St,car,34,30,1020,1.133,2,180.0,15.5,True
2026-08-15T19:26,1786821954.9,3c079db6-117c-4e79-94ed-5178c1517091,Prospect Expwy @ Prospect Park W @ 19 St,truck,70,63,4410,1.111,2,273.5,24.55,False
2026-08-15T19:26,1786821954.9,3c079db6-117c-4e79-94ed-5178c1517091,Prospect Expwy @ Prospect Park W @ 19 St,car,69,62,4278,1.113,2,273.3,26.04,False
2026-08-15T19:26,1786821956.9,3c079db6-117c-4e79-94ed-5178c1517091,Prospect Expwy @ Prospect Park W @ 19 St,car,30,34,1020,0.882,1,0.0,0.0,False
2026-08-15T19:26,1786821956.9,3c079db6-117c-4e79-94ed-5178c1517091,Prospect Expwy @ Prospect Park W @ 19 St,truck,55,62,3410,0.887,1,0.0,0.0,False
2026-08-15T19:26,1786821956.9,3c079db6-117c-4e79-94ed-5178c1517091,Prospect Expwy @ Prospect Park W @ 19 St,truck,64,56,3584,1.143,1,0.0,0.0,False
2026-08-15T19:26,1786821956.9,3c079db6-117c-4e79-94ed-5178c1517091,Prospect Expwy @ Prospect Park W @ 19 St,truck,68,52,3536,1.308,1,0.0,0.0,False
2026-08-15T19:26,1786821956.9,3c079db6-117c-4e79-94ed-5178c1517091,Prospect Expwy @ Prospect Park W @ 19 St,truck,57,48,2736,1.188,2,326.0,27.74,True
2026-08-15T19:26,1786821956.9,3c079db6-117c-4e79-94ed-5178c1517091,Prospect Expwy @ Prospect Park W @ 19 St,car,54,44,2376,1.227,2,325.4,27.32,True
2026-08-15T19:26,1786821956.9,3c079db6-117c-4e79-94ed-5178c1517091,Prospect Expwy @ Prospect Park W @ 19 St,car,30,23,690,1.304,2,204.4,6.04,False
2026-08-15T19:26,1786821958.9,3c079db6-117c-4e79-94ed-5178c1517091,Prospect Expwy @ Prospect Park W @ 19 St,truck,38,86,3268,0.442,2,155.4,13.2,False
2026-08-15T19:26,1786821958.9,3c079db6-117c-4e79-94ed-5178c1517091,Prospect Expwy @ Prospect Park W @ 19 St,car,11,47,517,0.234,1,0.0,0.0,False
2026-08-15T19:26,1786821958.9,3c079db6-117c-4e79-94ed-5178c1517091,Prospect Expwy @ Prospect Park W @ 19 St,truck,28,30,840,0.933,1,0.0,0.0,False
2026-08-15T19:26,1786821958.9,3c079db6-117c-4e79-94ed-5178c1517091,Prospect Expwy @ Prospect Park W @ 19 St,car,38,28,1064,1.357,2,55.8,15.12,False
2026-08-15T19:26,1786821958.9,3c079db6-117c-4e79-94ed-5178c1517091,Prospect Expwy @ Prospect Park W @ 19 St,car,24,18,432,1.333,1,0.0,0.0,False
2026-08-15T19:26,1786821960.9,3c079db6-117c-4e79-94ed-5178c1517091,Prospect Expwy @ Prospect Park W @ 19 St,car,61,47,2867,1.298,1,0.0,0.0,False
2026-08-15T19:26,1786821960.9,3c079db6-117c-4e79-94ed-5178c1517091,Prospect Expwy @ Prospect Park W @ 19 St,car,63,61,3843,1.033,1,0.0,0.0,False
2026-08-15T19:26,1786821960.9,3c079db6-117c-4e79-94ed-5178c1517091,Prospect Expwy @ Prospect Park W @ 19 St,car,53,47,2491,1.128,1,0.0,0.0,False
2026-08-15T19:26,1786821960.9,3c079db6-117c-4e79-94ed-5178c1517091,Prospect Expwy @ Prospect Park W @ 19 St,car,43,36,1548,1.194,1,0.0,0.0,False
2026-08-15T19:26,1786821960.9,3c079db6-117c-4e79-94ed-5178c1517091,Prospect Expwy @ Prospect Park W @ 19 St,truck,53,49,2597,1.082,1,0.0,0.0,False
2026-08-15T19:26,1786821948.9,5a9ebe48-fb36-4de7-8666-f50de83c7941,Flatbush Ave @ Nostrand Ave,bus,92,131,12052,0.702,1,0.0,0.0,False
2026-08-15T19:26,1786821948.9,5a9ebe48-fb36-4de7-8666-f50de83c7941,Flatbush Ave @ Nostrand Ave,car,38,30,1140,1.267,1,0.0,0.0,False
2026-08-15T19:26,1786821948.9,5a9ebe48-fb36-4de7-8666-f50de83c7941,Flatbush Ave @ Nostrand Ave,car,50,41,2050,1.22,2,109.3,21.19,True
2026-08-15T19:26,1786821950.9,5a9ebe48-fb36-4de7-8666-f50de83c7941,Flatbush Ave @ Nostrand Ave,car,34,57,1938,0.596,1,0.0,0.0,False
2026-08-15T19:26,1786821952.9,5a9ebe48-fb36-4de7-8666-f50de83c7941,Flatbush Ave @ Nostrand Ave,car,82,73,5986,1.123,1,0.0,0.0,False
2026-08-15T19:26,1786821948.9,5a9ebe48-fb36-4de7-8666-f50de83c7941,Flatbush Ave @ Nostrand Ave,car,37,45,1665,0.822,4,102.5,6.15,True
2026-08-15T19:26,1786821950.9,5a9ebe48-fb36-4de7-8666-f50de83c7941,Flatbush Ave @ Nostrand Ave,car,39,35,1365,1.114,2,264.6,10.55,False
2026-08-15T19:26,1786821950.9,5a9ebe48-fb36-4de7-8666-f50de83c7941,Flatbush Ave @ Nostrand Ave,car,32,28,896,1.143,2,48.8,10.63,False
2026-08-15T19:26,1786821954.9,5a9ebe48-fb36-4de7-8666-f50de83c7941,Flatbush Ave @ Nostrand Ave,car,138,70,9660,1.971,1,0.0,0.0,False
2026-08-15T19:26,1786821954.9,5a9ebe48-fb36-4de7-8666-f50de83c7941,Flatbush Ave @ Nostrand Ave,car,23,20,460,1.15,1,0.0,0.0,False
2026-08-15T19:26,1786821956.9,5a9ebe48-fb36-4de7-8666-f50de83c7941,Flatbush Ave @ Nostrand Ave,car,21,14,294,1.5,1,0.0,0.0,False
2026-08-15T19:26,1786821950.9,5a9ebe48-fb36-4de7-8666-f50de83c7941,Flatbush Ave @ Nostrand Ave,car,56,61,3416,0.918,4,9.5,1.01,False
2026-08-15T19:26,1786821952.9,5a9ebe48-fb36-4de7-8666-f50de83c7941,Flatbush Ave @ Nostrand Ave,car,37,31,1147,1.194,3,225.0,8.84,True
2026-08-15T19:26,1786821958.9,5a9ebe48-fb36-4de7-8666-f50de83c7941,Flatbush Ave @ Nostrand Ave,car,94,64,6016,1.469,1,0.0,0.0,False
2026-08-15T19:26,1786821958.9,5a9ebe48-fb36-4de7-8666-f50de83c7941,Flatbush Ave @ Nostrand Ave,car,43,30,1290,1.433,1,0.0,0.0,False
2026-08-15T19:26,1786821958.9,5a9ebe48-fb36-4de7-8666-f50de83c7941,Flatbush Ave @ Nostrand Ave,car,19,17,323,1.118,1,0.0,0.0,False
2026-08-15T19:26,1786821958.9,5a9ebe48-fb36-4de7-8666-f50de83c7941,Flatbush Ave @ Nostrand Ave,car,45,48,2160,0.938,1,0.0,0.0,False
2026-08-15T19:26,1786821958.9,5a9ebe48-fb36-4de7-8666-f50de83c7941,Flatbush Ave @ Nostrand Ave,car,42,36,1512,1.167,1,0.0,0.0,False
2026-08-15T19:26,1786821948.9,5a9ebe48-fb36-4de7-8666-f50de83c7941,Flatbush Ave @ Nostrand Ave,car,42,36,1512,1.167,7,296.6,0.19,False
2026-08-15T19:26,1786821960.9,5a9ebe48-fb36-4de7-8666-f50de83c7941,Flatbush Ave @ Nostrand Ave,car,85,104,8840,0.817,1,0.0,0.0,False
2026-08-15T19:26,1786821960.9,5a9ebe48-fb36-4de7-8666-f50de83c7941,Flatbush Ave @ Nostrand Ave,bus,79,57,4503,1.386,1,0.0,0.0,False
2026-08-15T19:26,1786821960.9,5a9ebe48-fb36-4de7-8666-f50de83c7941,Flatbush Ave @ Nostrand Ave,bus,52,48,2496,1.083,1,0.0,0.0,False
2026-08-15T19:26,1786821948.9,5a9ebe48-fb36-4de7-8666-f50de83c7941,Flatbush Ave @ Nostrand Ave,car,78,61,4758,1.279,6,260.0,9.75,True
2026-08-15T19:26,1786821954.9,5a9ebe48-fb36-4de7-8666-f50de83c7941,Flatbush Ave @ Nostrand Ave,car,98,94,9212,1.043,3,290.1,10.91,False
2026-08-15T19:26,1786821960.9,5a9ebe48-fb36-4de7-8666-f50de83c7941,Flatbush Ave @ Nostrand Ave,car,128,65,8320,1.969,2,219.4,47.25,False
2026-08-15T19:26,1786821962.9,5a9ebe48-fb36-4de7-8666-f50de83c7941,Flatbush Ave @ Nostrand Ave,car,46,42,1932,1.095,1,0.0,0.0,False
2026-08-15T19:26,1786821962.9,5a9ebe48-fb36-4de7-8666-f50de83c7941,Flatbush Ave @ Nostrand Ave,car,24,21,504,1.143,1,0.0,0.0,False
2026-08-15T19:26,1786821948.9,5a9ebe48-fb36-4de7-8666-f50de83c7941,Flatbush Ave @ Nostrand Ave,car,62,42,2604,1.476,11,0.0,0.3,False
2026-08-15T19:26,1786821960.9,5a9ebe48-fb36-4de7-8666-f50de83c7941,Flatbush Ave @ Nostrand Ave,car,68,60,4080,1.133,4,48.9,8.62,False
2026-08-15T19:26,1786821960.9,5a9ebe48-fb36-4de7-8666-f50de83c7941,Flatbush Ave @ Nostrand Ave,car,49,46,2254,1.065,4,110.8,8.91,True
2026-08-15T19:26,1786821962.9,5a9ebe48-fb36-4de7-8666-f50de83c7941,Flatbush Ave @ Nostrand Ave,car,66,65,4290,1.015,2,108.9,20.08,False
2026-08-15T19:26,1786821962.9,5a9ebe48-fb36-4de7-8666-f50de83c7941,Flatbush Ave @ Nostrand Ave,car,35,34,1190,1.029,3,0.0,0.25,False
2026-08-15T19:26,1786821964.9,5a9ebe48-fb36-4de7-8666-f50de83c7941,Flatbush Ave @ Nostrand Ave,car,46,33,1518,1.394,1,0.0,0.0,False
2026-08-15T19:26,1786821964.9,5a9ebe48-fb36-4de7-8666-f50de83c7941,Flatbush Ave @ Nostrand Ave,car,33,32,1056,1.031,2,135.0,4.24,False
2026-08-15T19:26,1786821964.9,5a9ebe48-fb36-4de7-8666-f50de83c7941,Flatbush Ave @ Nostrand Ave,car,25,21,525,1.19,2,206.6,5.59,False
2026-08-15T19:26,1786821964.9,5a9ebe48-fb36-4de7-8666-f50de83c7941,Flatbush Ave @ Nostrand Ave,car,39,26,1014,1.5,2,36.9,2.5,False
2026-08-15T19:26,1786821966.9,5a9ebe48-fb36-4de7-8666-f50de83c7941,Flatbush Ave @ Nostrand Ave,car,131,53,6943,2.472,1,0.0,0.0,False
2026-08-15T19:26,1786821966.9,5a9ebe48-fb36-4de7-8666-f50de83c7941,Flatbush Ave @ Nostrand Ave,car,38,27,1026,1.407,1,0.0,0.0,False
2026-08-15T19:26,1786821966.9,5a9ebe48-fb36-4de7-8666-f50de83c7941,Flatbush Ave @ Nostrand Ave,car,74,44,3256,1.682,1,0.0,0.0,False
2026-08-15T19:26,1786821966.9,5a9ebe48-fb36-4de7-8666-f50de83c7941,Flatbush Ave @ Nostrand Ave,car,35,26,910,1.346,2,45.0,2.83,False
2026-08-15T19:26,1786821968.9,5a9ebe48-fb36-4de7-8666-f50de83c7941,Flatbush Ave @ Nostrand Ave,car,47,37,1739,1.27,1,0.0,0.0,False
2026-08-15T19:26,1786821968.9,5a9ebe48-fb36-4de7-8666-f50de83c7941,Flatbush Ave @ Nostrand Ave,car,27,23,621,1.174,1,0.0,0.0,False
2026-08-15T19:26,1786821968.9,5a9ebe48-fb36-4de7-8666-f50de83c7941,Flatbush Ave @ Nostrand Ave,truck,55,67,3685,0.821,1,0.0,0.0,False
2026-08-15T19:26,1786821948.9,88895623-f6fa-4509-a927-8eae076725da,Ft. Hamilton Pkwy @ McDonald Ave,car,20,19,380,1.053,1,0.0,0.0,False
2026-08-15T19:26,1786821948.9,88895623-f6fa-4509-a927-8eae076725da,Ft. Hamilton Pkwy @ McDonald Ave,truck,30,27,810,1.111,1,0.0,0.0,False
2026-08-15T19:26,1786821948.9,88895623-f6fa-4509-a927-8eae076725da,Ft. Hamilton Pkwy @ McDonald Ave,car,101,101,10201,1.0,1,0.0,0.0,False
2026-08-15T19:26,1786821948.9,88895623-f6fa-4509-a927-8eae076725da,Ft. Hamilton Pkwy @ McDonald Ave,car,28,20,560,1.4,1,0.0,0.0,False
2026-08-15T19:26,1786821948.9,88895623-f6fa-4509-a927-8eae076725da,Ft. Hamilton Pkwy @ McDonald Ave,car,16,19,304,0.842,1,0.0,0.0,False
2026-08-15T19:26,1786821948.9,88895623-f6fa-4509-a927-8eae076725da,Ft. Hamilton Pkwy @ McDonald Ave,car,147,118,17346,1.246,3,132.1,17.52,False
2026-08-15T19:26,1786821948.9,88895623-f6fa-4509-a927-8eae076725da,Ft. Hamilton Pkwy @ McDonald Ave,car,61,60,3660,1.017,11,80.5,0.3,False
2026-08-15T19:26,1786821958.9,88895623-f6fa-4509-a927-8eae076725da,Ft. Hamilton Pkwy @ McDonald Ave,car,37,27,999,1.37,5,45.0,0.71,False
2026-08-15T19:26,1786821962.9,88895623-f6fa-4509-a927-8eae076725da,Ft. Hamilton Pkwy @ McDonald Ave,car,47,36,1692,1.306,2,310.2,20.93,True
2026-08-15T19:26,1786821964.9,88895623-f6fa-4509-a927-8eae076725da,Ft. Hamilton Pkwy @ McDonald Ave,car,106,79,8374,1.342,1,0.0,0.0,False
2026-08-15T19:26,1786821964.9,88895623-f6fa-4509-a927-8eae076725da,Ft. Hamilton Pkwy @ McDonald Ave,car,39,32,1248,1.219,1,0.0,0.0,False
2026-08-15T19:26,1786821964.9,88895623-f6fa-4509-a927-8eae076725da,Ft. Hamilton Pkwy @ McDonald Ave,truck,115,89,10235,1.292,3,156.6,24.52,True
2026-08-15T19:26,1786821964.9,88895623-f6fa-4509-a927-8eae076725da,Ft. Hamilton Pkwy @ McDonald Ave,car,28,21,588,1.333,1,0.0,0.0,False
2026-08-15T19:26,1786821966.9,88895623-f6fa-4509-a927-8eae076725da,Ft. Hamilton Pkwy @ McDonald Ave,truck,154,151,23254,1.02,2,134.6,48.44,False
2026-08-15T19:26,1786821966.9,88895623-f6fa-4509-a927-8eae076725da,Ft. Hamilton Pkwy @ McDonald Ave,truck,43,44,1892,0.977,1,0.0,0.0,False
2026-08-15T19:26,1786821966.9,88895623-f6fa-4509-a927-8eae076725da,Ft. Hamilton Pkwy @ McDonald Ave,car,43,43,1849,1.0,1,0.0,0.0,False
2026-08-15T19:26,1786821968.9,88895623-f6fa-4509-a927-8eae076725da,Ft. Hamilton Pkwy @ McDonald Ave,car,54,39,2106,1.385,1,0.0,0.0,False
2026-08-15T19:26,1786821968.9,88895623-f6fa-4509-a927-8eae076725da,Ft. Hamilton Pkwy @ McDonald Ave,truck,154,123,18942,1.252,1,0.0,0.0,False
2026-08-15T19:26,1786821968.9,88895623-f6fa-4509-a927-8eae076725da,Ft. Hamilton Pkwy @ McDonald Ave,truck,54,41,2214,1.317,1,0.0,0.0,False
2026-08-15T19:26,1786821952.9,0bbea8bd-10f1-4126-b3c5-9e9432eab749,Atlantic Ave @ Pennsylvania Ave,car,128,111,14208,1.153,1,0.0,0.0,False
2026-08-15T19:26,1786821952.9,0bbea8bd-10f1-4126-b3c5-9e9432eab749,Atlantic Ave @ Pennsylvania Ave,car,83,57,4731,1.456,1,0.0,0.0,False
2026-08-15T19:26,1786821952.9,0bbea8bd-10f1-4126-b3c5-9e9432eab749,Atlantic Ave @ Pennsylvania Ave,car,63,40,2520,1.575,1,0.0,0.0,False
2026-08-15T19:26,1786821954.9,0bbea8bd-10f1-4126-b3c5-9e9432eab749,Atlantic Ave @ Pennsylvania Ave,car,43,33,1419,1.303,1,0.0,0.0,False
2026-08-15T19:26,1786821954.9,0bbea8bd-10f1-4126-b3c5-9e9432eab749,Atlantic Ave @ Pennsylvania Ave,truck,204,164,33456,1.244,1,0.0,0.0,False
2026-08-15T19:26,1786821956.9,0bbea8bd-10f1-4126-b3c5-9e9432eab749,Atlantic Ave @ Pennsylvania Ave,car,24,13,312,1.846,1,0.0,0.0,False
2026-08-15T19:26,1786821956.9,0bbea8bd-10f1-4126-b3c5-9e9432eab749,Atlantic Ave @ Pennsylvania Ave,bus,58,47,2726,1.234,1,0.0,0.0,False
2026-08-15T19:26,1786821958.9,0bbea8bd-10f1-4126-b3c5-9e9432eab749,Atlantic Ave @ Pennsylvania Ave,car,94,106,9964,0.887,1,0.0,0.0,False
2026-08-15T19:26,1786821958.9,0bbea8bd-10f1-4126-b3c5-9e9432eab749,Atlantic Ave @ Pennsylvania Ave,car,54,30,1620,1.8,1,0.0,0.0,False
2026-08-15T19:26,1786821956.9,0bbea8bd-10f1-4126-b3c5-9e9432eab749,Atlantic Ave @ Pennsylvania Ave,car,45,38,1710,1.184,3,90.0,9.75,True
2026-08-15T19:26,1786821960.9,0bbea8bd-10f1-4126-b3c5-9e9432eab749,Atlantic Ave @ Pennsylvania Ave,car,56,40,2240,1.4,1,0.0,0.0,False
2026-08-15T19:26,1786821960.9,0bbea8bd-10f1-4126-b3c5-9e9432eab749,Atlantic Ave @ Pennsylvania Ave,car,143,69,9867,2.072,1,0.0,0.0,False
2026-08-15T19:26,1786821960.9,0bbea8bd-10f1-4126-b3c5-9e9432eab749,Atlantic Ave @ Pennsylvania Ave,car,36,26,936,1.385,1,0.0,0.0,False
2026-08-15T19:26,1786821960.9,0bbea8bd-10f1-4126-b3c5-9e9432eab749,Atlantic Ave @ Pennsylvania Ave,truck,144,69,9936,2.087,1,0.0,0.0,False
2026-08-15T19:26,1786821960.9,0bbea8bd-10f1-4126-b3c5-9e9432eab749,Atlantic Ave @ Pennsylvania Ave,car,206,147,30282,1.401,2,33.1,70.45,False
2026-08-15T19:26,1786821960.9,0bbea8bd-10f1-4126-b3c5-9e9432eab749,Atlantic Ave @ Pennsylvania Ave,car,26,24,624,1.083,2,135.0,0.71,False
2026-08-15T19:26,1786821962.9,0bbea8bd-10f1-4126-b3c5-9e9432eab749,Atlantic Ave @ Pennsylvania Ave,car,75,69,5175,1.087,1,0.0,0.0,False
2026-08-15T19:26,1786821962.9,0bbea8bd-10f1-4126-b3c5-9e9432eab749,Atlantic Ave @ Pennsylvania Ave,car,116,113,13108,1.027,1,0.0,0.0,False
2026-08-15T19:26,1786821962.9,0bbea8bd-10f1-4126-b3c5-9e9432eab749,Atlantic Ave @ Pennsylvania Ave,car,26,15,390,1.733,1,0.0,0.0,False
2026-08-15T19:26,1786821948.9,0bbea8bd-10f1-4126-b3c5-9e9432eab749,Atlantic Ave @ Pennsylvania Ave,car,113,83,9379,1.361,11,225.0,0.07,False
2026-08-15T19:26,1786821950.9,0bbea8bd-10f1-4126-b3c5-9e9432eab749,Atlantic Ave @ Pennsylvania Ave,car,77,67,5159,1.149,10,78.7,0.28,False
2026-08-15T19:26,1786821952.9,0bbea8bd-10f1-4126-b3c5-9e9432eab749,Atlantic Ave @ Pennsylvania Ave,car,210,164,34440,1.28,9,121.0,0.36,False
2026-08-15T19:26,1786821956.9,0bbea8bd-10f1-4126-b3c5-9e9432eab749,Atlantic Ave @ Pennsylvania Ave,car,168,160,26880,1.05,7,338.8,18.23,True
2026-08-15T19:26,1786821958.9,0bbea8bd-10f1-4126-b3c5-9e9432eab749,Atlantic Ave @ Pennsylvania Ave,car,92,61,5612,1.508,6,169.0,3.16,False
2026-08-15T19:26,1786821958.9,0bbea8bd-10f1-4126-b3c5-9e9432eab749,Atlantic Ave @ Pennsylvania Ave,car,118,87,10266,1.356,6,230.8,3.48,False
2026-08-15T19:26,1786821960.9,0bbea8bd-10f1-4126-b3c5-9e9432eab749,Atlantic Ave @ Pennsylvania Ave,car,57,55,3135,1.036,5,65.5,6.32,True
2026-08-15T19:26,1786821962.9,0bbea8bd-10f1-4126-b3c5-9e9432eab749,Atlantic Ave @ Pennsylvania Ave,car,129,158,20382,0.816,2,101.0,57.56,False
2026-08-15T19:26,1786821962.9,0bbea8bd-10f1-4126-b3c5-9e9432eab749,Atlantic Ave @ Pennsylvania Ave,car,47,39,1833,1.205,2,308.0,14.6,False
2026-08-15T19:26,1786821964.9,0bbea8bd-10f1-4126-b3c5-9e9432eab749,Atlantic Ave @ Pennsylvania Ave,car,97,106,10282,0.915,3,255.1,11.64,False
2026-08-15T19:26,1786821964.9,0bbea8bd-10f1-4126-b3c5-9e9432eab749,Atlantic Ave @ Pennsylvania Ave,car,72,67,4824,1.075,2,301.3,13.46,False
2026-08-15T19:26,1786821966.9,0bbea8bd-10f1-4126-b3c5-9e9432eab749,Atlantic Ave @ Pennsylvania Ave,car,42,35,1470,1.2,2,197.1,6.8,False
2026-08-15T19:26,1786821966.9,0bbea8bd-10f1-4126-b3c5-9e9432eab749,Atlantic Ave @ Pennsylvania Ave,car,63,99,6237,0.636,1,0.0,0.0,False
2026-08-15T19:26,1786821966.9,0bbea8bd-10f1-4126-b3c5-9e9432eab749,Atlantic Ave @ Pennsylvania Ave,car,46,33,1518,1.394,1,0.0,0.0,False
2026-08-15T19:26,1786821966.9,0bbea8bd-10f1-4126-b3c5-9e9432eab749,Atlantic Ave @ Pennsylvania Ave,truck,222,209,46398,1.062,1,0.0,0.0,False
2026-08-15T19:26,1786821968.9,0bbea8bd-10f1-4126-b3c5-9e9432eab749,Atlantic Ave @ Pennsylvania Ave,car,37,32,1184,1.156,1,0.0,0.0,False
2026-08-15T19:26,1786821968.9,0bbea8bd-10f1-4126-b3c5-9e9432eab749,Atlantic Ave @ Pennsylvania Ave,car,11,46,506,0.239,1,0.0,0.0,False
2026-08-15T19:26,1786821968.9,0bbea8bd-10f1-4126-b3c5-9e9432eab749,Atlantic Ave @ Pennsylvania Ave,car,121,24,2904,5.042,1,0.0,0.0,False
2026-08-15T19:26,1786821968.9,0bbea8bd-10f1-4126-b3c5-9e9432eab749,Atlantic Ave @ Pennsylvania Ave,car,137,87,11919,1.575,1,0.0,0.0,False
2026-08-15T19:26,1786821968.9,0bbea8bd-10f1-4126-b3c5-9e9432eab749,Atlantic Ave @ Pennsylvania Ave,car,84,67,5628,1.254,1,0.0,0.0,False
2026-08-15T19:26,1786821968.9,0bbea8bd-10f1-4126-b3c5-9e9432eab749,Atlantic Ave @ Pennsylvania Ave,car,121,75,9075,1.613,1,0.0,0.0,False
2026-08-15T19:26,1786821968.9,0bbea8bd-10f1-4126-b3c5-9e9432eab749,Atlantic Ave @ Pennsylvania Ave,car,34,22,748,1.545,1,0.0,0.0,False
2026-08-15T19:26,1786821968.9,0bbea8bd-10f1-4126-b3c5-9e9432eab749,Atlantic Ave @ Pennsylvania Ave,car,61,40,2440,1.525,1,0.0,0.0,False
2026-08-15T19:26,1786821968.9,0bbea8bd-10f1-4126-b3c5-9e9432eab749,Atlantic Ave @ Pennsylvania Ave,car,81,73,5913,1.11,1,0.0,0.0,False
2026-08-15T19:26,1786821948.9,d401c83b-2f78-49dd-8974-14c819a992b2,C2-PE-05-Ctr_at_7th_Ave-Ex4,car,176,125,22000,1.408,1,0.0,0.0,False
2026-08-15T19:26,1786821948.9,d401c83b-2f78-49dd-8974-14c819a992b2,C2-PE-05-Ctr_at_7th_Ave-Ex4,car,127,122,15494,1.041,1,0.0,0.0,False
2026-08-15T19:26,1786821948.9,d401c83b-2f78-49dd-8974-14c819a992b2,C2-PE-05-Ctr_at_7th_Ave-Ex4,car,78,55,4290,1.418,1,0.0,0.0,False
2026-08-15T19:26,1786821948.9,d401c83b-2f78-49dd-8974-14c819a992b2,C2-PE-05-Ctr_at_7th_Ave-Ex4,truck,176,124,21824,1.419,1,0.0,0.0,False
2026-08-15T19:26,1786821950.9,d401c83b-2f78-49dd-8974-14c819a992b2,C2-PE-05-Ctr_at_7th_Ave-Ex4,car,80,79,6320,1.013,1,0.0,0.0,False
2026-08-15T19:26,1786821950.9,d401c83b-2f78-49dd-8974-14c819a992b2,C2-PE-05-Ctr_at_7th_Ave-Ex4,car,65,61,3965,1.066,1,0.0,0.0,False
2026-08-15T19:26,1786821954.9,d401c83b-2f78-49dd-8974-14c819a992b2,C2-PE-05-Ctr_at_7th_Ave-Ex4,car,148,99,14652,1.495,1,0.0,0.0,False
2026-08-15T19:26,1786821956.9,d401c83b-2f78-49dd-8974-14c819a992b2,C2-PE-05-Ctr_at_7th_Ave-Ex4,car,89,78,6942,1.141,1,0.0,0.0,False
2026-08-15T19:26,1786821956.9,d401c83b-2f78-49dd-8974-14c819a992b2,C2-PE-05-Ctr_at_7th_Ave-Ex4,car,180,94,16920,1.915,1,0.0,0.0,False
2026-08-15T19:26,1786821956.9,d401c83b-2f78-49dd-8974-14c819a992b2,C2-PE-05-Ctr_at_7th_Ave-Ex4,car,144,123,17712,1.171,1,0.0,0.0,False
2026-08-15T19:26,1786821958.9,d401c83b-2f78-49dd-8974-14c819a992b2,C2-PE-05-Ctr_at_7th_Ave-Ex4,car,145,101,14645,1.436,1,0.0,0.0,False
2026-08-15T19:26,1786821958.9,d401c83b-2f78-49dd-8974-14c819a992b2,C2-PE-05-Ctr_at_7th_Ave-Ex4,car,117,120,14040,0.975,1,0.0,0.0,False
2026-08-15T19:26,1786821958.9,d401c83b-2f78-49dd-8974-14c819a992b2,C2-PE-05-Ctr_at_7th_Ave-Ex4,car,80,69,5520,1.159,1,0.0,0.0,False
2026-08-15T19:26,1786821960.9,d401c83b-2f78-49dd-8974-14c819a992b2,C2-PE-05-Ctr_at_7th_Ave-Ex4,car,63,54,3402,1.167,1,0.0,0.0,False
2026-08-15T19:26,1786821962.9,d401c83b-2f78-49dd-8974-14c819a992b2,C2-PE-05-Ctr_at_7th_Ave-Ex4,car,171,94,16074,1.819,1,0.0,0.0,False
2026-08-15T19:26,1786821964.9,d401c83b-2f78-49dd-8974-14c819a992b2,C2-PE-05-Ctr_at_7th_Ave-Ex4,car,138,115,15870,1.2,1,0.0,0.0,False
2026-08-15T19:26,1786821964.9,d401c83b-2f78-49dd-8974-14c819a992b2,C2-PE-05-Ctr_at_7th_Ave-Ex4,moto,135,115,15525,1.174,2,294.0,19.7,False
2026-08-15T19:26,1786821968.9,d401c83b-2f78-49dd-8974-14c819a992b2,C2-PE-05-Ctr_at_7th_Ave-Ex4,car,99,92,9108,1.076,1,0.0,0.0,False
2026-08-15T19:26,1786821968.9,d401c83b-2f78-49dd-8974-14c819a992b2,C2-PE-05-Ctr_at_7th_Ave-Ex4,car,89,79,7031,1.127,1,0.0,0.0,False
2026-08-15T19:26,1786821968.9,d401c83b-2f78-49dd-8974-14c819a992b2,C2-PE-05-Ctr_at_7th_Ave-Ex4,car,134,116,15544,1.155,1,0.0,0.0,False
2026-08-15T19:26,1786821968.9,d401c83b-2f78-49dd-8974-14c819a992b2,C2-PE-05-Ctr_at_7th_Ave-Ex4,car,149,99,14751,1.505,1,0.0,0.0,False
2026-08-15T19:26,1786821968.9,d401c83b-2f78-49dd-8974-14c819a992b2,C2-PE-05-Ctr_at_7th_Ave-Ex4,car,41,36,1476,1.139,1,0.0,0.0,False
2026-08-15T19:26,1786821948.9,40961631-fb83-4f48-8ffb-3385448d4e5f,7 Ave @ 18 St,truck,93,67,6231,1.388,1,0.0,0.0,False
2026-08-15T19:26,1786821948.9,40961631-fb83-4f48-8ffb-3385448d4e5f,7 Ave @ 18 St,car,73,38,2774,1.921,1,0.0,0.0,False
2026-08-15T19:26,1786821948.9,40961631-fb83-4f48-8ffb-3385448d4e5f,7 Ave @ 18 St,car,24,16,384,1.5,1,0.0,0.0,False
2026-08-15T19:26,1786821948.9,40961631-fb83-4f48-8ffb-3385448d4e5f,7 Ave @ 18 St,truck,75,59,4425,1.271,1,0.0,0.0,False
2026-08-15T19:26,1786821950.9,40961631-fb83-4f48-8ffb-3385448d4e5f,7 Ave @ 18 St,car,31,19,589,1.632,1,0.0,0.0,False
2026-08-15T19:26,1786821950.9,40961631-fb83-4f48-8ffb-3385448d4e5f,7 Ave @ 18 St,car,74,43,3182,1.721,1,0.0,0.0,False
2026-08-15T19:26,1786821950.9,40961631-fb83-4f48-8ffb-3385448d4e5f,7 Ave @ 18 St,car,29,20,580,1.45,1,0.0,0.0,False
2026-08-15T19:26,1786821950.9,40961631-fb83-4f48-8ffb-3385448d4e5f,7 Ave @ 18 St,truck,74,43,3182,1.721,1,0.0,0.0,False
2026-08-15T19:26,1786821950.9,40961631-fb83-4f48-8ffb-3385448d4e5f,7 Ave @ 18 St,truck,46,33,1518,1.394,1,0.0,0.0,False
2026-08-15T19:26,1786821952.9,40961631-fb83-4f48-8ffb-3385448d4e5f,7 Ave @ 18 St,truck,54,37,1998,1.459,1,0.0,0.0,False
2026-08-15T19:26,1786821952.9,40961631-fb83-4f48-8ffb-3385448d4e5f,7 Ave @ 18 St,truck,76,43,3268,1.767,1,0.0,0.0,False
2026-08-15T19:26,1786821954.9,40961631-fb83-4f48-8ffb-3385448d4e5f,7 Ave @ 18 St,car,26,16,416,1.625,1,0.0,0.0,False
2026-08-15T19:26,1786821956.9,40961631-fb83-4f48-8ffb-3385448d4e5f,7 Ave @ 18 St,car,32,22,704,1.455,1,0.0,0.0,False
2026-08-15T19:26,1786821956.9,40961631-fb83-4f48-8ffb-3385448d4e5f,7 Ave @ 18 St,car,35,25,875,1.4,1,0.0,0.0,False
2026-08-15T19:26,1786821956.9,40961631-fb83-4f48-8ffb-3385448d4e5f,7 Ave @ 18 St,truck,42,27,1134,1.556,1,0.0,0.0,False
2026-08-15T19:26,1786821956.9,40961631-fb83-4f48-8ffb-3385448d4e5f,7 Ave @ 18 St,truck,40,35,1400,1.143,1,0.0,0.0,False
2026-08-15T19:26,1786821956.9,40961631-fb83-4f48-8ffb-3385448d4e5f,7 Ave @ 18 St,truck,34,23,782,1.478,1,0.0,0.0,False
2026-08-15T19:26,1786821958.9,40961631-fb83-4f48-8ffb-3385448d4e5f,7 Ave @ 18 St,truck,54,52,2808,1.038,1,0.0,0.0,False
2026-08-15T19:26,1786821960.9,40961631-fb83-4f48-8ffb-3385448d4e5f,7 Ave @ 18 St,car,20,14,280,1.429,2,180.0,2.0,False
2026-08-15T19:26,1786821962.9,40961631-fb83-4f48-8ffb-3385448d4e5f,7 Ave @ 18 St,truck,75,37,2775,2.027,1,0.0,0.0,False
2026-08-15T19:26,1786821962.9,40961631-fb83-4f48-8ffb-3385448d4e5f,7 Ave @ 18 St,car,30,32,960,0.938,1,0.0,0.0,False
2026-08-15T19:26,1786821964.9,40961631-fb83-4f48-8ffb-3385448d4e5f,7 Ave @ 18 St,car,89,42,3738,2.119,1,0.0,0.0,False
2026-08-15T19:26,1786821964.9,40961631-fb83-4f48-8ffb-3385448d4e5f,7 Ave @ 18 St,car,62,35,2170,1.771,1,0.0,0.0,False
2026-08-15T19:26,1786821964.9,40961631-fb83-4f48-8ffb-3385448d4e5f,7 Ave @ 18 St,car,34,25,850,1.36,1,0.0,0.0,False
2026-08-15T19:26,1786821964.9,40961631-fb83-4f48-8ffb-3385448d4e5f,7 Ave @ 18 St,car,25,19,475,1.316,1,0.0,0.0,False
2026-08-15T19:26,1786821964.9,40961631-fb83-4f48-8ffb-3385448d4e5f,7 Ave @ 18 St,car,29,18,522,1.611,1,0.0,0.0,False
2026-08-15T19:26,1786821964.9,40961631-fb83-4f48-8ffb-3385448d4e5f,7 Ave @ 18 St,car,25,16,400,1.562,1,0.0,0.0,False
2026-08-15T19:26,1786821964.9,40961631-fb83-4f48-8ffb-3385448d4e5f,7 Ave @ 18 St,car,15,20,300,0.75,1,0.0,0.0,False
2026-08-15T19:26,1786821964.9,40961631-fb83-4f48-8ffb-3385448d4e5f,7 Ave @ 18 St,car,29,27,783,1.074,1,0.0,0.0,False
2026-08-15T19:26,1786821964.9,40961631-fb83-4f48-8ffb-3385448d4e5f,7 Ave @ 18 St,truck,53,44,2332,1.205,1,0.0,0.0,False
2026-08-15T19:26,1786821948.9,f801cf2f-cd02-4077-aa53-99ee8a00e1ab,3 Ave @ Atlantic Ave,car,35,34,1190,1.029,1,0.0,0.0,False
2026-08-15T19:26,1786821948.9,f801cf2f-cd02-4077-aa53-99ee8a00e1ab,3 Ave @ Atlantic Ave,car,33,25,825,1.32,1,0.0,0.0,False
2026-08-15T19:26,1786821948.9,f801cf2f-cd02-4077-aa53-99ee8a00e1ab,3 Ave @ Atlantic Ave,car,79,58,4582,1.362,1,0.0,0.0,False
2026-08-15T19:26,1786821948.9,f801cf2f-cd02-4077-aa53-99ee8a00e1ab,3 Ave @ Atlantic Ave,truck,65,72,4680,0.903,1,0.0,0.0,False
2026-08-15T19:26,1786821948.9,f801cf2f-cd02-4077-aa53-99ee8a00e1ab,3 Ave @ Atlantic Ave,car,66,72,4752,0.917,1,0.0,0.0,False
2026-08-15T19:26,1786821950.9,f801cf2f-cd02-4077-aa53-99ee8a00e1ab,3 Ave @ Atlantic Ave,car,48,25,1200,1.92,1,0.0,0.0,False
2026-08-15T19:26,1786821950.9,f801cf2f-cd02-4077-aa53-99ee8a00e1ab,3 Ave @ Atlantic Ave,car,23,23,529,1.0,1,0.0,0.0,False
2026-08-15T19:26,1786821950.9,f801cf2f-cd02-4077-aa53-99ee8a00e1ab,3 Ave @ Atlantic Ave,car,23,28,644,0.821,1,0.0,0.0,False
2026-08-15T19:26,1786821948.9,f801cf2f-cd02-4077-aa53-99ee8a00e1ab,3 Ave @ Atlantic Ave,car,49,45,2205,1.089,3,309.8,1.95,False
2026-08-15T19:26,1786821948.9,f801cf2f-cd02-4077-aa53-99ee8a00e1ab,3 Ave @ Atlantic Ave,truck,99,65,6435,1.523,2,5.4,42.19,True
2026-08-15T19:26,1786821952.9,f801cf2f-cd02-4077-aa53-99ee8a00e1ab,3 Ave @ Atlantic Ave,car,50,46,2300,1.087,1,0.0,0.0,False
2026-08-15T19:26,1786821954.9,f801cf2f-cd02-4077-aa53-99ee8a00e1ab,3 Ave @ Atlantic Ave,car,25,26,650,0.962,1,0.0,0.0,False
2026-08-15T19:26,1786821952.9,f801cf2f-cd02-4077-aa53-99ee8a00e1ab,3 Ave @ Atlantic Ave,truck,72,80,5760,0.9,3,121.3,13.46,False
2026-08-15T19:26,1786821964.9,f801cf2f-cd02-4077-aa53-99ee8a00e1ab,3 Ave @ Atlantic Ave,car,34,24,816,1.417,2,0.0,1.0,False
2026-08-15T19:26,1786821964.9,f801cf2f-cd02-4077-aa53-99ee8a00e1ab,3 Ave @ Atlantic Ave,car,23,24,552,0.958,1,0.0,0.0,False
2026-08-15T19:26,1786821966.9,f801cf2f-cd02-4077-aa53-99ee8a00e1ab,3 Ave @ Atlantic Ave,car,80,64,5120,1.25,1,0.0,0.0,False
2026-08-15T19:26,1786821966.9,f801cf2f-cd02-4077-aa53-99ee8a00e1ab,3 Ave @ Atlantic Ave,moto,47,66,3102,0.712,1,0.0,0.0,False
2026-08-15T19:26,1786821948.9,ed0f8bd4-fe44-4f86-98a9-91f45b446200,3 Ave @ Union St,car,72,58,4176,1.241,1,0.0,0.0,False
2026-08-15T19:26,1786821948.9,ed0f8bd4-fe44-4f86-98a9-91f45b446200,3 Ave @ Union St,car,91,37,3367,2.459,1,0.0,0.0,False
2026-08-15T19:26,1786821948.9,ed0f8bd4-fe44-4f86-98a9-91f45b446200,3 Ave @ Union St,car,56,36,2016,1.556,1,0.0,0.0,False
2026-08-15T19:26,1786821950.9,ed0f8bd4-fe44-4f86-98a9-91f45b446200,3 Ave @ Union St,truck,75,77,5775,0.974,1,0.0,0.0,False
2026-08-15T19:26,1786821954.9,ed0f8bd4-fe44-4f86-98a9-91f45b446200,3 Ave @ Union St,truck,108,66,7128,1.636,1,0.0,0.0,False
2026-08-15T19:26,1786821956.9,ed0f8bd4-fe44-4f86-98a9-91f45b446200,3 Ave @ Union St,car,35,22,770,1.591,1,0.0,0.0,False
2026-08-15T19:26,1786821960.9,ed0f8bd4-fe44-4f86-98a9-91f45b446200,3 Ave @ Union St,car,55,42,2310,1.31,1,0.0,0.0,False
2026-08-15T19:26,1786821948.9,ed0f8bd4-fe44-4f86-98a9-91f45b446200,3 Ave @ Union St,truck,80,73,5840,1.096,9,90.0,0.12,False
2026-08-15T19:26,1786821950.9,ed0f8bd4-fe44-4f86-98a9-91f45b446200,3 Ave @ Union St,truck,86,97,8342,0.887,9,17.6,5.38,True
2026-08-15T19:26,1786821956.9,ed0f8bd4-fe44-4f86-98a9-91f45b446200,3 Ave @ Union St,truck,102,114,11628,0.895,3,342.1,40.72,True
2026-08-15T19:26,1786821958.9,ed0f8bd4-fe44-4f86-98a9-91f45b446200,3 Ave @ Union St,car,92,74,6808,1.243,2,307.0,43.2,True
2026-08-15T19:26,1786821962.9,ed0f8bd4-fe44-4f86-98a9-91f45b446200,3 Ave @ Union St,truck,109,88,9592,1.239,3,147.3,20.8,False
2026-08-15T19:26,1786821964.9,ed0f8bd4-fe44-4f86-98a9-91f45b446200,3 Ave @ Union St,truck,68,48,3264,1.417,2,90.0,0.5,False
2026-08-15T19:26,1786821966.9,ed0f8bd4-fe44-4f86-98a9-91f45b446200,3 Ave @ Union St,car,109,87,9483,1.253,1,0.0,0.0,False
2026-08-15T19:26,1786821948.9,2e0d5197-6073-411f-9d1a-326b30841679,Flushing Ave @ Williamsburg W St,car,57,15,855,3.8,1,0.0,0.0,False
2026-08-15T19:26,1786821948.9,2e0d5197-6073-411f-9d1a-326b30841679,Flushing Ave @ Williamsburg W St,car,28,14,392,2.0,1,0.0,0.0,False
2026-08-15T19:26,1786821948.9,2e0d5197-6073-411f-9d1a-326b30841679,Flushing Ave @ Williamsburg W St,car,39,22,858,1.773,2,341.6,1.58,False
2026-08-15T19:26,1786821950.9,2e0d5197-6073-411f-9d1a-326b30841679,Flushing Ave @ Williamsburg W St,car,46,43,1978,1.07,1,0.0,0.0,False
2026-08-15T19:26,1786821950.9,2e0d5197-6073-411f-9d1a-326b30841679,Flushing Ave @ Williamsburg W St,car,34,33,1122,1.03,1,0.0,0.0,False
2026-08-15T19:26,1786821948.9,2e0d5197-6073-411f-9d1a-326b30841679,Flushing Ave @ Williamsburg W St,car,39,18,702,2.167,3,315.0,0.35,False
2026-08-15T19:26,1786821952.9,2e0d5197-6073-411f-9d1a-326b30841679,Flushing Ave @ Williamsburg W St,truck,95,79,7505,1.203,2,212.2,20.67,False
2026-08-15T19:26,1786821952.9,2e0d5197-6073-411f-9d1a-326b30841679,Flushing Ave @ Williamsburg W St,car,48,29,1392,1.655,2,173.7,9.06,False
2026-08-15T19:26,1786821952.9,2e0d5197-6073-411f-9d1a-326b30841679,Flushing Ave @ Williamsburg W St,truck,80,72,5760,1.111,2,20.6,29.9,False
2026-08-15T19:26,1786821954.9,2e0d5197-6073-411f-9d1a-326b30841679,Flushing Ave @ Williamsburg W St,car,246,108,26568,2.278,1,0.0,0.0,False
2026-08-15T19:26,1786821954.9,2e0d5197-6073-411f-9d1a-326b30841679,Flushing Ave @ Williamsburg W St,car,10,59,590,0.169,1,0.0,0.0,False
2026-08-15T19:26,1786821948.9,2e0d5197-6073-411f-9d1a-326b30841679,Flushing Ave @ Williamsburg W St,car,69,44,3036,1.568,5,239.0,1.46,False
2026-08-15T19:26,1786821952.9,2e0d5197-6073-411f-9d1a-326b30841679,Flushing Ave @ Williamsburg W St,car,109,99,10791,1.101,2,67.0,35.85,False
2026-08-15T19:26,1786821956.9,2e0d5197-6073-411f-9d1a-326b30841679,Flushing Ave @ Williamsburg W St,car,101,73,7373,1.384,1,0.0,0.0,False
2026-08-15T19:26,1786821956.9,2e0d5197-6073-411f-9d1a-326b30841679,Flushing Ave @ Williamsburg W St,truck,101,74,7474,1.365,1,0.0,0.0,False
2026-08-15T19:26,1786821954.9,2e0d5197-6073-411f-9d1a-326b30841679,Flushing Ave @ Williamsburg W St,car,120,30,3600,4.0,2,177.0,9.51,False
2026-08-15T19:26,1786821962.9,2e0d5197-6073-411f-9d1a-326b30841679,Flushing Ave @ Williamsburg W St,car,59,50,2950,1.18,2,156.0,4.92,False
2026-08-15T19:26,1786821962.9,2e0d5197-6073-411f-9d1a-326b30841679,Flushing Ave @ Williamsburg W St,car,49,35,1715,1.4,1,0.0,0.0,False
2026-08-15T19:26,1786821962.9,2e0d5197-6073-411f-9d1a-326b30841679,Flushing Ave @ Williamsburg W St,car,38,29,1102,1.31,1,0.0,0.0,False
2026-08-15T19:26,1786821962.9,2e0d5197-6073-411f-9d1a-326b30841679,Flushing Ave @ Williamsburg W St,car,31,23,713,1.348,1,0.0,0.0,False
2026-08-15T19:26,1786821962.9,2e0d5197-6073-411f-9d1a-326b30841679,Flushing Ave @ Williamsburg W St,car,28,13,364,2.154,1,0.0,0.0,False
2026-08-15T19:26,1786821964.9,2e0d5197-6073-411f-9d1a-326b30841679,Flushing Ave @ Williamsburg W St,bus,309,191,59019,1.618,1,0.0,0.0,False
2026-08-15T19:26,1786821964.9,2e0d5197-6073-411f-9d1a-326b30841679,Flushing Ave @ Williamsburg W St,truck,117,137,16029,0.854,2,202.5,44.38,False
2026-08-15T19:26,1786821964.9,2e0d5197-6073-411f-9d1a-326b30841679,Flushing Ave @ Williamsburg W St,car,109,105,11445,1.038,1,0.0,0.0,False
2026-08-15T19:26,1786821964.9,2e0d5197-6073-411f-9d1a-326b30841679,Flushing Ave @ Williamsburg W St,truck,50,57,2850,0.877,1,0.0,0.0,False
2026-08-15T19:26,1786821966.9,2e0d5197-6073-411f-9d1a-326b30841679,Flushing Ave @ Williamsburg W St,car,129,130,16770,0.992,1,0.0,0.0,False
2026-08-15T19:26,1786821966.9,2e0d5197-6073-411f-9d1a-326b30841679,Flushing Ave @ Williamsburg W St,car,67,49,3283,1.367,1,0.0,0.0,False
2026-08-15T19:26,1786821948.9,9a01683c-321a-421b-b9c3-056bbf851f25,C2-PE-06-WB_at_6th_Ave-Ex2,car,101,81,8181,1.247,1,0.0,0.0,False
2026-08-15T19:26,1786821948.9,9a01683c-321a-421b-b9c3-056bbf851f25,C2-PE-06-WB_at_6th_Ave-Ex2,car,50,43,2150,1.163,1,0.0,0.0,False
2026-08-15T19:26,1786821948.9,9a01683c-321a-421b-b9c3-056bbf851f25,C2-PE-06-WB_at_6th_Ave-Ex2,car,113,91,10283,1.242,1,0.0,0.0,False
2026-08-15T19:26,1786821948.9,9a01683c-321a-421b-b9c3-056bbf851f25,C2-PE-06-WB_at_6th_Ave-Ex2,truck,113,90,10170,1.256,2,145.9,20.52,False
2026-08-15T19:26,1786821950.9,9a01683c-321a-421b-b9c3-056bbf851f25,C2-PE-06-WB_at_6th_Ave-Ex2,car,83,66,5478,1.258,1,0.0,0.0,False
2026-08-15T19:26,1786821950.9,9a01683c-321a-421b-b9c3-056bbf851f25,C2-PE-06-WB_at_6th_Ave-Ex2,car,76,78,5928,0.974,1,0.0,0.0,False
2026-08-15T19:26,1786821950.9,9a01683c-321a-421b-b9c3-056bbf851f25,C2-PE-06-WB_at_6th_Ave-Ex2,car,49,40,1960,1.225,1,0.0,0.0,False
2026-08-15T19:26,1786821950.9,9a01683c-321a-421b-b9c3-056bbf851f25,C2-PE-06-WB_at_6th_Ave-Ex2,car,126,55,6930,2.291,1,0.0,0.0,False
2026-08-15T19:26,1786821954.9,9a01683c-321a-421b-b9c3-056bbf851f25,C2-PE-06-WB_at_6th_Ave-Ex2,car,103,84,8652,1.226,1,0.0,0.0,False
2026-08-15T19:26,1786821954.9,9a01683c-321a-421b-b9c3-056bbf851f25,C2-PE-06-WB_at_6th_Ave-Ex2,car,108,89,9612,1.213,1,0.0,0.0,False
2026-08-15T19:26,1786821956.9,9a01683c-321a-421b-b9c3-056bbf851f25,C2-PE-06-WB_at_6th_Ave-Ex2,car,87,70,6090,1.243,1,0.0,0.0,False
2026-08-15T19:26,1786821956.9,9a01683c-321a-421b-b9c3-056bbf851f25,C2-PE-06-WB_at_6th_Ave-Ex2,car,93,76,7068,1.224,2,332.0,43.62,True
2026-08-15T19:26,1786821958.9,9a01683c-321a-421b-b9c3-056bbf851f25,C2-PE-06-WB_at_6th_Ave-Ex2,car,79,69,5451,1.145,1,0.0,0.0,False
2026-08-15T19:26,1786821958.9,9a01683c-321a-421b-b9c3-056bbf851f25,C2-PE-06-WB_at_6th_Ave-Ex2,car,50,35,1750,1.429,1,0.0,0.0,False
2026-08-15T19:26,1786821958.9,9a01683c-321a-421b-b9c3-056bbf851f25,C2-PE-06-WB_at_6th_Ave-Ex2,truck,56,51,2856,1.098,1,0.0,0.0,False
2026-08-15T19:26,1786821960.9,9a01683c-321a-421b-b9c3-056bbf851f25,C2-PE-06-WB_at_6th_Ave-Ex2,car,74,62,4588,1.194,1,0.0,0.0,False
2026-08-15T19:26,1786821960.9,9a01683c-321a-421b-b9c3-056bbf851f25,C2-PE-06-WB_at_6th_Ave-Ex2,car,46,32,1472,1.438,1,0.0,0.0,False
2026-08-15T19:26,1786821960.9,9a01683c-321a-421b-b9c3-056bbf851f25,C2-PE-06-WB_at_6th_Ave-Ex2,car,82,45,3690,1.822,1,0.0,0.0,False
2026-08-15T19:26,1786821960.9,9a01683c-321a-421b-b9c3-056bbf851f25,C2-PE-06-WB_at_6th_Ave-Ex2,car,59,47,2773,1.255,1,0.0,0.0,False
2026-08-15T19:26,1786821960.9,9a01683c-321a-421b-b9c3-056bbf851f25,C2-PE-06-WB_at_6th_Ave-Ex2,car,61,23,1403,2.652,1,0.0,0.0,False
2026-08-15T19:26,1786821960.9,9a01683c-321a-421b-b9c3-056bbf851f25,C2-PE-06-WB_at_6th_Ave-Ex2,car,58,47,2726,1.234,1,0.0,0.0,False
2026-08-15T19:26,1786821956.9,9a01683c-321a-421b-b9c3-056bbf851f25,C2-PE-06-WB_at_6th_Ave-Ex2,car,32,33,1056,0.97,3,161.6,3.95,False
2026-08-15T19:26,1786821958.9,9a01683c-321a-421b-b9c3-056bbf851f25,C2-PE-06-WB_at_6th_Ave-Ex2,car,123,88,10824,1.398,2,37.2,36.4,False
2026-08-15T19:26,1786821960.9,9a01683c-321a-421b-b9c3-056bbf851f25,C2-PE-06-WB_at_6th_Ave-Ex2,bus,271,181,49051,1.497,2,13.5,79.19,False
2026-08-15T19:26,1786821962.9,9a01683c-321a-421b-b9c3-056bbf851f25,C2-PE-06-WB_at_6th_Ave-Ex2,car,73,59,4307,1.237,1,0.0,0.0,False
2026-08-15T19:26,1786821962.9,9a01683c-321a-421b-b9c3-056bbf851f25,C2-PE-06-WB_at_6th_Ave-Ex2,car,119,97,11543,1.227,1,0.0,0.0,False
2026-08-15T19:26,1786821962.9,9a01683c-321a-421b-b9c3-056bbf851f25,C2-PE-06-WB_at_6th_Ave-Ex2,car,59,54,3186,1.093,1,0.0,0.0,False
2026-08-15T19:26,1786821962.9,9a01683c-321a-421b-b9c3-056bbf851f25,C2-PE-06-WB_at_6th_Ave-Ex2,car,39,29,1131,1.345,1,0.0,0.0,False
2026-08-15T19:26,1786821962.9,9a01683c-321a-421b-b9c3-056bbf851f25,C2-PE-06-WB_at_6th_Ave-Ex2,car,60,39,2340,1.538,1,0.0,0.0,False
2026-08-15T19:26,1786821962.9,9a01683c-321a-421b-b9c3-056bbf851f25,C2-PE-06-WB_at_6th_Ave-Ex2,car,44,31,1364,1.419,1,0.0,0.0,False
2026-08-15T19:26,1786821964.9,9a01683c-321a-421b-b9c3-056bbf851f25,C2-PE-06-WB_at_6th_Ave-Ex2,car,56,42,2352,1.333,1,0.0,0.0,False
2026-08-15T19:26,1786821964.9,9a01683c-321a-421b-b9c3-056bbf851f25,C2-PE-06-WB_at_6th_Ave-Ex2,car,88,58,5104,1.517,1,0.0,0.0,False
2026-08-15T19:26,1786821964.9,9a01683c-321a-421b-b9c3-056bbf851f25,C2-PE-06-WB_at_6th_Ave-Ex2,car,57,45,2565,1.267,1,0.0,0.0,False
2026-08-15T19:26,1786821966.9,9a01683c-321a-421b-b9c3-056bbf851f25,C2-PE-06-WB_at_6th_Ave-Ex2,car,74,59,4366,1.254,1,0.0,0.0,False
2026-08-15T19:26,1786821966.9,9a01683c-321a-421b-b9c3-056bbf851f25,C2-PE-06-WB_at_6th_Ave-Ex2,car,70,49,3430,1.429,1,0.0,0.0,False
2026-08-15T19:26,1786821966.9,9a01683c-321a-421b-b9c3-056bbf851f25,C2-PE-06-WB_at_6th_Ave-Ex2,car,72,42,3024,1.714,1,0.0,0.0,False
2026-08-15T19:26,1786821966.9,9a01683c-321a-421b-b9c3-056bbf851f25,C2-PE-06-WB_at_6th_Ave-Ex2,car,64,74,4736,0.865,1,0.0,0.0,False
2026-08-15T19:26,1786821968.9,9a01683c-321a-421b-b9c3-056bbf851f25,C2-PE-06-WB_at_6th_Ave-Ex2,car,91,70,6370,1.3,1,0.0,0.0,False
2026-08-15T19:26,1786821968.9,9a01683c-321a-421b-b9c3-056bbf851f25,C2-PE-06-WB_at_6th_Ave-Ex2,car,94,92,8648,1.022,1,0.0,0.0,False
2026-08-15T19:26,1786821968.9,9a01683c-321a-421b-b9c3-056bbf851f25,C2-PE-06-WB_at_6th_Ave-Ex2,car,34,28,952,1.214,1,0.0,0.0,False
